time,target,predicted_class,selected,confidence,probability_margin,down_probability,neutral_probability,up_probability,actual_name,predicted_name,correct
2026-05-22 04:30:00+00:00,0,2,False,0.4734865782316177,0.10716596137293,0.3663206168586877,0.16019280490969445,0.4734865782316177,DOWN,UP,False
2026-05-22 05:30:00+00:00,0,2,False,0.6604578559390096,0.43482811009857736,0.22562974584043224,0.11391239822055804,0.6604578559390096,DOWN,UP,False
2026-05-22 06:30:00+00:00,1,2,False,0.6975996892567031,0.5211414250060655,0.17645826425063757,0.12594204649265936,0.6975996892567031,NEUTRAL,UP,False
2026-05-22 07:30:00+00:00,2,2,True,0.7560697378219379,0.5688185550805028,0.18725118274143504,0.056679079436627026,0.7560697378219379,UP,UP,True
2026-05-22 08:30:00+00:00,2,2,False,0.6202594454193675,0.3680244010060332,0.25223504441333433,0.12750551016729825,0.6202594454193675,UP,UP,True
2026-05-22 09:30:00+00:00,2,2,False,0.5051255193576065,0.12080684087538046,0.38431867848222606,0.11055580216016743,0.5051255193576065,UP,UP,True
2026-05-22 10:30:00+00:00,0,0,False,0.4152667116565646,0.05104612164731703,0.4152667116565646,0.2205126983341879,0.36422059000924756,DOWN,DOWN,True
2026-05-22 11:30:00+00:00,2,2,False,0.42888836925390067,0.0199957935357718,0.40889257571812887,0.16221905502797038,0.42888836925390067,UP,UP,True
2026-05-22 12:30:00+00:00,1,2,False,0.3617393386274859,0.015585995697837751,0.34615334292964817,0.2921073184428658,0.3617393386274859,NEUTRAL,UP,False
2026-05-22 13:30:00+00:00,1,2,False,0.395524408379527,0.023450140959146437,0.3720742674203806,0.23240132420009252,0.395524408379527,NEUTRAL,UP,False
2026-05-22 14:30:00+00:00,0,0,False,0.5489837573363573,0.25574772608076796,0.5489837573363573,0.15778021140805326,0.29323603125558934,DOWN,DOWN,True
2026-05-22 15:30:00+00:00,0,2,False,0.530221913572469,0.22638650405990535,0.3038354095125636,0.16594267691496747,0.530221913572469,DOWN,UP,False
2026-05-22 16:30:00+00:00,2,2,False,0.4631602606437873,0.10551988037153498,0.3576403802722523,0.17919935908396045,0.4631602606437873,UP,UP,True
2026-05-22 17:30:00+00:00,2,0,False,0.5271659930879652,0.2334115830266068,0.5271659930879652,0.17907959685067634,0.2937544100613584,UP,DOWN,False
2026-05-22 18:30:00+00:00,2,0,False,0.41904365557627055,0.08808402404435384,0.41904365557627055,0.24999671289181263,0.3309596315319167,UP,DOWN,False
2026-05-22 19:30:00+00:00,0,0,False,0.475429082359269,0.18636657352905522,0.475429082359269,0.23550840881051718,0.2890625088302138,DOWN,DOWN,True
2026-05-22 20:30:00+00:00,2,0,False,0.4613444710859991,0.18890023228875907,0.4613444710859991,0.27244423879724,0.26621129011676087,UP,DOWN,False
2026-05-22 21:30:00+00:00,1,2,False,0.5143225294685996,0.24490464330898087,0.2162595843717817,0.2694178861596187,0.5143225294685996,NEUTRAL,UP,False
2026-05-22 22:30:00+00:00,2,2,False,0.6455621495265741,0.4521967165784415,0.1610724175252933,0.19336543294813258,0.6455621495265741,UP,UP,True
2026-05-22 23:30:00+00:00,0,0,True,0.7545208093653958,0.5575260396719248,0.7545208093653958,0.04848442094113323,0.19699476969347093,DOWN,DOWN,True
2026-05-25 00:30:00+00:00,2,2,False,0.49039933301453054,0.05166617998400136,0.4387331530305292,0.0708675139549403,0.49039933301453054,UP,UP,True
2026-05-25 01:30:00+00:00,2,2,False,0.4288959565787236,0.034409442347452135,0.39448651423127146,0.1766175291900049,0.4288959565787236,UP,UP,True
2026-05-25 02:30:00+00:00,2,0,False,0.4637686013783458,0.05593106830625899,0.4637686013783458,0.12839386554956747,0.4078375330720868,UP,DOWN,False
2026-05-25 03:30:00+00:00,0,0,False,0.5057866455192144,0.10131999707180167,0.5057866455192144,0.08974670603337292,0.4044666484474127,DOWN,DOWN,True
2026-05-25 04:30:00+00:00,2,0,False,0.4812895755856632,0.17977761002687842,0.4812895755856632,0.217198458855552,0.3015119655587848,UP,DOWN,False
2026-05-25 05:30:00+00:00,2,0,False,0.502795086793625,0.2342286378963564,0.502795086793625,0.22863846430910656,0.26856644889726855,UP,DOWN,False
2026-05-25 06:30:00+00:00,2,2,False,0.7168008366770546,0.5420647156710566,0.17473612100599803,0.10846304231694733,0.7168008366770546,UP,UP,True
2026-05-25 07:30:00+00:00,0,2,True,0.78068279299005,0.6266942728393593,0.15398852015069064,0.06532868685925934,0.78068279299005,DOWN,UP,False
2026-05-25 08:30:00+00:00,2,2,True,0.8370300467474479,0.7163699201824062,0.12066012656504167,0.04230982668751036,0.8370300467474479,UP,UP,True
2026-05-25 09:30:00+00:00,2,2,True,0.7960609917833,0.6612963364798605,0.1347646553034395,0.0691743529132605,0.7960609917833,UP,UP,True
2026-05-25 10:30:00+00:00,0,2,False,0.6177993395570441,0.3087143952490616,0.30908494430798256,0.07311571613497338,0.6177993395570441,DOWN,UP,False
2026-05-25 11:30:00+00:00,1,2,False,0.6653515220632379,0.4253723888436537,0.09466934471717785,0.2399791332195842,0.6653515220632379,NEUTRAL,UP,False
2026-05-25 12:30:00+00:00,2,2,False,0.7295963427002613,0.5785571926112897,0.15103915008897162,0.11936450721076694,0.7295963427002613,UP,UP,True
2026-05-25 13:30:00+00:00,0,2,False,0.726085004952999,0.5862156810602362,0.13986932389276274,0.13404567115423824,0.726085004952999,DOWN,UP,False
2026-05-25 14:30:00+00:00,0,2,False,0.7314934360114783,0.5806208565120485,0.11763398448909189,0.15087257949942978,0.7314934360114783,DOWN,UP,False
2026-05-25 15:30:00+00:00,1,2,False,0.7304684830947016,0.5939180244267618,0.13655045866793977,0.13298105823735862,0.7304684830947016,NEUTRAL,UP,False
2026-05-25 16:30:00+00:00,2,2,True,0.7899192339391368,0.6846238343002939,0.10529539963884285,0.10478536642202026,0.7899192339391368,UP,UP,True
2026-05-25 17:30:00+00:00,0,2,True,0.7969832277786065,0.6780395822766649,0.11894364550194161,0.08407312671945197,0.7969832277786065,DOWN,UP,False
2026-05-25 18:30:00+00:00,2,2,False,0.6743481114244234,0.42491162286287415,0.07621540001402731,0.24943648856154926,0.6743481114244234,UP,UP,True
2026-05-25 19:30:00+00:00,0,2,False,0.7219736504166916,0.5496322687815014,0.1723413816351902,0.1056849679481183,0.7219736504166916,DOWN,UP,False
2026-05-25 20:30:00+00:00,2,2,False,0.7077669218460547,0.49484028255500284,0.21292663929105188,0.07930643886289342,0.7077669218460547,UP,UP,True
2026-05-25 21:30:00+00:00,2,2,False,0.6243248143598331,0.35922767042516424,0.2650971439346689,0.110578041705498,0.6243248143598331,UP,UP,True
2026-05-25 22:30:00+00:00,2,2,False,0.6666301743845744,0.44154838743617314,0.22508178694840125,0.10828803866702441,0.6666301743845744,UP,UP,True
2026-05-25 23:30:00+00:00,0,0,True,0.835419330915627,0.7495790861101453,0.835419330915627,0.08584024480548172,0.07874042427889118,DOWN,DOWN,True
2026-05-26 00:30:00+00:00,2,2,False,0.6916755293116124,0.536563830469729,0.15511169884188336,0.15321277184650425,0.6916755293116124,UP,UP,True
2026-05-26 01:30:00+00:00,2,2,True,0.7683117182857497,0.6169651141012698,0.15134660418447998,0.08034167752977031,0.7683117182857497,UP,UP,True
2026-05-26 02:30:00+00:00,1,2,False,0.6136939988423218,0.32096739729381535,0.29272660154850644,0.09357939960917183,0.6136939988423218,NEUTRAL,UP,False
2026-05-26 03:30:00+00:00,1,2,False,0.5416741376167211,0.19370284274779181,0.3479712948689293,0.11035456751434958,0.5416741376167211,NEUTRAL,UP,False
2026-05-26 04:30:00+00:00,0,2,False,0.6286208111333809,0.38378614232558583,0.24483466880779503,0.1265445200588241,0.6286208111333809,DOWN,UP,False
2026-05-26 05:30:00+00:00,0,2,False,0.700824201250051,0.5322261882257384,0.16859801302431257,0.1305777857256364,0.700824201250051,DOWN,UP,False
2026-05-26 06:30:00+00:00,2,2,False,0.6713597734539883,0.502407148239884,0.15968760133190738,0.1689526252141044,0.6713597734539883,UP,UP,True
2026-05-26 07:30:00+00:00,2,2,True,0.8119632957513057,0.6905268434769112,0.1214364522743945,0.06660025197429979,0.8119632957513057,UP,UP,True
2026-05-26 08:30:00+00:00,2,2,False,0.6531170557471995,0.42598191815626907,0.22713513759093043,0.11974780666187008,0.6531170557471995,UP,UP,True
2026-05-26 09:30:00+00:00,2,0,False,0.5880376537580716,0.27234681883139933,0.5880376537580716,0.0962715113152562,0.31569083492667227,UP,DOWN,False
2026-05-26 10:30:00+00:00,2,0,False,0.5687786457995402,0.2752021113198395,0.5687786457995402,0.13764481972075907,0.29357653447970067,UP,DOWN,False
2026-05-26 11:30:00+00:00,0,0,False,0.48273293897373537,0.2061513189002206,0.48273293897373537,0.24068544095274982,0.2765816200735148,DOWN,DOWN,True
2026-05-26 12:30:00+00:00,0,0,False,0.599741071900596,0.37459604913026306,0.599741071900596,0.17511390532907112,0.22514502277033294,DOWN,DOWN,True
2026-05-26 13:30:00+00:00,2,2,False,0.6522625959075296,0.4752053383741224,0.1706801465590634,0.17705725753340715,0.6522625959075296,UP,UP,True
2026-05-26 14:30:00+00:00,2,2,False,0.6203906829218631,0.37157732472398697,0.2488133581978761,0.13079595888026085,0.6203906829218631,UP,UP,True
2026-05-26 15:30:00+00:00,2,0,False,0.40985743132814767,0.06814826226564158,0.40985743132814767,0.24843339960934635,0.3417091690625061,UP,DOWN,False
2026-05-26 16:30:00+00:00,0,0,False,0.4661444217846832,0.15001865825672084,0.4661444217846832,0.2177298146873543,0.31612576352796234,DOWN,DOWN,True
2026-05-26 17:30:00+00:00,2,2,False,0.509226620881207,0.1826265239051454,0.32660009697606157,0.16417328214273139,0.509226620881207,UP,UP,True
2026-05-26 18:30:00+00:00,0,2,False,0.4327483849724441,0.1019741644117152,0.3307742205607289,0.23647739446682686,0.4327483849724441,DOWN,UP,False
2026-05-26 19:30:00+00:00,2,2,False,0.5517127756952441,0.3080550734198506,0.2436577022753935,0.20462952202936244,0.5517127756952441,UP,UP,True
2026-05-26 20:30:00+00:00,2,1,False,0.39134310063097877,0.02453868009081467,0.24185247882885713,0.39134310063097877,0.3668044205401641,UP,NEUTRAL,False
2026-05-26 21:30:00+00:00,0,1,False,0.4022553064149862,0.025825574225927517,0.2213149613959551,0.4022553064149862,0.3764297321890587,DOWN,NEUTRAL,False
2026-05-26 22:30:00+00:00,1,2,False,0.5373862576835532,0.20900896790054563,0.13423645253343933,0.32837728978300756,0.5373862576835532,NEUTRAL,UP,False
2026-05-26 23:30:00+00:00,0,0,True,0.8059154728297424,0.6787534616509666,0.8059154728297424,0.12716201117877576,0.06692251599148172,DOWN,DOWN,True
2026-05-27 00:30:00+00:00,2,2,False,0.4854884204596287,0.08298551771448087,0.40250290274514783,0.11200867679522335,0.4854884204596287,UP,UP,True
2026-05-27 01:30:00+00:00,0,2,False,0.7155790797437923,0.48088765137414713,0.2346914283696452,0.04972949188656242,0.7155790797437923,DOWN,UP,False
2026-05-27 02:30:00+00:00,0,2,False,0.6858248947262069,0.45292972407479604,0.23289517065141085,0.0812799346223823,0.6858248947262069,DOWN,UP,False
2026-05-27 03:30:00+00:00,2,2,False,0.7238187947912588,0.5024588025579706,0.2213599922332882,0.05482121297545295,0.7238187947912588,UP,UP,True
2026-05-27 04:30:00+00:00,1,2,False,0.6411043859985852,0.38081577409309536,0.26028861190548985,0.09860700209592488,0.6411043859985852,NEUTRAL,UP,False
2026-05-27 05:30:00+00:00,0,2,False,0.718526604678042,0.5205767690929247,0.19794983558511725,0.08352355973684081,0.718526604678042,DOWN,UP,False
2026-05-27 06:30:00+00:00,2,2,True,0.7745319017404246,0.6266837783110448,0.14784812342937986,0.07761997483019539,0.7745319017404246,UP,UP,True
2026-05-27 07:30:00+00:00,2,2,True,0.8128387606700882,0.6897544427667591,0.12308431790332905,0.06407692142658278,0.8128387606700882,UP,UP,True
2026-05-27 08:30:00+00:00,2,2,False,0.6877178306654053,0.5152969751473594,0.17242085551804584,0.13986131381654884,0.6877178306654053,UP,UP,True
2026-05-27 09:30:00+00:00,0,0,False,0.4491819270872489,0.08913037610450975,0.4491819270872489,0.19076652193001192,0.36005155098273917,DOWN,DOWN,True
2026-05-27 10:30:00+00:00,2,0,False,0.4658042535824031,0.03581607870394249,0.4658042535824031,0.1042075715391363,0.42998817487846064,UP,DOWN,False
2026-05-27 11:30:00+00:00,0,0,False,0.5418493333785045,0.30071488026889664,0.5418493333785045,0.24113445310960785,0.2170162135118876,DOWN,DOWN,True
2026-05-27 12:30:00+00:00,2,2,False,0.5616507608783791,0.31308177074865484,0.24856899012972425,0.1897802489918967,0.5616507608783791,UP,UP,True
2026-05-27 13:30:00+00:00,2,2,False,0.4604417125781148,0.1658069553135288,0.24492353015729923,0.294634757264586,0.4604417125781148,UP,UP,True
2026-05-27 14:30:00+00:00,0,0,False,0.5002801363216498,0.21729478244469114,0.5002801363216498,0.2167345098013916,0.28298535387695867,DOWN,DOWN,True
2026-05-27 15:30:00+00:00,2,0,False,0.39486413678845134,0.06430955111401843,0.39486413678845134,0.3305545856744329,0.2745812775371157,UP,DOWN,False
2026-05-27 16:30:00+00:00,2,2,False,0.49380034051498284,0.1698233287290718,0.32397701178591104,0.1822226476991062,0.49380034051498284,UP,UP,True
2026-05-27 17:30:00+00:00,1,2,False,0.4962247996386294,0.1436034857124303,0.3526213139261991,0.15115388643517141,0.4962247996386294,NEUTRAL,UP,False
2026-05-27 18:30:00+00:00,2,2,False,0.4076547621120025,0.09854868965149083,0.3091060724605117,0.28323916542748584,0.4076547621120025,UP,UP,True
2026-05-27 19:30:00+00:00,2,0,False,0.37224056038803965,0.011590575320578833,0.37224056038803965,0.2671094545444995,0.3606499850674608,UP,DOWN,False
2026-05-27 20:30:00+00:00,0,1,False,0.4185070474888942,0.12494091229017334,0.2935661351987209,0.4185070474888942,0.287926817312385,DOWN,NEUTRAL,False
2026-05-27 21:30:00+00:00,0,1,False,0.3520661173009256,0.003957878767270495,0.2998256441654193,0.3520661173009256,0.3481082385336551,DOWN,NEUTRAL,False
2026-05-27 22:30:00+00:00,2,2,False,0.4441491023925367,0.10199550733019686,0.21369730254512354,0.34215359506233983,0.4441491023925367,UP,UP,True
2026-05-27 23:30:00+00:00,0,0,False,0.7333063886738506,0.5092601357653886,0.7333063886738506,0.22404625290846195,0.04264735841768729,DOWN,DOWN,True
2026-05-28 00:30:00+00:00,2,2,False,0.44306056201495425,0.03009627311730695,0.4129642888976473,0.1439751490873984,0.44306056201495425,UP,UP,True
2026-05-28 01:30:00+00:00,2,2,False,0.6978041949642063,0.4568329712943128,0.24097122366989351,0.06122458136590013,0.6978041949642063,UP,UP,True
2026-05-28 02:30:00+00:00,2,0,False,0.4991085756314836,0.06462511281568467,0.4991085756314836,0.06640796155271751,0.4344834628157989,UP,DOWN,False
2026-05-28 03:30:00+00:00,1,2,False,0.5226357992530695,0.1547232936520772,0.36791250560099226,0.10945169514593821,0.5226357992530695,NEUTRAL,UP,False
2026-05-28 04:30:00+00:00,0,0,False,0.4450659082173051,0.1299465731621271,0.4450659082173051,0.23981475672751695,0.315119335055178,DOWN,DOWN,True
2026-05-28 05:30:00+00:00,2,2,False,0.5935212687320688,0.3375119505880332,0.2560093181440356,0.1504694131238956,0.5935212687320688,UP,UP,True
2026-05-28 06:30:00+00:00,0,2,False,0.5724043566187661,0.3053082590247626,0.2670960975940035,0.1604995457872305,0.5724043566187661,DOWN,UP,False
2026-05-28 07:30:00+00:00,1,2,False,0.4843738970937917,0.18034100237318607,0.30403289472060563,0.21159320818560268,0.4843738970937917,NEUTRAL,UP,False
2026-05-28 08:30:00+00:00,0,2,False,0.7254278630953855,0.5286265070220061,0.19680135607337942,0.07777078083123513,0.7254278630953855,DOWN,UP,False
2026-05-28 09:30:00+00:00,1,2,False,0.6305129729428958,0.36925016014499545,0.2612628127979003,0.10822421425920392,0.6305129729428958,NEUTRAL,UP,False
2026-05-28 10:30:00+00:00,0,2,False,0.5759983477108765,0.24111444273282595,0.3348839049780506,0.08911774731107291,0.5759983477108765,DOWN,UP,False
2026-05-28 11:30:00+00:00,0,2,False,0.6492478768750296,0.43636907531806035,0.21287880155696923,0.13787332156800122,0.6492478768750296,DOWN,UP,False
2026-05-28 12:30:00+00:00,0,2,False,0.576133645571737,0.2592132412067216,0.31692040436501534,0.10694595006324771,0.576133645571737,DOWN,UP,False
2026-05-28 13:30:00+00:00,2,2,False,0.691857987413927,0.48061467882520725,0.21124330858871973,0.09689870399735323,0.691857987413927,UP,UP,True
2026-05-28 14:30:00+00:00,0,2,False,0.5268652575263549,0.17903932189625332,0.3478259356301016,0.12530880684354348,0.5268652575263549,DOWN,UP,False
2026-05-28 15:30:00+00:00,2,2,False,0.5671506400228525,0.22780177813053132,0.3393488618923212,0.09350049808482627,0.5671506400228525,UP,UP,True
2026-05-28 16:30:00+00:00,0,0,False,0.4742507585105626,0.04551033640880209,0.4742507585105626,0.09700881938767685,0.4287404221017605,DOWN,DOWN,True
2026-05-28 17:30:00+00:00,0,0,False,0.4808097221260597,0.12015474021844241,0.4808097221260597,0.3606549819076173,0.15853529596632285,DOWN,DOWN,True
2026-05-28 18:30:00+00:00,0,1,False,0.48156178786586096,0.12927785774184986,0.3522839301240111,0.48156178786586096,0.1661542820101279,DOWN,NEUTRAL,False
2026-05-28 19:30:00+00:00,1,1,False,0.5159301579045321,0.21824925451409471,0.2976809033904374,0.5159301579045321,0.18638893870503057,NEUTRAL,NEUTRAL,True
2026-05-28 20:30:00+00:00,2,1,False,0.3981360872948611,0.09680883705690652,0.30053666246718436,0.3981360872948611,0.3013272502379546,UP,NEUTRAL,False
2026-05-28 21:30:00+00:00,0,1,False,0.4968776233445938,0.23150118321941082,0.26537644012518297,0.4968776233445938,0.23774593653022322,DOWN,NEUTRAL,False
2026-05-28 22:30:00+00:00,2,2,False,0.6170542640636062,0.41171887879984737,0.17761035067263492,0.20533538526375886,0.6170542640636062,UP,UP,True
2026-05-28 23:30:00+00:00,0,0,True,0.9121902578776333,0.857942674244334,0.9121902578776333,0.05424758363329931,0.033562158489067295,DOWN,DOWN,True
2026-05-29 00:30:00+00:00,2,2,False,0.6552436508130906,0.3631093140316132,0.2921343367814774,0.05262201240543212,0.6552436508130906,UP,UP,True
2026-05-29 01:30:00+00:00,0,2,False,0.5885448289208688,0.23309054115784933,0.35545428776301946,0.05600088331611176,0.5885448289208688,DOWN,UP,False
2026-05-29 02:30:00+00:00,2,2,True,0.7726926999210904,0.5737432036376875,0.1989494962834029,0.028357803795506807,0.7726926999210904,UP,UP,True
2026-05-29 03:30:00+00:00,0,2,False,0.6073359435442485,0.3180042927956271,0.2893316507486214,0.10333240570713002,0.6073359435442485,DOWN,UP,False
2026-05-29 04:30:00+00:00,2,2,False,0.5671270520366921,0.341717206298005,0.2254098457386871,0.2074631022246207,0.5671270520366921,UP,UP,True
2026-05-29 05:30:00+00:00,2,2,False,0.5637299002642805,0.3429041747278343,0.2154443741992732,0.22082572553644622,0.5637299002642805,UP,UP,True
2026-05-29 06:30:00+00:00,2,2,False,0.6225550681325046,0.39603923059087676,0.22651583754162785,0.15092909432586754,0.6225550681325046,UP,UP,True
2026-05-29 07:30:00+00:00,0,2,False,0.5484101098381768,0.27137932730247966,0.2770307825356972,0.17455910762612598,0.5484101098381768,DOWN,UP,False
2026-05-29 08:30:00+00:00,0,2,False,0.628333204993593,0.42178333092923515,0.20654987406435785,0.16511692094204908,0.628333204993593,DOWN,UP,False
2026-05-29 09:30:00+00:00,0,2,False,0.588719476288743,0.3529471416520093,0.2357723346367337,0.17550818907452326,0.588719476288743,DOWN,UP,False
2026-05-29 10:30:00+00:00,1,2,False,0.4906322646323147,0.1319426003287154,0.3586896643035993,0.150678071064086,0.4906322646323147,NEUTRAL,UP,False
2026-05-29 11:30:00+00:00,0,2,False,0.6063176853136905,0.3203723537465035,0.28594533156718693,0.10773698311912265,0.6063176853136905,DOWN,UP,False
2026-05-29 12:30:00+00:00,1,0,False,0.4409364057003127,0.045098539250619685,0.4409364057003127,0.1632257278499943,0.395837866449693,NEUTRAL,DOWN,False
2026-05-29 13:30:00+00:00,2,2,False,0.4427423112420828,0.15902202314344244,0.2735374006592769,0.28372028809864036,0.4427423112420828,UP,UP,True
2026-05-29 14:30:00+00:00,0,2,False,0.5661092961598447,0.29073007761812936,0.2753792185417154,0.1585114852984399,0.5661092961598447,DOWN,UP,False
2026-05-29 15:30:00+00:00,1,2,False,0.5046759642231156,0.16946029958857917,0.3352156646345364,0.16010837114234808,0.5046759642231156,NEUTRAL,UP,False
2026-05-29 16:30:00+00:00,2,2,False,0.5697522747449741,0.2983192838915004,0.2714329908534737,0.1588147344015522,0.5697522747449741,UP,UP,True
2026-05-29 17:30:00+00:00,0,2,False,0.5064492930578554,0.10867414546419107,0.3977751475936643,0.09577555934848042,0.5064492930578554,DOWN,UP,False
2026-05-29 18:30:00+00:00,2,0,False,0.4405931090103523,0.01870745147469305,0.4405931090103523,0.42188565753565926,0.13752123345398834,UP,DOWN,False
2026-05-29 19:30:00+00:00,2,1,False,0.4022659536990504,0.08393713567025318,0.3183288180287972,0.4022659536990504,0.2794052282721525,UP,NEUTRAL,False
2026-05-29 20:30:00+00:00,2,2,False,0.47307963828313315,0.18432994992941903,0.23817067336315284,0.2887496883537141,0.47307963828313315,UP,UP,True
2026-05-29 21:30:00+00:00,1,2,False,0.4614948435363646,0.12493089400437984,0.33656394953198476,0.20194120693165057,0.4614948435363646,NEUTRAL,UP,False
2026-05-29 22:30:00+00:00,2,2,False,0.7289308912271447,0.590690707242781,0.1328289247884916,0.13824018398436363,0.7289308912271447,UP,UP,True
2026-05-29 23:30:00+00:00,2,0,False,0.6761820789051658,0.43502161238895765,0.6761820789051658,0.08265745457862607,0.24116046651620818,UP,DOWN,False
2026-06-01 00:40:00+00:00,2,2,False,0.6873814032126545,0.514851121291614,0.17253028192104047,0.1400883148663049,0.6873814032126545,UP,UP,True
2026-06-01 01:40:00+00:00,0,0,False,0.5435274496073694,0.1515643897984299,0.5435274496073694,0.0645094905836911,0.39196305980893953,DOWN,DOWN,True
2026-06-01 02:40:00+00:00,2,2,False,0.6639363292321031,0.4472439066667296,0.21669242256537352,0.11937124820252334,0.6639363292321031,UP,UP,True
2026-06-01 03:40:00+00:00,2,2,False,0.4161598654547752,0.030632024740019637,0.38552784071475554,0.19831229383046933,0.4161598654547752,UP,UP,True
2026-06-01 04:40:00+00:00,2,2,False,0.3820380106307628,0.00407346031901662,0.3779645503117462,0.23999743905749088,0.3820380106307628,UP,UP,True
2026-06-01 05:40:00+00:00,1,2,False,0.5636006736621976,0.2899877571788021,0.2736129164833955,0.16278640985440687,0.5636006736621976,NEUTRAL,UP,False
2026-06-01 06:40:00+00:00,0,2,False,0.5673427197471209,0.30075095805324353,0.2665917616938774,0.16606551855900162,0.5673427197471209,DOWN,UP,False
2026-06-01 07:40:00+00:00,1,2,False,0.5277710280724935,0.21281937928957778,0.31495164878291576,0.15727732314459064,0.5277710280724935,NEUTRAL,UP,False
2026-06-01 08:40:00+00:00,2,2,False,0.6151236595878744,0.35696204631559664,0.25816161327227777,0.12671472713984788,0.6151236595878744,UP,UP,True
2026-06-01 09:40:00+00:00,0,2,False,0.5534672613239264,0.2972240427842577,0.19028952013640488,0.25624321853966875,0.5534672613239264,DOWN,UP,False
2026-06-01 10:40:00+00:00,0,2,False,0.5731003741684132,0.2883491498076332,0.28475122436078,0.14214840147080693,0.5731003741684132,DOWN,UP,False
2026-06-01 11:40:00+00:00,2,2,False,0.7208541139393603,0.523663365335465,0.19719074860389527,0.08195513745674445,0.7208541139393603,UP,UP,True
2026-06-01 12:40:00+00:00,0,2,False,0.7123530690369047,0.5588601110959459,0.13415397302213652,0.15349295794095877,0.7123530690369047,DOWN,UP,False
2026-06-01 13:40:00+00:00,2,2,False,0.724068468094168,0.5701972404316342,0.15387122766253383,0.12206030424329817,0.724068468094168,UP,UP,True
2026-06-01 14:40:00+00:00,0,2,False,0.6999428043974713,0.5043319818589836,0.1956108225384876,0.10444637306404103,0.6999428043974713,DOWN,UP,False
2026-06-01 15:40:00+00:00,2,2,False,0.6917114824763242,0.5343779912963612,0.157333491179963,0.1509550263437128,0.6917114824763242,UP,UP,True
2026-06-01 16:40:00+00:00,0,0,False,0.3737104737128572,0.04900764029628629,0.3737104737128572,0.3015866928705718,0.3247028334165709,DOWN,DOWN,True
2026-06-01 17:40:00+00:00,0,0,False,0.4986149478724849,0.24751432017544983,0.4986149478724849,0.25028442443048,0.25110062769703506,DOWN,DOWN,True
2026-06-01 18:40:00+00:00,2,1,False,0.5123668648048815,0.21576982803548184,0.19103609842571898,0.5123668648048815,0.29659703676939964,UP,NEUTRAL,False
2026-06-01 19:40:00+00:00,0,2,False,0.5418033882746,0.2717127152798848,0.18810593873068485,0.2700906729947152,0.5418033882746,DOWN,UP,False
2026-06-01 20:40:00+00:00,2,2,False,0.4670433785349664,0.1810061266399361,0.2860372518950303,0.2469193695700033,0.4670433785349664,UP,UP,True
2026-06-01 21:40:00+00:00,2,2,False,0.583336615258795,0.32091428336768857,0.1542410528500985,0.2624223318911064,0.583336615258795,UP,UP,True
2026-06-01 22:40:00+00:00,0,2,False,0.5198252728168665,0.17710084068693616,0.13745029505320303,0.34272443212993037,0.5198252728168665,DOWN,UP,False
2026-06-01 23:40:00+00:00,0,0,False,0.5795415309999847,0.28298802620510516,0.5795415309999847,0.2965535047948796,0.12390496420513557,DOWN,DOWN,True
2026-06-02 00:40:00+00:00,2,2,False,0.654479607985995,0.44551325008838194,0.20896635789761306,0.13655403411639197,0.654479607985995,UP,UP,True
2026-06-02 01:40:00+00:00,0,2,False,0.6311649156986332,0.3585616939814251,0.2726032217172081,0.09623186258415878,0.6311649156986332,DOWN,UP,False
2026-06-02 02:40:00+00:00,2,2,True,0.7633526646911185,0.6097305046862003,0.1536221600049183,0.08302517530396314,0.7633526646911185,UP,UP,True
2026-06-02 03:40:00+00:00,0,2,False,0.6070034465759128,0.3443593974905075,0.2626440490854053,0.13035250433868206,0.6070034465759128,DOWN,UP,False
2026-06-02 04:40:00+00:00,2,2,False,0.5734269950048527,0.3302238292137669,0.24320316579108583,0.18336983920406136,0.5734269950048527,UP,UP,True
2026-06-02 05:40:00+00:00,0,2,False,0.6390976011985903,0.4302275672658518,0.20887003393273845,0.1520323648686714,0.6390976011985903,DOWN,UP,False
2026-06-02 06:40:00+00:00,2,2,False,0.6169275036491765,0.35281616752494194,0.26411133612423454,0.11896116022658897,0.6169275036491765,UP,UP,True
2026-06-02 07:40:00+00:00,2,0,False,0.44743174057316715,0.10639894385800608,0.44743174057316715,0.21153546271167178,0.34103279671516107,UP,DOWN,False
2026-06-02 08:40:00+00:00,2,0,False,0.4637093299489663,0.15818936895112912,0.4637093299489663,0.2307707090531966,0.3055199609978372,UP,DOWN,False
2026-06-02 09:40:00+00:00,0,2,True,0.750130149182473,0.5909421472755956,0.15918800190687743,0.0906818489106495,0.750130149182473,DOWN,UP,False
2026-06-02 10:40:00+00:00,2,2,False,0.5977527994750794,0.37844476936887245,0.18293917041871363,0.21930803010620697,0.5977527994750794,UP,UP,True
2026-06-02 11:40:00+00:00,0,2,False,0.6149919069212284,0.3964253814978391,0.2185665254233893,0.16644156765538226,0.6149919069212284,DOWN,UP,False
2026-06-02 12:40:00+00:00,2,2,False,0.652200836890399,0.4367356736418677,0.13233399986106986,0.21546516324853127,0.652200836890399,UP,UP,True
2026-06-02 13:40:00+00:00,2,2,False,0.6759764952236089,0.4940118334307324,0.1420588429835145,0.18196466179287651,0.6759764952236089,UP,UP,True
2026-06-02 14:40:00+00:00,2,2,False,0.6900051736499,0.5330637933722286,0.15694138027767138,0.1530534460724287,0.6900051736499,UP,UP,True
2026-06-02 15:40:00+00:00,2,2,False,0.6288880307333433,0.33040593815330377,0.29848209258003955,0.07262987668661709,0.6288880307333433,UP,UP,True
2026-06-02 16:40:00+00:00,2,2,False,0.5981346214302837,0.2633220017304072,0.3348126196998765,0.06705275886983976,0.5981346214302837,UP,UP,True
2026-06-02 17:40:00+00:00,2,0,False,0.5443599686683099,0.27961129894085057,0.5443599686683099,0.19089136160423067,0.26474866972745936,UP,DOWN,False
2026-06-02 18:40:00+00:00,2,1,False,0.384640601722114,0.06890187492013339,0.3157387268019806,0.384640601722114,0.29962067147590543,UP,NEUTRAL,False
2026-06-02 19:40:00+00:00,2,0,False,0.4625288782657941,0.16777036147168856,0.4625288782657941,0.29475851679410553,0.24271260494010036,UP,DOWN,False
2026-06-02 20:40:00+00:00,0,1,False,0.58056615631916,0.32824086312158135,0.2523252931975786,0.58056615631916,0.16710855048326131,DOWN,NEUTRAL,False
2026-06-02 21:40:00+00:00,0,0,False,0.47773288010733217,0.17331496668454277,0.47773288010733217,0.3044179134227894,0.21784920646987835,DOWN,DOWN,True
2026-06-02 22:40:00+00:00,2,2,False,0.4514076738355829,0.17004478572222043,0.28136288811336246,0.26722943805105454,0.4514076738355829,UP,UP,True
2026-06-02 23:40:00+00:00,0,0,True,0.8039776018387677,0.66551629420058,0.8039776018387677,0.13846130763818768,0.057561090523044645,DOWN,DOWN,True
2026-06-03 00:40:00+00:00,2,2,False,0.4672435134335332,0.0961823726803765,0.3710611407531567,0.16169534581331008,0.4672435134335332,UP,UP,True
2026-06-03 01:40:00+00:00,2,0,False,0.4990880921263783,0.09738183824361829,0.4990880921263783,0.09920565399086179,0.40170625388276,UP,DOWN,False
2026-06-03 02:40:00+00:00,0,0,False,0.48955385560563724,0.07757548073921289,0.48955385560563724,0.09846776952793847,0.41197837486642436,DOWN,DOWN,True
2026-06-03 03:40:00+00:00,0,2,False,0.4664981054155804,0.08604189498445214,0.38045621043112826,0.1530456841532912,0.4664981054155804,DOWN,UP,False
2026-06-03 04:40:00+00:00,2,2,False,0.6204508244279335,0.3405733187806128,0.2798775056473207,0.09967166992474573,0.6204508244279335,UP,UP,True
2026-06-03 05:40:00+00:00,2,2,False,0.7114258419998899,0.5171413515850296,0.19428449041486032,0.09428966758524977,0.7114258419998899,UP,UP,True
2026-06-03 06:40:00+00:00,0,2,False,0.7247473298839369,0.5488519435812346,0.17589538630270232,0.0993572838133609,0.7247473298839369,DOWN,UP,False
2026-06-03 07:40:00+00:00,2,2,False,0.7260817447335847,0.5476696007841673,0.17841214394941737,0.09550611131699788,0.7260817447335847,UP,UP,True
2026-06-03 08:40:00+00:00,2,2,False,0.6625244692681628,0.4235881655754456,0.23893630369271718,0.09853922703912016,0.6625244692681628,UP,UP,True
2026-06-03 09:40:00+00:00,0,2,False,0.5348356204053442,0.26371300553043664,0.2711226148749075,0.19404176471974835,0.5348356204053442,DOWN,UP,False
2026-06-03 10:40:00+00:00,2,0,False,0.4936155955746777,0.23818752568625606,0.4936155955746777,0.25542806988842165,0.2509563345369008,UP,DOWN,False
2026-06-03 11:40:00+00:00,2,1,False,0.46863223014323324,0.07221602783644965,0.3964162023067836,0.46863223014323324,0.13495156754998316,UP,NEUTRAL,False
2026-06-03 12:40:00+00:00,1,0,False,0.4945028947571048,0.15589229748505035,0.4945028947571048,0.33861059727205445,0.16688650797084073,NEUTRAL,DOWN,False
2026-06-03 13:40:00+00:00,0,1,False,0.46690525922881265,0.1401587997020935,0.32674645952671916,0.46690525922881265,0.20634828124446816,DOWN,NEUTRAL,False
2026-06-03 14:40:00+00:00,2,1,False,0.3908300326387258,0.07597148054364256,0.2943114152661909,0.3908300326387258,0.31485855209508323,UP,NEUTRAL,False
2026-06-03 15:40:00+00:00,2,0,False,0.4240342495500683,0.11702604466460087,0.4240342495500683,0.2689575455644642,0.30700820488546743,UP,DOWN,False
2026-06-03 16:40:00+00:00,2,0,False,0.45637776131761915,0.07122293268167978,0.45637776131761915,0.15846741004644158,0.38515482863593936,UP,DOWN,False
2026-06-03 17:40:00+00:00,1,0,False,0.5645660203418548,0.34076910590310006,0.5645660203418548,0.2116370652193905,0.22379691443875468,NEUTRAL,DOWN,False
2026-06-03 18:40:00+00:00,2,0,False,0.3945610439568609,0.04703457445533843,0.3945610439568609,0.3475264695015225,0.2579124865416166,UP,DOWN,False
2026-06-03 19:40:00+00:00,2,2,False,0.46794885299224487,0.1488191293663395,0.31912972362590536,0.2129214233818498,0.46794885299224487,UP,UP,True
2026-06-03 20:40:00+00:00,1,1,False,0.35766140522487666,0.0003929394158867505,0.28507012896613354,0.35766140522487666,0.3572684658089899,NEUTRAL,NEUTRAL,True
2026-06-03 21:40:00+00:00,2,2,False,0.46357026199490814,0.1684434279101037,0.29512683408480445,0.24130290392028733,0.46357026199490814,UP,UP,True
2026-06-03 22:40:00+00:00,2,1,False,0.48239280465896545,0.19725790313783514,0.23247229381990434,0.48239280465896545,0.2851349015211303,UP,NEUTRAL,False
2026-06-03 23:40:00+00:00,0,0,True,0.9209218762118139,0.8632985504709004,0.9209218762118139,0.05762332574091345,0.02145479804727281,DOWN,DOWN,True
2026-06-04 00:40:00+00:00,0,2,False,0.46519268078275794,0.09890981991033004,0.3662828608724279,0.16852445834481417,0.46519268078275794,DOWN,UP,False
2026-06-04 01:40:00+00:00,0,2,False,0.683183723091709,0.41529954157689086,0.2678841815148182,0.04893209539347286,0.683183723091709,DOWN,UP,False
2026-06-04 02:40:00+00:00,0,0,False,0.6289130394015242,0.37143515381412173,0.6289130394015242,0.11360907501107337,0.2574778855874025,DOWN,DOWN,True
2026-06-04 03:40:00+00:00,1,2,False,0.5238466681587337,0.16393347427402027,0.35991319388471343,0.11624013795655296,0.5238466681587337,NEUTRAL,UP,False
2026-06-04 04:40:00+00:00,1,2,False,0.5882213099002426,0.31989539564655467,0.2683259142536879,0.14345277584606944,0.5882213099002426,NEUTRAL,UP,False
2026-06-04 05:40:00+00:00,2,2,False,0.7474926617584673,0.567000908008537,0.18049175374993026,0.07201558449160235,0.7474926617584673,UP,UP,True
2026-06-04 06:40:00+00:00,0,2,False,0.7056373386626565,0.4939331868990098,0.21170415176364674,0.08265850957369676,0.7056373386626565,DOWN,UP,False
2026-06-04 07:40:00+00:00,2,2,False,0.4009019255321505,0.018373509813053635,0.38252841571909685,0.2165696587487526,0.4009019255321505,UP,UP,True
2026-06-04 08:40:00+00:00,0,0,False,0.4778167808663081,0.20462487790757894,0.4778167808663081,0.24899131617496267,0.27319190295872914,DOWN,DOWN,True
2026-06-04 09:40:00+00:00,2,0,False,0.5691170515650172,0.33071170953162776,0.5691170515650172,0.23840534203338945,0.19247760640159325,UP,DOWN,False
2026-06-04 10:40:00+00:00,1,0,False,0.3926535616516223,0.03984125896961199,0.3926535616516223,0.3528123026820103,0.25453413566636746,NEUTRAL,DOWN,False
2026-06-04 11:40:00+00:00,0,2,False,0.688445488111461,0.5262887237416161,0.14939774751869397,0.162156764369845,0.688445488111461,DOWN,UP,False
2026-06-04 12:40:00+00:00,2,2,False,0.6746223440126524,0.5102482928931471,0.16437405111950534,0.1610036048678422,0.6746223440126524,UP,UP,True
2026-06-04 13:40:00+00:00,0,2,False,0.7480355534369939,0.5818284088247391,0.1662071446122548,0.08575730195075125,0.7480355534369939,DOWN,UP,False
2026-06-04 14:40:00+00:00,2,2,False,0.7176785326201502,0.5352893922303386,0.1823891403898117,0.09993232699003812,0.7176785326201502,UP,UP,True
2026-06-04 15:40:00+00:00,2,0,False,0.4746551500927578,0.18252685780621758,0.4746551500927578,0.23321655762070195,0.29212829228654025,UP,DOWN,False
2026-06-04 16:40:00+00:00,2,2,False,0.4802997889952755,0.08070312823745451,0.39959666075782097,0.1201035502469035,0.4802997889952755,UP,UP,True
2026-06-04 17:40:00+00:00,2,0,False,0.5267970942085178,0.20897130849298268,0.5267970942085178,0.15537712007594692,0.31782578571553516,UP,DOWN,False
2026-06-04 18:40:00+00:00,0,0,False,0.42912842776748267,0.03154933144106903,0.42912842776748267,0.17329247590610355,0.39757909632641364,DOWN,DOWN,True
2026-06-04 19:40:00+00:00,1,0,False,0.4185596446177518,0.017780141774088376,0.4185596446177518,0.4007795028436634,0.18066085253858483,NEUTRAL,DOWN,False
2026-06-04 20:40:00+00:00,2,0,False,0.4967027178470867,0.17042352820226958,0.4967027178470867,0.3262791896448171,0.17701809250809616,UP,DOWN,False
2026-06-04 21:40:00+00:00,2,0,False,0.5735749636748441,0.33480644135467363,0.5735749636748441,0.23876852232017046,0.18765651400498545,UP,DOWN,False
2026-06-04 22:40:00+00:00,2,0,False,0.45751498421699377,0.11942882757561496,0.45751498421699377,0.3380861566413788,0.20439885914162756,UP,DOWN,False
2026-06-04 23:40:00+00:00,0,0,True,0.9331927020273232,0.8862898189415765,0.9331927020273232,0.04690288308574663,0.019904414886930302,DOWN,DOWN,True
2026-06-05 00:40:00+00:00,1,0,False,0.4058146148313447,0.017102741042779923,0.4058146148313447,0.20547351138009068,0.38871187378856475,NEUTRAL,DOWN,False
2026-06-05 01:40:00+00:00,0,2,False,0.7345656904897592,0.5585385023826847,0.17602718810707452,0.08940712140316627,0.7345656904897592,DOWN,UP,False
2026-06-05 02:40:00+00:00,0,2,False,0.7397624821636737,0.5238936509819154,0.2158688311817583,0.044368686654568036,0.7397624821636737,DOWN,UP,False
2026-06-05 03:40:00+00:00,0,2,False,0.7293668895857466,0.5441921840308752,0.1851747055548713,0.08545840485938214,0.7293668895857466,DOWN,UP,False
2026-06-05 04:40:00+00:00,2,2,False,0.7287156927177978,0.5359622721629269,0.19275342055487082,0.07853088672733141,0.7287156927177978,UP,UP,True
2026-06-05 05:40:00+00:00,0,2,True,0.7843926203018314,0.633691323688248,0.15070129661358345,0.06490608308458509,0.7843926203018314,DOWN,UP,False
2026-06-05 06:40:00+00:00,1,2,False,0.6566572951355113,0.44723503486997396,0.2094222602655373,0.1339204445989514,0.6566572951355113,NEUTRAL,UP,False
2026-06-05 07:40:00+00:00,0,2,False,0.7037986200266455,0.4631909000237375,0.24060772000290803,0.055593659970446394,0.7037986200266455,DOWN,UP,False
2026-06-05 08:40:00+00:00,2,2,False,0.7441957107712169,0.5508739262151877,0.1933217845560292,0.06248250467275395,0.7441957107712169,UP,UP,True
2026-06-05 09:40:00+00:00,0,2,False,0.6928346318205729,0.49045673110089083,0.20237790071968212,0.104787467459745,0.6928346318205729,DOWN,UP,False
2026-06-05 10:40:00+00:00,2,2,False,0.7199791466924036,0.5208895341338474,0.19908961255855617,0.08093124074904014,0.7199791466924036,UP,UP,True
2026-06-05 11:40:00+00:00,1,2,False,0.6154031907765621,0.3659536893166971,0.24944950145986505,0.13514730776357292,0.6154031907765621,NEUTRAL,UP,False
2026-06-05 12:40:00+00:00,0,2,False,0.5751048073730647,0.3425363949221242,0.19232678017599494,0.23256841245094048,0.5751048073730647,DOWN,UP,False
2026-06-05 13:40:00+00:00,0,2,False,0.7013420500082772,0.5068547175027753,0.19448733250550193,0.10417061748622079,0.7013420500082772,DOWN,UP,False
2026-06-05 14:40:00+00:00,2,2,False,0.6046709961781084,0.30211108003303266,0.3025599161450757,0.09276908767681595,0.6046709961781084,UP,UP,True
2026-06-05 15:40:00+00:00,2,0,False,0.6398214117501788,0.418476602503977,0.6398214117501788,0.13883377900361935,0.22134480924620184,UP,DOWN,False
2026-06-05 16:40:00+00:00,2,0,False,0.6138539683772637,0.3751707346442297,0.6138539683772637,0.23868323373303402,0.1474627978897023,UP,DOWN,False
2026-06-05 17:40:00+00:00,2,0,False,0.7053163476396435,0.4684174965692253,0.7053163476396435,0.23689885107041814,0.05778480128993834,UP,DOWN,False
2026-06-05 18:40:00+00:00,2,0,False,0.5089213939500699,0.10157796661806245,0.5089213939500699,0.4073434273320074,0.0837351787179227,UP,DOWN,False
2026-06-05 19:40:00+00:00,2,1,False,0.6046722595406381,0.34285518452861197,0.2618170750120261,0.6046722595406381,0.13351066544733578,UP,NEUTRAL,False
2026-06-05 20:40:00+00:00,0,0,False,0.4639165160682595,0.12036713008663574,0.4639165160682595,0.34354938598162377,0.19253409795011675,DOWN,DOWN,True
2026-06-05 21:40:00+00:00,1,2,False,0.39723964095760816,0.08233655516356775,0.2878572732483514,0.3149030857940404,0.39723964095760816,NEUTRAL,UP,False
2026-06-05 22:40:00+00:00,2,1,False,0.35229587589083605,0.011672610572652398,0.3070808587909803,0.35229587589083605,0.34062326531818365,UP,NEUTRAL,False
2026-06-05 23:40:00+00:00,0,0,False,0.740911404515485,0.5509781541834641,0.740911404515485,0.06915534515249394,0.1899332503320209,DOWN,DOWN,True
2026-06-08 00:40:00+00:00,2,2,True,0.8096031141338317,0.7076769816964118,0.08847075342874847,0.10192613243741988,0.8096031141338317,UP,UP,True
2026-06-08 01:40:00+00:00,1,0,False,0.46800213892766485,0.15723901104711774,0.46800213892766485,0.221234733191788,0.3107631278805471,NEUTRAL,DOWN,False
2026-06-08 02:40:00+00:00,0,0,False,0.48666918153778016,0.14949351632045743,0.48666918153778016,0.17615515324489708,0.33717566521732273,DOWN,DOWN,True
2026-06-08 03:40:00+00:00,2,2,False,0.38488464468454925,0.03762632630622387,0.3472583183783254,0.26785703693712537,0.38488464468454925,UP,UP,True
2026-06-08 04:40:00+00:00,2,2,False,0.3967100625834942,0.0805079095451971,0.31620215303829713,0.2870877843782086,0.3967100625834942,UP,UP,True
2026-06-08 05:40:00+00:00,0,2,False,0.5564556387692746,0.3224319599485754,0.20952068241002617,0.23402367882069924,0.5564556387692746,DOWN,UP,False
2026-06-08 06:40:00+00:00,0,2,False,0.5028852268053134,0.22152430354821845,0.2157538499375915,0.281360923257095,0.5028852268053134,DOWN,UP,False
2026-06-08 07:40:00+00:00,0,2,True,0.8162332787651143,0.7175968513853418,0.09863642737977253,0.08513029385511307,0.8162332787651143,DOWN,UP,False
2026-06-08 08:40:00+00:00,0,2,False,0.49446791118353367,0.12231299116721128,0.3721549200163224,0.13337716880014389,0.49446791118353367,DOWN,UP,False
2026-06-08 09:40:00+00:00,0,2,False,0.5082511552946125,0.22870514821625976,0.27954600707835275,0.2122028376270348,0.5082511552946125,DOWN,UP,False
2026-06-08 10:40:00+00:00,0,0,False,0.47619778120007195,0.144644203011205,0.47619778120007195,0.19224864061106112,0.33155357818886694,DOWN,DOWN,True
2026-06-08 11:40:00+00:00,0,0,False,0.5124907845834029,0.2619159865907428,0.5124907845834029,0.25057479799266014,0.23693441742393698,DOWN,DOWN,True
2026-06-08 12:40:00+00:00,1,0,False,0.4390304871250094,0.10785403758508239,0.4390304871250094,0.33117644953992703,0.22979306333506358,NEUTRAL,DOWN,False
2026-06-08 13:40:00+00:00,0,0,False,0.3992620670262973,0.08254487811173128,0.3992620670262973,0.2840207440591367,0.316717188914566,DOWN,DOWN,True
2026-06-08 14:40:00+00:00,0,0,False,0.3772801088907036,0.03617130724390594,0.3772801088907036,0.3411088016467977,0.2816110894624987,DOWN,DOWN,True
2026-06-08 15:40:00+00:00,2,2,False,0.4138026454047771,0.025905689608156146,0.387896955796621,0.19830039879860184,0.4138026454047771,UP,UP,True
2026-06-08 16:40:00+00:00,2,2,True,0.8393758933554069,0.7134803944934578,0.125895498861949,0.034728607782644194,0.8393758933554069,UP,UP,True
2026-06-08 17:40:00+00:00,1,0,False,0.5362526147400062,0.22523246885865977,0.5362526147400062,0.1527272393786473,0.3110201458813464,NEUTRAL,DOWN,False
2026-06-08 18:40:00+00:00,1,1,False,0.3916608912049086,0.04212779306109282,0.3495330981438158,0.3916608912049086,0.2588060106512756,NEUTRAL,NEUTRAL,True
2026-06-08 19:40:00+00:00,2,2,False,0.4450671984991829,0.15653108724581194,0.26639669024744617,0.288536111253371,0.4450671984991829,UP,UP,True
2026-06-08 20:40:00+00:00,2,2,False,0.43508041332309777,0.14261972457267214,0.29246068875042563,0.2724588979264766,0.43508041332309777,UP,UP,True
2026-06-08 21:40:00+00:00,2,1,False,0.47494475715029777,0.14814163859409585,0.19825212429350028,0.47494475715029777,0.3268031185562019,UP,NEUTRAL,False
2026-06-08 22:40:00+00:00,0,2,False,0.3632496103493493,0.027480434669527765,0.3009812139708292,0.3357691756798215,0.3632496103493493,DOWN,UP,False
2026-06-08 23:40:00+00:00,0,0,False,0.562384000253345,0.2259635361797287,0.562384000253345,0.3364204640736163,0.10119553567303866,DOWN,DOWN,True
2026-06-09 00:40:00+00:00,2,2,False,0.6663356434503475,0.44087312713778254,0.22546251631256492,0.10820184023708768,0.6663356434503475,UP,UP,True
2026-06-09 01:40:00+00:00,2,2,False,0.6300994663588702,0.3399126743700421,0.2901867919888281,0.07971374165230177,0.6300994663588702,UP,UP,True
2026-06-09 02:40:00+00:00,0,2,False,0.6730502298457318,0.44174731172323245,0.2313029181224994,0.09564685203176876,0.6730502298457318,DOWN,UP,False
2026-06-09 03:40:00+00:00,2,2,False,0.7015542877406964,0.5160635829230865,0.18549070481760985,0.11295500744169372,0.7015542877406964,UP,UP,True
2026-06-09 04:40:00+00:00,2,2,False,0.7022812905962394,0.5483069138379562,0.15397437675828335,0.1437443326454772,0.7022812905962394,UP,UP,True
2026-06-09 05:40:00+00:00,2,2,False,0.680062881741793,0.4901723214403736,0.1898905603014194,0.13004655795678768,0.680062881741793,UP,UP,True
2026-06-09 06:40:00+00:00,0,2,False,0.44601561920239263,0.1315573086304636,0.2395260702256783,0.314458310571929,0.44601561920239263,DOWN,UP,False
2026-06-09 07:40:00+00:00,0,2,True,0.7653398183435882,0.6286031758343411,0.13673664250924705,0.09792353914716465,0.7653398183435882,DOWN,UP,False
2026-06-09 08:40:00+00:00,1,2,False,0.727536406194922,0.5542450699574326,0.17329133623748935,0.09917225756758871,0.727536406194922,NEUTRAL,UP,False
2026-06-09 09:40:00+00:00,2,2,False,0.5307574602728452,0.24097930808161544,0.28977815219122977,0.17946438753592495,0.5307574602728452,UP,UP,True
2026-06-09 10:40:00+00:00,2,2,False,0.6086716735202061,0.3856321580464791,0.22303951547372702,0.16828881100606677,0.6086716735202061,UP,UP,True
2026-06-09 11:40:00+00:00,0,2,False,0.5547731148344013,0.3036761182194116,0.19412988855060906,0.2510969966149897,0.5547731148344013,DOWN,UP,False
2026-06-09 12:40:00+00:00,1,2,False,0.6693327823426339,0.4634692461560954,0.12480368147082747,0.20586353618653855,0.6693327823426339,NEUTRAL,UP,False
2026-06-09 13:40:00+00:00,2,2,False,0.6432163943311164,0.4459791584133932,0.1595463697511603,0.1972372359177232,0.6432163943311164,UP,UP,True
2026-06-09 14:40:00+00:00,1,2,False,0.7201591460360802,0.5732414686861144,0.13292317661395406,0.14691767734996583,0.7201591460360802,NEUTRAL,UP,False
2026-06-09 15:40:00+00:00,2,2,False,0.7471279924039868,0.6040173368046304,0.14311065559935632,0.10976135199665693,0.7471279924039868,UP,UP,True
2026-06-09 16:40:00+00:00,0,2,True,0.7724222393140722,0.6009088681444976,0.17151337116957457,0.05606438951635323,0.7724222393140722,DOWN,UP,False
2026-06-09 17:40:00+00:00,2,2,False,0.6501659340132111,0.4333752701764107,0.2167906638368004,0.1330434021499885,0.6501659340132111,UP,UP,True
2026-06-09 18:40:00+00:00,2,2,False,0.4511223408431807,0.1128896469927686,0.3382326938504121,0.21064496530640725,0.4511223408431807,UP,UP,True
2026-06-09 19:40:00+00:00,0,0,False,0.5265154405537668,0.20222512955778038,0.5265154405537668,0.1491942484502468,0.3242903109959864,DOWN,DOWN,True
2026-06-09 20:40:00+00:00,2,1,False,0.4503562820496592,0.11415320627659997,0.21344064217728165,0.4503562820496592,0.33620307577305925,UP,NEUTRAL,False
2026-06-09 21:40:00+00:00,2,2,False,0.3850559909355109,0.008415055087749423,0.23830307321672756,0.3766409358477615,0.3850559909355109,UP,UP,True
2026-06-09 22:40:00+00:00,0,2,False,0.4099758798505515,0.0708973745235707,0.25094561482246763,0.3390785053269808,0.4099758798505515,DOWN,UP,False
2026-06-09 23:40:00+00:00,0,0,True,0.7682895491359949,0.6155326923296438,0.7682895491359949,0.15275685680635104,0.07895359405765401,DOWN,DOWN,True
2026-06-10 00:40:00+00:00,2,2,False,0.533677892374174,0.2536225655037502,0.2800553268704238,0.1862667807554023,0.533677892374174,UP,UP,True
2026-06-10 01:40:00+00:00,1,2,False,0.6484617971800596,0.3743916349469853,0.2740701622330743,0.07746804058686607,0.6484617971800596,NEUTRAL,UP,False
2026-06-10 02:40:00+00:00,1,2,False,0.66713155105952,0.3998009870223707,0.26733056403714933,0.06553788490333069,0.66713155105952,NEUTRAL,UP,False
2026-06-10 03:40:00+00:00,0,2,False,0.5727051334546159,0.2610201695962319,0.311684963858384,0.11560990268699999,0.5727051334546159,DOWN,UP,False
2026-06-10 04:40:00+00:00,0,2,False,0.5349615302717865,0.24331883425808287,0.29164269601370363,0.17339577371450987,0.5349615302717865,DOWN,UP,False
2026-06-10 05:40:00+00:00,2,2,False,0.6890258479287573,0.49476988645005426,0.19425596147870305,0.11671819059253957,0.6890258479287573,UP,UP,True
2026-06-10 06:40:00+00:00,1,2,True,0.7624306084270931,0.5945486354140308,0.16788197301306224,0.0696874185598446,0.7624306084270931,NEUTRAL,UP,False
2026-06-10 07:40:00+00:00,0,2,False,0.7388961484423913,0.5576643278528559,0.1812318205895353,0.07987203096807341,0.7388961484423913,DOWN,UP,False
2026-06-10 08:40:00+00:00,2,2,False,0.68822616970584,0.48886293644588197,0.1993632332599581,0.11241059703420181,0.68822616970584,UP,UP,True
2026-06-10 09:40:00+00:00,2,2,False,0.5989003369040391,0.3885192609002943,0.21038107600374478,0.19071858709221615,0.5989003369040391,UP,UP,True
2026-06-10 10:40:00+00:00,2,2,False,0.6255687191785729,0.4268018501501901,0.19876686902838278,0.1756644117930443,0.6255687191785729,UP,UP,True
2026-06-10 11:40:00+00:00,2,2,False,0.5658864952124467,0.30403306172006633,0.2618534334923804,0.17226007129517293,0.5658864952124467,UP,UP,True
2026-06-10 12:40:00+00:00,2,0,False,0.40035304254243664,0.09405466800988715,0.40035304254243664,0.2933485829250139,0.3062983745325495,UP,DOWN,False
2026-06-10 13:40:00+00:00,2,0,False,0.6037846817471283,0.39586209975474773,0.6037846817471283,0.18829273626049106,0.2079225819923806,UP,DOWN,False
2026-06-10 14:40:00+00:00,0,0,False,0.47345993653148905,0.19448865145423755,0.47345993653148905,0.2475687783912594,0.2789712850772515,DOWN,DOWN,True
2026-06-10 15:40:00+00:00,0,0,False,0.49513249864441317,0.15758888587778064,0.49513249864441317,0.16732388858895422,0.33754361276663253,DOWN,DOWN,True
2026-06-10 16:40:00+00:00,2,0,False,0.4816717889587285,0.2127186186446604,0.4816717889587285,0.26895317031406807,0.24937504072720337,UP,DOWN,False
2026-06-10 17:40:00+00:00,2,0,False,0.40076516656029054,0.0008028187307189683,0.40076516656029054,0.19927248561013788,0.3999623478295716,UP,DOWN,False
2026-06-10 18:40:00+00:00,2,0,False,0.4181425544005196,0.11636959579936473,0.4181425544005196,0.2800844869983255,0.3017729586011549,UP,DOWN,False
2026-06-10 19:40:00+00:00,2,1,False,0.4164910880223149,0.09015166324486623,0.2571694872002365,0.4164910880223149,0.32633942477744865,UP,NEUTRAL,False
2026-06-10 20:40:00+00:00,0,0,False,0.3513445289172524,0.00455777341945468,0.3513445289172524,0.30186871558495,0.3467867554977977,DOWN,DOWN,True
2026-06-10 21:40:00+00:00,2,2,False,0.5329936361121175,0.2904845110872129,0.24250912502490457,0.22449723886297795,0.5329936361121175,UP,UP,True
2026-06-10 22:40:00+00:00,2,0,False,0.41153463464931794,0.01644741555940632,0.41153463464931794,0.3950872190899116,0.19337814626077054,UP,DOWN,False
2026-06-10 23:40:00+00:00,0,0,True,0.8905487212976158,0.8016248994594442,0.8905487212976158,0.08892382183817155,0.020527456864212573,DOWN,DOWN,True
2026-06-11 00:45:00+00:00,2,2,False,0.6167775847718978,0.4015032852508779,0.2152742995210199,0.1679481157070823,0.6167775847718978,UP,UP,True
2026-06-11 01:45:00+00:00,1,2,False,0.5498895435546252,0.20488316923378108,0.3450063743208441,0.10510408212453078,0.5498895435546252,NEUTRAL,UP,False
2026-06-11 02:45:00+00:00,1,2,False,0.5831802782954837,0.24981492403810202,0.3333653542573817,0.08345436744713466,0.5831802782954837,NEUTRAL,UP,False
2026-06-11 03:45:00+00:00,0,2,False,0.505616151755192,0.18056010642534498,0.32505604532984705,0.16932780291496094,0.505616151755192,DOWN,UP,False
2026-06-11 04:45:00+00:00,2,2,False,0.562448982778703,0.22343579709979056,0.3390131856789125,0.09853783154238464,0.562448982778703,UP,UP,True
2026-06-11 05:45:00+00:00,1,2,False,0.6841111149808935,0.472844845888746,0.2112662690921475,0.10462261592695903,0.6841111149808935,NEUTRAL,UP,False
2026-06-11 06:45:00+00:00,0,2,False,0.6244276269475283,0.3710047054407221,0.2534229215068062,0.12214945154566555,0.6244276269475283,DOWN,UP,False
2026-06-11 07:45:00+00:00,2,2,False,0.7190138767256911,0.526789550714753,0.19222432601093808,0.08876179726337077,0.7190138767256911,UP,UP,True
2026-06-11 08:45:00+00:00,2,2,False,0.6539114553937017,0.4058526210900381,0.24805883430366354,0.09802971030263477,0.6539114553937017,UP,UP,True
2026-06-11 09:45:00+00:00,0,2,False,0.5047283832021029,0.20925648121728463,0.29547190198481826,0.19979971481307884,0.5047283832021029,DOWN,UP,False
2026-06-11 10:45:00+00:00,2,2,False,0.6276147079171336,0.38250700803396853,0.24510769988316503,0.1272775921997014,0.6276147079171336,UP,UP,True
2026-06-11 11:45:00+00:00,1,2,False,0.7021500053197448,0.5216405562443495,0.18050944907539535,0.11734054560485985,0.7021500053197448,NEUTRAL,UP,False
2026-06-11 12:45:00+00:00,1,2,False,0.5808053517397925,0.32195924229851053,0.258846109441282,0.16034853881892544,0.5808053517397925,NEUTRAL,UP,False
2026-06-11 13:45:00+00:00,0,2,False,0.6175075491440265,0.36616098686754905,0.25134656227647745,0.13114588857949605,0.6175075491440265,DOWN,UP,False
2026-06-11 14:45:00+00:00,2,2,False,0.5774627164166023,0.27165038496417393,0.30581233145242837,0.11672495213096935,0.5774627164166023,UP,UP,True
2026-06-11 15:45:00+00:00,0,2,False,0.6180761457764213,0.3868202504510765,0.23125589532534488,0.15066795889823378,0.6180761457764213,DOWN,UP,False
2026-06-11 16:45:00+00:00,2,2,False,0.5315354731802493,0.19455473790294447,0.3369807352773048,0.13148379154244585,0.5315354731802493,UP,UP,True
2026-06-11 17:45:00+00:00,0,2,False,0.5925697385900757,0.34564629821168674,0.24692344037838893,0.16050682103153546,0.5925697385900757,DOWN,UP,False
2026-06-11 18:45:00+00:00,2,2,False,0.5902322205605234,0.3332140230287176,0.15274958190767085,0.25701819753180577,0.5902322205605234,UP,UP,True
2026-06-11 19:45:00+00:00,0,2,False,0.6706138534953231,0.49652285615497194,0.1552951491643258,0.17409099734035116,0.6706138534953231,DOWN,UP,False
2026-06-11 20:45:00+00:00,0,0,False,0.4237049923824752,0.04393101435546426,0.4237049923824752,0.37977397802701096,0.19652102959051398,DOWN,DOWN,True
2026-06-11 21:45:00+00:00,0,1,False,0.5032194704183798,0.20411328739918394,0.29910618301919584,0.5032194704183798,0.19767434656242447,DOWN,NEUTRAL,False
2026-06-11 22:45:00+00:00,2,1,False,0.6355360742888259,0.4401404514680528,0.19539562282077302,0.6355360742888259,0.16906830289040126,UP,NEUTRAL,False
2026-06-11 23:45:00+00:00,1,0,False,0.4650079152278378,0.01387609526932565,0.4650079152278378,0.45113181995851215,0.08386026481365025,NEUTRAL,DOWN,False
2026-06-12 00:45:00+00:00,2,2,False,0.497072494058705,0.1332099439443178,0.36386255011438723,0.13906495582690764,0.497072494058705,UP,UP,True
2026-06-12 01:45:00+00:00,2,2,False,0.4656598672128826,0.0238574951801811,0.4418023720327015,0.09253776075441576,0.4656598672128826,UP,UP,True
2026-06-12 02:45:00+00:00,2,0,False,0.6036581793546355,0.35608844089087455,0.6036581793546355,0.14877208218160357,0.24756973846376093,UP,DOWN,False
2026-06-12 03:45:00+00:00,2,0,False,0.5831228340774017,0.3523390751440399,0.5831228340774017,0.18609340698923646,0.23078375893336184,UP,DOWN,False
2026-06-12 04:45:00+00:00,2,0,False,0.5252094061312046,0.22110875406539332,0.5252094061312046,0.17068994180298414,0.30410065206581127,UP,DOWN,False
2026-06-12 05:45:00+00:00,0,0,False,0.49363290106689717,0.17745752827081213,0.49363290106689717,0.19019172613701768,0.31617537279608504,DOWN,DOWN,True
2026-06-12 06:45:00+00:00,0,2,False,0.430862965736843,0.03782066650750304,0.39304229922934,0.17609473503381687,0.430862965736843,DOWN,UP,False
2026-06-12 07:45:00+00:00,2,2,False,0.7150392841925284,0.5201505786274957,0.19488870556503268,0.09007201024243898,0.7150392841925284,UP,UP,True
2026-06-12 08:45:00+00:00,0,2,False,0.4925405181420744,0.17505197894562602,0.31748853919644837,0.18997094266147738,0.4925405181420744,DOWN,UP,False
2026-06-12 09:45:00+00:00,2,2,False,0.5007737012272307,0.12265701706802357,0.3781166841592072,0.12110961461356207,0.5007737012272307,UP,UP,True
2026-06-12 10:45:00+00:00,0,2,False,0.3732094762855003,0.024200406331353286,0.349009069954147,0.27778145376035285,0.3732094762855003,DOWN,UP,False
2026-06-12 11:45:00+00:00,0,1,False,0.43358013480036517,0.05370676662452534,0.37987336817583983,0.43358013480036517,0.18654649702379492,DOWN,NEUTRAL,False
2026-06-12 12:45:00+00:00,2,1,False,0.4611263718610113,0.09146327002180865,0.36966310183920265,0.4611263718610113,0.16921052629978608,UP,NEUTRAL,False
2026-06-12 13:45:00+00:00,2,0,False,0.42180010940958984,0.024370348048664836,0.42180010940958984,0.397429761360925,0.18077012922948518,UP,DOWN,False
2026-06-12 14:45:00+00:00,2,0,False,0.49515217248309557,0.1582210815645313,0.49515217248309557,0.33693109091856427,0.16791673659834022,UP,DOWN,False
2026-06-12 15:45:00+00:00,1,0,False,0.6523677025351868,0.4614089709709093,0.6523677025351868,0.15667356590053585,0.1909587315642775,NEUTRAL,DOWN,False
2026-06-12 16:45:00+00:00,1,0,False,0.6108785048127656,0.3929816787387702,0.6108785048127656,0.17122466911323891,0.2178968260739954,NEUTRAL,DOWN,False
2026-06-12 17:45:00+00:00,0,0,False,0.5626178443294536,0.33985835303927747,0.5626178443294536,0.22275949129017614,0.21462266438037025,DOWN,DOWN,True
2026-06-12 18:45:00+00:00,1,1,False,0.4641233462570482,0.1019116171800265,0.3622117290770217,0.4641233462570482,0.1736649246659302,NEUTRAL,NEUTRAL,True
2026-06-12 19:45:00+00:00,0,1,False,0.4764203498890849,0.17027632476746019,0.21743562498929034,0.4764203498890849,0.3061440251216247,DOWN,NEUTRAL,False
2026-06-12 20:45:00+00:00,2,2,False,0.3888300288312548,0.05693329117766133,0.2792732335151519,0.33189673765359345,0.3888300288312548,UP,UP,True
2026-06-12 21:45:00+00:00,2,2,False,0.6170571871422719,0.3910686650658324,0.2259885220764395,0.1569542907812887,0.6170571871422719,UP,UP,True
2026-06-12 22:45:00+00:00,1,2,False,0.6404065409354484,0.4366323841646754,0.1558193022937787,0.20377415677077296,0.6404065409354484,NEUTRAL,UP,False
2026-06-12 23:45:00+00:00,0,0,False,0.7054759803040965,0.46721531571219976,0.7054759803040965,0.0562633551040067,0.23826066459189676,DOWN,DOWN,True
2026-06-15 00:45:00+00:00,2,2,False,0.45828481509703944,0.08153025365658229,0.37675456144045716,0.16496062346250337,0.45828481509703944,UP,UP,True
2026-06-15 01:45:00+00:00,1,0,False,0.4083316390653287,0.024216213882596482,0.4083316390653287,0.20755293575193906,0.38411542518273223,NEUTRAL,DOWN,False
2026-06-15 02:45:00+00:00,2,0,False,0.42806708354270206,0.033111491686801775,0.42806708354270206,0.17697732460139765,0.3949555918559003,UP,DOWN,False
2026-06-15 03:45:00+00:00,2,0,False,0.454875618871578,0.13899391054399118,0.454875618871578,0.22924267280083518,0.31588170832758683,UP,DOWN,False
2026-06-15 04:45:00+00:00,0,0,False,0.49769363165371533,0.19009572305576383,0.49769363165371533,0.19470845974833323,0.3075979085979515,DOWN,DOWN,True
2026-06-15 05:45:00+00:00,0,0,False,0.4011963338857244,0.05614452768136141,0.4011963338857244,0.25375185990991267,0.345051806204363,DOWN,DOWN,True
2026-06-15 06:45:00+00:00,0,2,False,0.5977891659164929,0.3803698704688008,0.21741929544769212,0.18479153863581493,0.5977891659164929,DOWN,UP,False
2026-06-15 07:45:00+00:00,0,2,False,0.6898738691448781,0.46139058146701917,0.228483287677859,0.0816428431772629,0.6898738691448781,DOWN,UP,False
2026-06-15 08:45:00+00:00,2,2,False,0.6907397885158482,0.48268562704952367,0.20805416146632452,0.1012060500178274,0.6907397885158482,UP,UP,True
2026-06-15 09:45:00+00:00,0,2,False,0.6214097850145984,0.35328165693075747,0.26812812808384096,0.11046208690156062,0.6214097850145984,DOWN,UP,False
2026-06-15 10:45:00+00:00,2,2,False,0.4524200468759571,0.10087201995228795,0.35154802692366915,0.19603192620037369,0.4524200468759571,UP,UP,True
2026-06-15 11:45:00+00:00,1,2,False,0.4070081228669209,0.020333133801201386,0.3866749890657195,0.20631688806735965,0.4070081228669209,NEUTRAL,UP,False
2026-06-15 12:45:00+00:00,0,2,False,0.4905623841782113,0.20667834473004315,0.22555357637362053,0.28388403944816815,0.4905623841782113,DOWN,UP,False
2026-06-15 13:45:00+00:00,2,2,False,0.749630269662172,0.6149026437574496,0.13472762590472245,0.1156421044331056,0.749630269662172,UP,UP,True
2026-06-15 14:45:00+00:00,0,2,False,0.46055792617152946,0.16065042267867174,0.2999075034928577,0.2395345703356128,0.46055792617152946,DOWN,UP,False
2026-06-15 15:45:00+00:00,0,2,False,0.6010511083668278,0.38357841636685047,0.21747269199997737,0.1814761996331948,0.6010511083668278,DOWN,UP,False
2026-06-15 16:45:00+00:00,0,2,False,0.7449329383498857,0.5932745126771803,0.15165842567270532,0.10340863597740886,0.7449329383498857,DOWN,UP,False
2026-06-15 17:45:00+00:00,2,2,False,0.6831580105863454,0.4828407968139305,0.2003172137724149,0.11652477564123968,0.6831580105863454,UP,UP,True
2026-06-15 18:45:00+00:00,2,2,False,0.5369894732250369,0.29373054662827636,0.21975160017820267,0.24325892659676052,0.5369894732250369,UP,UP,True
2026-06-15 19:45:00+00:00,2,2,False,0.4186530305819868,0.10082213460442235,0.26351607344044875,0.3178308959775644,0.4186530305819868,UP,UP,True
2026-06-15 20:45:00+00:00,2,2,False,0.4002475101818248,0.061502428054260816,0.2610074076906113,0.338745082127564,0.4002475101818248,UP,UP,True
2026-06-15 21:45:00+00:00,2,1,False,0.4967235065094663,0.22833262430246748,0.2683908822069988,0.4967235065094663,0.23488561128353497,UP,NEUTRAL,False
2026-06-15 22:45:00+00:00,2,1,False,0.36890587888063187,0.02634514774680008,0.28853338998553635,0.36890587888063187,0.3425607311338318,UP,NEUTRAL,False
2026-06-15 23:45:00+00:00,0,0,True,0.8457611319912537,0.7411284789115349,0.8457611319912537,0.10463265307971885,0.049606214929027476,DOWN,DOWN,True
2026-06-16 00:50:00+00:00,1,2,False,0.6611861601457426,0.4114112537118456,0.24977490643389696,0.08903893342036048,0.6611861601457426,NEUTRAL,UP,False
2026-06-16 01:50:00+00:00,0,2,False,0.7094613317633073,0.49531940158876314,0.21414193017454414,0.07639673806214864,0.7094613317633073,DOWN,UP,False
2026-06-16 02:50:00+00:00,1,2,True,0.7793560505672099,0.6183641383738423,0.16099191219336756,0.059652037239422556,0.7793560505672099,NEUTRAL,UP,False
2026-06-16 03:50:00+00:00,0,2,False,0.7141812483712514,0.46783669985917625,0.24634454851207516,0.03947420311667334,0.7141812483712514,DOWN,UP,False
2026-06-16 04:50:00+00:00,1,2,False,0.5644503168398873,0.2358967345310708,0.32855358230881654,0.10699610085129604,0.5644503168398873,NEUTRAL,UP,False
2026-06-16 05:50:00+00:00,2,2,False,0.6147292127394209,0.3597714292954837,0.2549577834439372,0.13031300381664182,0.6147292127394209,UP,UP,True
2026-06-16 06:50:00+00:00,2,0,False,0.39288898881815565,0.06939460499305328,0.39288898881815565,0.283616627356742,0.32349438382510237,UP,DOWN,False
2026-06-16 07:50:00+00:00,2,2,False,0.48530401631702036,0.17631781749352055,0.3089861988234998,0.2057097848594798,0.48530401631702036,UP,UP,True
2026-06-16 08:50:00+00:00,0,0,False,0.4603618200735064,0.1439564237731707,0.4603618200735064,0.22323278362615792,0.3164053963003357,DOWN,DOWN,True
2026-06-16 09:50:00+00:00,2,0,False,0.441014016998162,0.12462616463343573,0.441014016998162,0.24259813063711178,0.3163878523647263,UP,DOWN,False
2026-06-16 10:50:00+00:00,1,0,False,0.43534856946055805,0.12761261485097647,0.43534856946055805,0.2569154759298603,0.3077359546095816,NEUTRAL,DOWN,False
2026-06-16 11:50:00+00:00,2,0,False,0.41338250566590656,0.08793514906054661,0.41338250566590656,0.32544735660535995,0.2611701377287335,UP,DOWN,False
2026-06-16 12:50:00+00:00,0,2,False,0.4053714391553636,0.05088632243720376,0.35448511671815985,0.24014344412647662,0.4053714391553636,DOWN,UP,False
2026-06-16 13:50:00+00:00,2,2,False,0.5427318627283625,0.2907122301713382,0.20524850471461323,0.2520196325570243,0.5427318627283625,UP,UP,True
2026-06-16 14:50:00+00:00,0,2,False,0.5362087851322799,0.2651532373734318,0.27105554775884805,0.19273566710887208,0.5362087851322799,DOWN,UP,False
2026-06-16 15:50:00+00:00,2,2,False,0.38304318103338636,0.024709152351898078,0.3583340286814883,0.25862279028512536,0.38304318103338636,UP,UP,True
2026-06-16 16:50:00+00:00,2,2,False,0.46193608234644934,0.1095522764032899,0.35238380594315943,0.18568011171039123,0.46193608234644934,UP,UP,True
2026-06-16 17:50:00+00:00,0,0,False,0.48818858421989186,0.1629945966917769,0.48818858421989186,0.18661742825199332,0.32519398752811496,DOWN,DOWN,True
2026-06-16 18:50:00+00:00,2,2,False,0.5233626325852735,0.2139597838466799,0.3094028487385936,0.16723451867613293,0.5233626325852735,UP,UP,True
2026-06-16 19:50:00+00:00,2,2,False,0.7164824812121483,0.5538966317422473,0.1209316693179507,0.16258584946990096,0.7164824812121483,UP,UP,True
2026-06-16 20:50:00+00:00,2,2,False,0.630291158202525,0.4243394470832626,0.16375713067821243,0.20595171111926242,0.630291158202525,UP,UP,True
2026-06-16 21:50:00+00:00,1,2,False,0.45334118587256705,0.0758896733794312,0.37745151249313585,0.16920730163429712,0.45334118587256705,NEUTRAL,UP,False
2026-06-16 22:50:00+00:00,2,0,False,0.4499582760331453,0.14931008723917893,0.4499582760331453,0.3006481887939664,0.2493935351728884,UP,DOWN,False
2026-06-16 23:50:00+00:00,0,0,True,0.9090953962922613,0.8441509036896043,0.9090953962922613,0.06494449260265699,0.025960111105081635,DOWN,DOWN,True
2026-06-17 00:55:00+00:00,1,2,False,0.6138910536962335,0.34077857136248674,0.2731124823337468,0.11299646397001964,0.6138910536962335,NEUTRAL,UP,False
2026-06-17 01:55:00+00:00,2,2,False,0.7348632235372028,0.5143828975674785,0.2204803259697244,0.044656450493072854,0.7348632235372028,UP,UP,True
2026-06-17 02:55:00+00:00,0,2,True,0.7691735893553244,0.5915135467131701,0.17766004264215432,0.05316636800252126,0.7691735893553244,DOWN,UP,False
2026-06-17 03:55:00+00:00,1,2,False,0.7063485556764494,0.48787290011232476,0.21847565556412465,0.0751757887594259,0.7063485556764494,NEUTRAL,UP,False
2026-06-17 04:55:00+00:00,0,2,False,0.7437140847845582,0.6130587856224208,0.13065529916213747,0.1256306160533042,0.7437140847845582,DOWN,UP,False
2026-06-17 05:55:00+00:00,0,2,False,0.7403820100582168,0.5874943817896858,0.15288762826853092,0.10673036167325234,0.7403820100582168,DOWN,UP,False
2026-06-17 06:55:00+00:00,0,2,False,0.6946304213315461,0.46204148849583315,0.2325889328357129,0.07278064583274108,0.6946304213315461,DOWN,UP,False
2026-06-17 07:55:00+00:00,2,2,True,0.7963419852273419,0.6356134760660664,0.16072850916127546,0.04292950561138267,0.7963419852273419,UP,UP,True
2026-06-17 08:55:00+00:00,0,2,False,0.6682283917535267,0.39078759290832793,0.27744079884519873,0.05433080940127457,0.6682283917535267,DOWN,UP,False
2026-06-17 09:55:00+00:00,0,2,False,0.6630607121392836,0.4562196279310531,0.20684108420823058,0.13009820365248578,0.6630607121392836,DOWN,UP,False
2026-06-17 10:55:00+00:00,2,2,False,0.585152020376932,0.24826177306363556,0.3368902473132965,0.07795773230977143,0.585152020376932,UP,UP,True
2026-06-17 11:55:00+00:00,0,0,False,0.5612647792280859,0.2855325011913945,0.5612647792280859,0.2757322780366914,0.16300294273522264,DOWN,DOWN,True
2026-06-17 12:55:00+00:00,2,2,False,0.44236437392737316,0.03980843675382839,0.40255593717354476,0.15507968889908197,0.44236437392737316,UP,UP,True
2026-06-17 13:55:00+00:00,2,2,False,0.5465792054389307,0.2134006019834756,0.3331786034554551,0.12024219110561415,0.5465792054389307,UP,UP,True
2026-06-17 14:55:00+00:00,0,0,False,0.418823259843224,0.003704756417775068,0.418823259843224,0.16605823673132708,0.4151185034254489,DOWN,DOWN,True
2026-06-17 15:55:00+00:00,0,2,False,0.5675430410122557,0.3274779760447658,0.2400650649674899,0.1923918940202544,0.5675430410122557,DOWN,UP,False
2026-06-17 16:55:00+00:00,2,2,False,0.6758091210208825,0.4715212591301806,0.20428786189070192,0.11990301708841553,0.6758091210208825,UP,UP,True
2026-06-17 17:55:00+00:00,0,2,False,0.44147348783453705,0.08863791977254831,0.35283556806198874,0.2056909441034742,0.44147348783453705,DOWN,UP,False
2026-06-17 18:55:00+00:00,0,2,False,0.38549087449201325,0.023712903424593257,0.2527311544405667,0.36177797106742,0.38549087449201325,DOWN,UP,False
2026-06-17 19:55:00+00:00,0,2,False,0.7326305267723666,0.5943131482855318,0.1290520947407986,0.13831737848683479,0.7326305267723666,DOWN,UP,False
2026-06-17 20:55:00+00:00,2,2,False,0.6441007468252857,0.44199501563072596,0.1537935219801545,0.2021057311945598,0.6441007468252857,UP,UP,True
2026-06-17 21:55:00+00:00,2,1,False,0.4563687766757149,0.09359584851084612,0.3627729281648688,0.4563687766757149,0.18085829515941615,UP,NEUTRAL,False
2026-06-17 22:55:00+00:00,0,0,False,0.4367949150978546,0.05029176805494878,0.4367949150978546,0.38650314704290584,0.17670193785923952,DOWN,DOWN,True
2026-06-17 23:55:00+00:00,0,0,False,0.7001050652615021,0.47467683333556876,0.7001050652615021,0.22542823192593328,0.07446670281256457,DOWN,DOWN,True
2026-06-18 00:55:00+00:00,2,2,True,0.7774565388336688,0.6639838515069452,0.10907077383960759,0.11347268732672361,0.7774565388336688,UP,UP,True
2026-06-18 01:55:00+00:00,1,2,False,0.4289751075880753,0.04596709020530615,0.38300801738276913,0.18801687502915554,0.4289751075880753,NEUTRAL,UP,False
2026-06-18 02:55:00+00:00,2,2,False,0.5373296998954494,0.1711261982405835,0.3662035016548659,0.09646679844968468,0.5373296998954494,UP,UP,True
2026-06-18 03:55:00+00:00,0,2,False,0.4997902541684866,0.16717177142344436,0.33261848274504224,0.16759126308647115,0.4997902541684866,DOWN,UP,False
2026-06-18 04:55:00+00:00,0,2,False,0.629067400825255,0.44258302334795874,0.1844482216974487,0.1864843774772963,0.629067400825255,DOWN,UP,False
2026-06-18 05:55:00+00:00,1,2,False,0.6998600539946163,0.4907911394385976,0.20906891455601867,0.09107103144936504,0.6998600539946163,NEUTRAL,UP,False
2026-06-18 06:55:00+00:00,2,2,True,0.7526769372769937,0.6010889254238062,0.15158801185318746,0.09573505086981879,0.7526769372769937,UP,UP,True
2026-06-18 07:55:00+00:00,2,2,False,0.5577296030878489,0.25961090649868146,0.29811869658916745,0.1441517003229837,0.5577296030878489,UP,UP,True
2026-06-18 08:55:00+00:00,0,2,False,0.5400451884698425,0.23812722758633798,0.30191796088350453,0.15803685064665302,0.5400451884698425,DOWN,UP,False
2026-06-18 09:55:00+00:00,0,2,False,0.5229446145757599,0.13331310978050875,0.38963150479525116,0.08742388062898886,0.5229446145757599,DOWN,UP,False
2026-06-18 10:55:00+00:00,2,2,False,0.4075323194036919,0.020311780745317587,0.3872205386583743,0.20524714193793372,0.4075323194036919,UP,UP,True
2026-06-18 11:55:00+00:00,2,0,False,0.4808559489356672,0.2124096067112345,0.4808559489356672,0.2684463422244327,0.2506977088399001,UP,DOWN,False
2026-06-18 12:55:00+00:00,2,0,False,0.43840141321289955,0.055169132411156896,0.43840141321289955,0.38323228080174265,0.17836630598535771,UP,DOWN,False
2026-06-18 13:55:00+00:00,1,0,False,0.5115101901230561,0.10741229039388833,0.5115101901230561,0.40409789972916776,0.08439191014777608,NEUTRAL,DOWN,False
2026-06-18 14:55:00+00:00,0,0,False,0.46377223410087287,0.06614912650053378,0.46377223410087287,0.3976231076003391,0.13860465829878793,DOWN,DOWN,True
2026-06-18 15:55:00+00:00,1,0,False,0.36799462762535307,0.0032475560706589635,0.36799462762535307,0.26725830081995283,0.3647470715546941,NEUTRAL,DOWN,False
2026-06-18 16:55:00+00:00,0,0,False,0.5217651627166505,0.26513239635151314,0.5217651627166505,0.2566327663651374,0.22160207091821205,DOWN,DOWN,True
2026-06-18 17:55:00+00:00,2,2,False,0.606484523133842,0.36590603041439573,0.24057849271944629,0.1529369841467117,0.606484523133842,UP,UP,True
2026-06-18 18:55:00+00:00,2,0,False,0.6216608626987151,0.31385678875618067,0.6216608626987151,0.30780407394253445,0.07053506335875043,UP,DOWN,False
2026-06-18 19:55:00+00:00,1,0,False,0.5775185868878004,0.24162255813225703,0.5775185868878004,0.3358960287555434,0.08658538435665615,NEUTRAL,DOWN,False
2026-06-18 20:55:00+00:00,2,0,False,0.41289493192210736,0.0040917095707490025,0.41289493192210736,0.40880322235135835,0.1783018457265342,UP,DOWN,False
2026-06-18 21:55:00+00:00,0,0,False,0.49054633813839243,0.05738867044667956,0.49054633813839243,0.4331576676917129,0.07629599416989467,DOWN,DOWN,True
2026-06-18 22:55:00+00:00,0,1,False,0.4273848316144909,0.0620289437273987,0.3653558878870922,0.4273848316144909,0.2072592804984168,DOWN,NEUTRAL,False
2026-06-18 23:55:00+00:00,0,1,False,0.5476956314903274,0.17431764719889797,0.37337798429142943,0.5476956314903274,0.0789263842182433,DOWN,NEUTRAL,False
2026-06-19 00:55:00+00:00,0,2,False,0.6634131719917228,0.4541186036520293,0.1272922596685837,0.20929456833969348,0.6634131719917228,DOWN,UP,False
2026-06-19 01:55:00+00:00,2,2,False,0.4819473653709195,0.17575533675138588,0.3061920286195336,0.21186060600954695,0.4819473653709195,UP,UP,True
2026-06-19 02:55:00+00:00,0,2,False,0.4202864329582959,0.0072792522039235585,0.4130071807543723,0.16670638628733195,0.4202864329582959,DOWN,UP,False
2026-06-19 03:55:00+00:00,2,0,False,0.4908309379559757,0.22187016810430638,0.4908309379559757,0.26896076985166933,0.24020829219235507,UP,DOWN,False
2026-06-19 04:55:00+00:00,2,0,False,0.5405120305352668,0.25254383148283954,0.5405120305352668,0.2879681990524272,0.17151977041230596,UP,DOWN,False
2026-06-19 05:55:00+00:00,2,0,False,0.5163398987317833,0.26266581690220797,0.5163398987317833,0.2299860194386413,0.25367408182957535,UP,DOWN,False
2026-06-19 06:55:00+00:00,2,0,False,0.4503311690974674,0.16092913732112313,0.4503311690974674,0.2602667991261883,0.28940203177634427,UP,DOWN,False
2026-06-19 07:55:00+00:00,0,0,False,0.5438202348052532,0.29151987476592833,0.5438202348052532,0.20387940515542194,0.2523003600393249,DOWN,DOWN,True
2026-06-19 08:55:00+00:00,0,0,False,0.48623620685001956,0.22612958158017843,0.48623620685001956,0.26010662526984113,0.25365716788013926,DOWN,DOWN,True
2026-06-19 09:55:00+00:00,2,0,False,0.42582553480697855,0.10453023275299855,0.42582553480697855,0.2528791631390416,0.32129530205398,UP,DOWN,False
2026-06-19 10:55:00+00:00,0,0,False,0.4721936125330234,0.0990123452943441,0.4721936125330234,0.15462512022829736,0.3731812672386793,DOWN,DOWN,True
2026-06-19 11:55:00+00:00,0,0,False,0.4994653689881815,0.20073288825137126,0.4994653689881815,0.29873248073681025,0.2018021502750083,DOWN,DOWN,True
2026-06-19 12:55:00+00:00,2,0,False,0.48588411527325825,0.20381216412947545,0.48588411527325825,0.23204393358295883,0.2820719511437828,UP,DOWN,False
2026-06-19 13:55:00+00:00,0,2,False,0.40174361882506315,0.0076060404836473805,0.3941375783414158,0.20411880283352107,0.40174361882506315,DOWN,UP,False
2026-06-19 14:55:00+00:00,0,2,False,0.590547398369099,0.30850172783178254,0.28204567053731644,0.12740693109358456,0.590547398369099,DOWN,UP,False
2026-06-19 15:55:00+00:00,2,2,False,0.43776997470139273,0.03871392550270364,0.3990560491986891,0.16317397609991813,0.43776997470139273,UP,UP,True
2026-06-19 16:55:00+00:00,0,0,False,0.5422442311381437,0.26921822886290686,0.5422442311381437,0.1847297665866195,0.2730260022752368,DOWN,DOWN,True
2026-06-19 17:55:00+00:00,2,2,False,0.4372642956485586,0.044708239657432536,0.3925560559911261,0.17017964836031538,0.4372642956485586,UP,UP,True
2026-06-19 18:55:00+00:00,2,0,False,0.41241239749784625,0.09173578868985743,0.41241239749784625,0.3206766088079888,0.26691099369416493,UP,DOWN,False
2026-06-19 19:55:00+00:00,0,0,False,0.44035040016716576,0.09984625753066345,0.44035040016716576,0.21914545719633202,0.3405041426365023,DOWN,DOWN,True
2026-06-19 20:55:00+00:00,1,2,False,0.6109919257792726,0.41499943046813115,0.19301557890958584,0.19599249531114152,0.6109919257792726,NEUTRAL,UP,False
2026-06-19 21:55:00+00:00,2,2,False,0.5150040089440819,0.201281035691325,0.31372297325275694,0.17127301780316118,0.5150040089440819,UP,UP,True
2026-06-19 22:55:00+00:00,1,0,False,0.40132131171992574,0.030771389175100805,0.40132131171992574,0.22812876573524923,0.37054992254482494,NEUTRAL,DOWN,False
2026-06-19 23:55:00+00:00,2,0,False,0.4701097527347574,0.14695522420798657,0.4701097527347574,0.20673571873847182,0.32315452852677085,UP,DOWN,False
2026-06-22 01:00:00+00:00,2,2,False,0.43757938766172083,0.10640178456616073,0.3311776030955601,0.23124300924271912,0.43757938766172083,UP,UP,True
2026-06-22 02:00:00+00:00,2,0,False,0.5357337469124128,0.15810082318254465,0.5357337469124128,0.08663332935771903,0.3776329237298682,UP,DOWN,False
2026-06-22 03:00:00+00:00,2,2,False,0.44726413916708346,0.04164140800414484,0.4056227311629386,0.14711312966997792,0.44726413916708346,UP,UP,True
2026-06-22 04:00:00+00:00,2,2,False,0.5195684466856575,0.1828168033049783,0.3367516433806792,0.14367990993366334,0.5195684466856575,UP,UP,True
2026-06-22 05:00:00+00:00,1,0,False,0.3602967644488996,0.013998235095165568,0.3602967644488996,0.29340470619736647,0.346298529353734,NEUTRAL,DOWN,False
2026-06-22 06:00:00+00:00,2,2,False,0.5138780512026919,0.207833724421642,0.3060443267810499,0.18007762201625818,0.5138780512026919,UP,UP,True
2026-06-22 07:00:00+00:00,2,2,False,0.5010838609631006,0.18246766946161858,0.31861619150148207,0.18029994753541725,0.5010838609631006,UP,UP,True
2026-06-22 08:00:00+00:00,2,2,False,0.47422071214833644,0.11117487558264816,0.3630458365656883,0.16273345128597522,0.47422071214833644,UP,UP,True
2026-06-22 09:00:00+00:00,0,0,False,0.5896611717354993,0.30820053307713713,0.5896611717354993,0.12887818960613853,0.28146063865836213,DOWN,DOWN,True
2026-06-22 10:00:00+00:00,2,0,False,0.4523927702757624,0.06833042316987409,0.4523927702757624,0.16354488261834932,0.3840623471058883,UP,DOWN,False
2026-06-22 11:00:00+00:00,2,0,False,0.4215247573634093,0.026731424143266236,0.4215247573634093,0.18368190941644771,0.39479333322014304,UP,DOWN,False
2026-06-22 12:00:00+00:00,1,0,False,0.5147905092661909,0.18467009636709386,0.5147905092661909,0.1550890778347121,0.330120412899097,NEUTRAL,DOWN,False
2026-06-22 13:00:00+00:00,0,2,False,0.47274847940788867,0.12964204531889328,0.3431064340889954,0.1841450865031159,0.47274847940788867,DOWN,UP,False
2026-06-22 14:00:00+00:00,2,2,True,0.7566562432643255,0.5972481752316063,0.15940806803271915,0.08393568870295542,0.7566562432643255,UP,UP,True
2026-06-22 15:00:00+00:00,2,2,False,0.4250332219111465,0.06715132664069279,0.3578818952704537,0.21708488281839988,0.4250332219111465,UP,UP,True
2026-06-22 16:00:00+00:00,2,0,False,0.44795105192577217,0.06020121257643046,0.44795105192577217,0.16429910872488604,0.3877498393493417,UP,DOWN,False
2026-06-22 17:00:00+00:00,0,0,False,0.4735574025930667,0.13512699392353217,0.4735574025930667,0.18801218873739878,0.33843040866953455,DOWN,DOWN,True
2026-06-22 18:00:00+00:00,2,1,False,0.4823068171076394,0.21021878809498473,0.27208802901265466,0.4823068171076394,0.2456051538797059,UP,NEUTRAL,False
2026-06-22 19:00:00+00:00,0,0,False,0.45312899375269533,0.05161979615562362,0.45312899375269533,0.4015091975970717,0.14536180865023282,DOWN,DOWN,True
2026-06-22 20:00:00+00:00,1,0,False,0.4695754545403633,0.10950504853957627,0.4695754545403633,0.36007040600078705,0.17035413945884972,NEUTRAL,DOWN,False
2026-06-22 21:00:00+00:00,0,1,False,0.5108988404670001,0.22386180840772885,0.2870370320592712,0.5108988404670001,0.2020641274737286,DOWN,NEUTRAL,False
2026-06-22 22:00:00+00:00,2,1,False,0.4067295154137136,0.08149656765447433,0.2680375368270472,0.4067295154137136,0.3252329477592393,UP,NEUTRAL,False
2026-06-22 23:00:00+00:00,0,0,True,0.7545448001935282,0.557115134218991,0.7545448001935282,0.19742966597453723,0.04802553383193458,DOWN,DOWN,True
2026-06-23 00:00:00+00:00,2,2,False,0.5738246557267119,0.32976645641864255,0.18211714496521866,0.24405819930806935,0.5738246557267119,UP,UP,True
2026-06-23 01:00:00+00:00,2,2,False,0.5232006175533678,0.2507310328486978,0.27246958470467,0.2043297977419622,0.5232006175533678,UP,UP,True
2026-06-23 02:00:00+00:00,1,2,False,0.55317672605571,0.19799141521568903,0.355185310840021,0.09163796310426896,0.55317672605571,NEUTRAL,UP,False
2026-06-23 03:00:00+00:00,1,2,False,0.6631068882481985,0.4529452988113891,0.21016158943680943,0.12673152231499202,0.6631068882481985,NEUTRAL,UP,False
2026-06-23 04:00:00+00:00,1,2,False,0.4237811007486792,0.08151868830294068,0.3422624124457385,0.23395648680558226,0.4237811007486792,NEUTRAL,UP,False
2026-06-23 05:00:00+00:00,0,2,False,0.6645369816547034,0.4780588488087062,0.18647813284599724,0.14898488549929945,0.6645369816547034,DOWN,UP,False
2026-06-23 06:00:00+00:00,0,2,True,0.7606032768441541,0.6098604360311491,0.15074284081300493,0.08865388234284101,0.7606032768441541,DOWN,UP,False
2026-06-23 07:00:00+00:00,2,2,True,0.770968682903702,0.6457361752553141,0.10379880944791024,0.12523250764838784,0.770968682903702,UP,UP,True
2026-06-23 08:00:00+00:00,2,2,False,0.689188201155008,0.5131541524199718,0.17603404873503622,0.13477775010995577,0.689188201155008,UP,UP,True
2026-06-23 09:00:00+00:00,0,2,False,0.6703325842938165,0.44763546261660236,0.22269712167721414,0.10697029402896951,0.6703325842938165,DOWN,UP,False
2026-06-23 10:00:00+00:00,0,0,False,0.425152445923454,0.1043339937463586,0.425152445923454,0.25402910189945055,0.3208184521770954,DOWN,DOWN,True
2026-06-23 11:00:00+00:00,2,0,False,0.35928673678328066,0.013613981168587641,0.35928673678328066,0.345672755614693,0.2950405076020263,UP,DOWN,False
2026-06-23 12:00:00+00:00,1,0,False,0.3836751881036613,0.05973550830287844,0.3836751881036613,0.32393967980078286,0.2923851320955557,NEUTRAL,DOWN,False
2026-06-23 13:00:00+00:00,2,1,False,0.43188546027937996,0.14522915805438769,0.2866563022249923,0.43188546027937996,0.2814582374956278,UP,NEUTRAL,False
2026-06-23 14:00:00+00:00,2,0,False,0.3768535638364217,0.042199632959412536,0.3768535638364217,0.3346539308770092,0.288492505286569,UP,DOWN,False
2026-06-23 15:00:00+00:00,1,0,False,0.4712789678069933,0.15110985025715168,0.4712789678069933,0.2085519146431651,0.3201691175498416,NEUTRAL,DOWN,False
2026-06-23 16:00:00+00:00,0,0,False,0.4574801993352624,0.09472096377597178,0.4574801993352624,0.17976056510544702,0.3627592355592906,DOWN,DOWN,True
2026-06-23 17:00:00+00:00,2,0,False,0.42869454587591554,0.07415145171074877,0.42869454587591554,0.21676235995891777,0.35454309416516677,UP,DOWN,False
2026-06-23 18:00:00+00:00,1,2,False,0.37069271346699345,0.05204561747089581,0.31864709599609764,0.31066019053690885,0.37069271346699345,NEUTRAL,UP,False
2026-06-23 19:00:00+00:00,2,2,False,0.3988433073597161,0.0581130409720797,0.26042642625264745,0.3407302663876364,0.3988433073597161,UP,UP,True
2026-06-23 20:00:00+00:00,0,2,False,0.5281440999038365,0.25810845625530476,0.2700356436485317,0.20182025644763182,0.5281440999038365,DOWN,UP,False
2026-06-23 21:00:00+00:00,1,2,False,0.6379064388874224,0.4361345032029996,0.20177193568442278,0.16032162542815487,0.6379064388874224,NEUTRAL,UP,False
2026-06-23 22:00:00+00:00,2,2,False,0.6916618552529586,0.5002888083512799,0.11696509784536249,0.19137304690167875,0.6916618552529586,UP,UP,True
2026-06-23 23:00:00+00:00,0,0,True,0.8561669236830258,0.7667439896322763,0.8561669236830258,0.08942293405074953,0.054410142266224655,DOWN,DOWN,True
2026-06-24 00:00:00+00:00,2,2,True,0.8250036507304175,0.7028422633429663,0.12216138738745123,0.052834961882131194,0.8250036507304175,UP,UP,True
2026-06-24 01:00:00+00:00,0,2,False,0.5729994496017269,0.2111161828352658,0.3618832667664611,0.06511728363181211,0.5729994496017269,DOWN,UP,False
2026-06-24 02:00:00+00:00,2,2,False,0.7146109834929131,0.4995731765583509,0.21503780693456223,0.07035120957252482,0.7146109834929131,UP,UP,True
2026-06-24 03:00:00+00:00,2,2,True,0.7511001946123834,0.5449820148451481,0.20611817976723532,0.04278162562038124,0.7511001946123834,UP,UP,True
2026-06-24 04:00:00+00:00,0,0,False,0.44538205042857343,0.011782439715041837,0.44538205042857343,0.12101833885789506,0.4335996107135316,DOWN,DOWN,True
2026-06-24 05:00:00+00:00,0,2,True,0.7841736430998558,0.6379312446475095,0.14624239845234635,0.06958395844779786,0.7841736430998558,DOWN,UP,False
2026-06-24 06:00:00+00:00,0,2,True,0.785345337243765,0.6165374846465965,0.16880785259716843,0.04584681015906663,0.785345337243765,DOWN,UP,False
2026-06-24 07:00:00+00:00,1,2,True,0.7670844576317702,0.6261357317203669,0.1409487259114034,0.09196681645682644,0.7670844576317702,NEUTRAL,UP,False
2026-06-24 08:00:00+00:00,2,2,False,0.7400162940835887,0.5594883351845487,0.18052795889904008,0.07945574701737117,0.7400162940835887,UP,UP,True
2026-06-24 09:00:00+00:00,2,2,False,0.5761282700372805,0.2763540827019648,0.2997741873353157,0.12409754262740383,0.5761282700372805,UP,UP,True
2026-06-24 10:00:00+00:00,0,0,False,0.6422870953008382,0.45835794073144276,0.6422870953008382,0.18392915456939538,0.17378375012976646,DOWN,DOWN,True
2026-06-24 11:00:00+00:00,2,0,False,0.5249037243930529,0.16941499681970695,0.5249037243930529,0.11960754803360119,0.35548872757334593,UP,DOWN,False
2026-06-24 12:00:00+00:00,0,0,False,0.4759611057252952,0.15186815145983895,0.4759611057252952,0.1999459400092486,0.32409295426545626,DOWN,DOWN,True
2026-06-24 13:00:00+00:00,0,0,False,0.3733581119019686,0.0074397848010654966,0.3733581119019686,0.26072356099712823,0.3659183271009031,DOWN,DOWN,True
2026-06-24 14:00:00+00:00,0,2,False,0.47216358086946025,0.13424316124670088,0.33792041962275937,0.18991599950778051,0.47216358086946025,DOWN,UP,False
2026-06-24 15:00:00+00:00,2,2,False,0.4787413376650575,0.11811808911608662,0.3606232485489709,0.16063541378597165,0.4787413376650575,UP,UP,True
2026-06-24 16:00:00+00:00,0,0,False,0.5851098927769376,0.34199590108459244,0.5851098927769376,0.17177611553071728,0.24311399169234513,DOWN,DOWN,True
2026-06-24 17:00:00+00:00,2,2,False,0.5389914681869848,0.18121465414924054,0.3577768140377443,0.10323171777527075,0.5389914681869848,UP,UP,True
2026-06-24 18:00:00+00:00,0,2,False,0.4062460005188812,0.03968763862524516,0.36655836189363605,0.22719563758748273,0.4062460005188812,DOWN,UP,False
2026-06-24 19:00:00+00:00,1,2,False,0.392061535367332,0.08612678487411657,0.3020037141394525,0.30593475049321545,0.392061535367332,NEUTRAL,UP,False
2026-06-24 20:00:00+00:00,2,2,False,0.5327118062641838,0.2726459873970034,0.2600658188671804,0.2072223748686357,0.5327118062641838,UP,UP,True
2026-06-24 21:00:00+00:00,0,2,False,0.4154938650266921,0.12010137069254512,0.2891136406391608,0.295392494334147,0.4154938650266921,DOWN,UP,False
2026-06-24 22:00:00+00:00,2,2,False,0.46900409808921056,0.15876658875927596,0.22075839258085478,0.3102375093299346,0.46900409808921056,UP,UP,True
2026-06-24 23:00:00+00:00,0,0,True,0.8652855958229609,0.7704486117200868,0.8652855958229609,0.09483698410287406,0.039877420074164865,DOWN,DOWN,True
2026-06-25 00:00:00+00:00,2,0,False,0.4972362933772323,0.10276232850220252,0.4972362933772323,0.10828974174773787,0.3944739648750298,UP,DOWN,False
2026-06-25 01:05:00+00:00,1,2,True,0.7532483405502017,0.5393189223342721,0.21392941821592956,0.03282224123386865,0.7532483405502017,NEUTRAL,UP,False
2026-06-25 02:05:00+00:00,0,2,False,0.6919458580772281,0.45686074157323797,0.2350851165039901,0.0729690254187818,0.6919458580772281,DOWN,UP,False
2026-06-25 03:05:00+00:00,0,2,False,0.6539801644532588,0.4324678028627677,0.2215123615904911,0.12450747395625017,0.6539801644532588,DOWN,UP,False
2026-06-25 04:05:00+00:00,0,2,False,0.7322816536127476,0.5389611799709733,0.19332047364177424,0.07439787274547813,0.7322816536127476,DOWN,UP,False
2026-06-25 05:05:00+00:00,1,2,False,0.529890282596075,0.2450518764145182,0.28483840618155676,0.18527131122236826,0.529890282596075,NEUTRAL,UP,False
2026-06-25 06:05:00+00:00,2,2,False,0.7493844907674814,0.6050339607326457,0.1443505300348357,0.10626497919768305,0.7493844907674814,UP,UP,True
2026-06-25 07:05:00+00:00,2,2,True,0.7750748352618217,0.634565696377291,0.14050913888453076,0.08441602585364746,0.7750748352618217,UP,UP,True
2026-06-25 08:05:00+00:00,2,2,False,0.6978759587489023,0.5144660032859165,0.18340995546298577,0.11871408578811199,0.6978759587489023,UP,UP,True
2026-06-25 09:05:00+00:00,2,2,False,0.4651285395759851,0.08377176459570312,0.381356774980282,0.1535146854437328,0.4651285395759851,UP,UP,True
2026-06-25 10:05:00+00:00,0,0,False,0.7450816005769249,0.5762682309715446,0.7450816005769249,0.0861050298176949,0.16881336960538026,DOWN,DOWN,True
2026-06-25 11:05:00+00:00,1,0,False,0.5970942738062627,0.31059143731454913,0.5970942738062627,0.28650283649171354,0.11640288970202373,NEUTRAL,DOWN,False
2026-06-25 12:05:00+00:00,0,0,False,0.36831535824239486,0.017258316164723064,0.36831535824239486,0.3510570420776718,0.2806275996799333,DOWN,DOWN,True
2026-06-25 13:05:00+00:00,2,2,False,0.5529068240162697,0.27688843556861215,0.2760183884476575,0.1710747875360728,0.5529068240162697,UP,UP,True
2026-06-25 14:05:00+00:00,0,0,False,0.45400936538705466,0.15015945968618677,0.45400936538705466,0.3038499057008679,0.2421407289120775,DOWN,DOWN,True
2026-06-25 15:05:00+00:00,1,0,False,0.6139664721413821,0.4047449491358246,0.6139664721413821,0.20922152300555755,0.17681200485306037,NEUTRAL,DOWN,False
2026-06-25 16:05:00+00:00,0,0,False,0.47019880384238105,0.15995933439392268,0.47019880384238105,0.21956172670916055,0.31023946944845837,DOWN,DOWN,True
2026-06-25 17:05:00+00:00,1,0,False,0.5189622164543397,0.24784268679453647,0.5189622164543397,0.27111952965980324,0.209918253885857,NEUTRAL,DOWN,False
2026-06-25 18:05:00+00:00,2,1,False,0.4465493688935404,0.023296154829753057,0.42325321406378735,0.4465493688935404,0.13019741704267232,UP,NEUTRAL,False
2026-06-25 19:05:00+00:00,2,1,False,0.4444757651365808,0.1374447305516623,0.30703103458491854,0.4444757651365808,0.24849320027850066,UP,NEUTRAL,False
2026-06-25 20:05:00+00:00,2,2,False,0.40223558967942485,0.05558201515919298,0.25111083580034327,0.3466535745202319,0.40223558967942485,UP,UP,True
2026-06-25 21:05:00+00:00,1,0,False,0.4313274501189409,0.14455108254611287,0.4313274501189409,0.28189618230823105,0.28677636757282804,NEUTRAL,DOWN,False
2026-06-25 22:05:00+00:00,1,2,False,0.48240879497077865,0.2022042661044346,0.28020452886634406,0.23738667616287723,0.48240879497077865,NEUTRAL,UP,False
2026-06-25 23:05:00+00:00,0,0,True,0.8801203762367479,0.7820701110407916,0.8801203762367479,0.09805026519595623,0.02182935856729586,DOWN,DOWN,True
2026-06-26 00:05:00+00:00,2,2,False,0.6778045938707367,0.5150731879493291,0.16273140592140753,0.15946400020785576,0.6778045938707367,UP,UP,True
2026-06-26 01:05:00+00:00,2,2,False,0.48126854369194844,0.06033274332591465,0.4209358003660338,0.09779565594201761,0.48126854369194844,UP,UP,True
2026-06-26 02:05:00+00:00,2,2,False,0.6274493759011373,0.3345568609690199,0.2928925149321174,0.07965810916674547,0.6274493759011373,UP,UP,True
2026-06-26 03:05:00+00:00,1,2,False,0.6117629981676476,0.34865248976979774,0.26311050839784983,0.1251264934345026,0.6117629981676476,NEUTRAL,UP,False
2026-06-26 04:05:00+00:00,0,2,False,0.5893684559265729,0.33093363876986187,0.25843481715671107,0.15219672691671596,0.5893684559265729,DOWN,UP,False
2026-06-26 05:05:00+00:00,0,2,False,0.6421455220573143,0.43603845997709023,0.2061070620802241,0.15174741586246154,0.6421455220573143,DOWN,UP,False
2026-06-26 06:05:00+00:00,0,2,False,0.6835426929377458,0.47816086113813583,0.20538183179961003,0.11107547526264412,0.6835426929377458,DOWN,UP,False
2026-06-26 07:05:00+00:00,0,2,False,0.6797541477516895,0.42748281580999403,0.2522713319416955,0.06797452030661497,0.6797541477516895,DOWN,UP,False
2026-06-26 08:05:00+00:00,1,2,False,0.5896526688284809,0.2556455294954857,0.3340071393329952,0.07634019183852397,0.5896526688284809,NEUTRAL,UP,False
2026-06-26 09:05:00+00:00,2,0,False,0.5210112157902962,0.18397989195009273,0.5210112157902962,0.14195746036950035,0.33703132384020346,UP,DOWN,False
2026-06-26 10:05:00+00:00,0,0,False,0.5866419062871477,0.3115044580434974,0.5866419062871477,0.1382206454692019,0.27513744824365033,DOWN,DOWN,True
2026-06-26 11:05:00+00:00,1,0,False,0.4940247272299504,0.2035060564384915,0.4940247272299504,0.2154566019785907,0.2905186707914589,NEUTRAL,DOWN,False
2026-06-26 12:05:00+00:00,2,0,False,0.5782952543942019,0.3210727294163695,0.5782952543942019,0.25722252497783243,0.16448222062796575,UP,DOWN,False
2026-06-26 13:05:00+00:00,2,0,False,0.5689768190521989,0.3243762868901862,0.5689768190521989,0.24460053216201266,0.18642264878578857,UP,DOWN,False
2026-06-26 14:05:00+00:00,2,0,False,0.4701004577668599,0.14157482530397147,0.4701004577668599,0.2013739097702518,0.3285256324628884,UP,DOWN,False
2026-06-26 15:05:00+00:00,2,2,False,0.5412634878026717,0.2312255535492284,0.31003793425344334,0.1486985779438849,0.5412634878026717,UP,UP,True
2026-06-26 16:05:00+00:00,0,2,False,0.5270243834004626,0.17859168888422827,0.3484326945162344,0.12454292208330299,0.5270243834004626,DOWN,UP,False
2026-06-26 17:05:00+00:00,2,2,False,0.5487887576304181,0.2578872256740048,0.29090153195641333,0.16030971041316858,0.5487887576304181,UP,UP,True
2026-06-26 18:05:00+00:00,1,0,False,0.45957812401146436,0.15157879786211859,0.45957812401146436,0.23242254983918978,0.3079993261493458,NEUTRAL,DOWN,False
2026-06-26 19:05:00+00:00,2,0,False,0.43367623904961505,0.12638376739950502,0.43367623904961505,0.30729247165011003,0.25903128930027497,UP,DOWN,False
2026-06-26 20:05:00+00:00,2,0,False,0.4611953852204489,0.15706878536294255,0.4611953852204489,0.23467801492204482,0.30412659985750634,UP,DOWN,False
2026-06-26 21:05:00+00:00,0,1,False,0.3925560919858094,0.08408615447630874,0.29897397050469,0.3925560919858094,0.30846993750950064,DOWN,NEUTRAL,False
2026-06-26 22:05:00+00:00,2,2,False,0.5467094234275083,0.29702002207330414,0.24968940135420412,0.2036011752182876,0.5467094234275083,UP,UP,True
2026-06-26 23:05:00+00:00,0,0,True,0.8900723783042094,0.8224801285415818,0.8900723783042094,0.04233537193316299,0.06759224976262754,DOWN,DOWN,True
2026-06-29 00:10:00+00:00,2,2,False,0.5977916373550598,0.35023803430561085,0.15465475959549127,0.24755360304944893,0.5977916373550598,UP,UP,True
2026-06-29 01:15:00+00:00,1,2,False,0.42665164947449574,0.011534824197596771,0.41511682527689897,0.15823152524860523,0.42665164947449574,NEUTRAL,UP,False
2026-06-29 02:15:00+00:00,0,2,False,0.43347837325402855,0.031612838840333335,0.4018655344136952,0.16465609233227615,0.43347837325402855,DOWN,UP,False
2026-06-29 03:15:00+00:00,1,2,False,0.5019119693197485,0.14497008404218348,0.356941885277565,0.1411461454026866,0.5019119693197485,NEUTRAL,UP,False
2026-06-29 04:15:00+00:00,1,2,False,0.5936147602350286,0.33240861460098176,0.2612061456340468,0.14517909413092464,0.5936147602350286,NEUTRAL,UP,False
2026-06-29 05:15:00+00:00,2,2,False,0.6860119472585166,0.5224499537791741,0.16356199347934244,0.15042605926214106,0.6860119472585166,UP,UP,True
2026-06-29 06:15:00+00:00,2,2,False,0.715305545351868,0.5699924939557075,0.14531305139616052,0.13938140325197143,0.715305545351868,UP,UP,True
2026-06-29 07:15:00+00:00,0,2,False,0.5669494594376335,0.27750617737948924,0.2894432820581443,0.14360725850422223,0.5669494594376335,DOWN,UP,False
2026-06-29 08:15:00+00:00,2,2,False,0.5136331349673311,0.17197712381663188,0.3416560111506992,0.14471085388196964,0.5136331349673311,UP,UP,True
2026-06-29 09:15:00+00:00,0,2,False,0.6412661208195227,0.37852426441317416,0.26274185640634856,0.09599202277412869,0.6412661208195227,DOWN,UP,False
2026-06-29 10:15:00+00:00,2,2,False,0.6515949596593035,0.47170713506694445,0.17988782459235902,0.1685172157483376,0.6515949596593035,UP,UP,True
2026-06-29 11:15:00+00:00,2,2,False,0.5812824428418214,0.3482926336692671,0.2329898091725543,0.18572774798562425,0.5812824428418214,UP,UP,True
2026-06-29 12:15:00+00:00,2,2,False,0.43644441584792276,0.15282131989327713,0.28362309595464563,0.2799324881974316,0.43644441584792276,UP,UP,True
2026-06-29 13:15:00+00:00,0,0,False,0.4755167683889571,0.18874661688872413,0.4755167683889571,0.23771308011080997,0.286770151500233,DOWN,DOWN,True
2026-06-29 14:15:00+00:00,2,2,False,0.6743038425411784,0.45110022190725363,0.2232036206339247,0.10249253682489697,0.6743038425411784,UP,UP,True
2026-06-29 15:15:00+00:00,2,2,True,0.7732132180954442,0.6259737837585309,0.14723943433691336,0.07954734756764252,0.7732132180954442,UP,UP,True
2026-06-29 16:15:00+00:00,0,2,False,0.5925901940901221,0.3080565705801827,0.28453362350993944,0.12287618239993837,0.5925901940901221,DOWN,UP,False
2026-06-29 17:15:00+00:00,2,0,False,0.41647228872453285,0.019633691499212513,0.41647228872453285,0.18668911405014682,0.39683859722532033,UP,DOWN,False
2026-06-29 18:15:00+00:00,1,1,False,0.523281328961391,0.25560216531688373,0.20903950739410163,0.523281328961391,0.2676791636445073,NEUTRAL,NEUTRAL,True
2026-06-29 19:15:00+00:00,2,2,False,0.4716108456417042,0.18656550911582892,0.24334381783242057,0.28504533652587527,0.4716108456417042,UP,UP,True
2026-06-29 20:15:00+00:00,0,0,False,0.5235367338445552,0.21680270343429153,0.5235367338445552,0.16972923574518106,0.3067340304102637,DOWN,DOWN,True
2026-06-29 21:15:00+00:00,2,0,False,0.45316829565593225,0.10190233620283784,0.45316829565593225,0.19556574489097325,0.3512659594530944,UP,DOWN,False
2026-06-29 22:15:00+00:00,0,0,False,0.46306080285190504,0.16766650889684342,0.46306080285190504,0.24154490319303326,0.2953942939550616,DOWN,DOWN,True
2026-06-29 23:15:00+00:00,0,0,False,0.7433052589583046,0.5549664497186692,0.7433052589583046,0.18833880923963545,0.06835593180205984,DOWN,DOWN,True
2026-06-30 00:15:00+00:00,2,2,True,0.7513558254474173,0.6135017333682115,0.11079008247337692,0.13785409207920585,0.7513558254474173,UP,UP,True
2026-06-30 01:15:00+00:00,0,2,False,0.6944029912193194,0.5339243760785273,0.16047861514079204,0.14511839363988857,0.6944029912193194,DOWN,UP,False
2026-06-30 02:15:00+00:00,2,2,False,0.7329174658781178,0.5393192152278995,0.19359825065021832,0.07348428347166387,0.7329174658781178,UP,UP,True
2026-06-30 03:15:00+00:00,2,2,False,0.6086606545820119,0.33011755517741753,0.2785430994045944,0.11279624601339361,0.6086606545820119,UP,UP,True
2026-06-30 04:15:00+00:00,1,0,False,0.5499013243932026,0.2582455716601608,0.5499013243932026,0.1584429228737556,0.2916557527330418,NEUTRAL,DOWN,False
2026-06-30 05:15:00+00:00,2,0,False,0.421268535999126,0.10798538577488359,0.421268535999126,0.26544831377663164,0.3132831502242424,UP,DOWN,False
2026-06-30 06:15:00+00:00,0,0,False,0.38621045580912144,0.002741653587444548,0.38621045580912144,0.23032074196920166,0.3834688022216769,DOWN,DOWN,True
2026-06-30 07:15:00+00:00,1,0,False,0.40045028356873325,0.015990440293257857,0.40045028356873325,0.2150898731557913,0.3844598432754754,NEUTRAL,DOWN,False
2026-06-30 08:15:00+00:00,2,2,False,0.39880563120048806,0.06591931166739834,0.3328863195330897,0.26830804926642216,0.39880563120048806,UP,UP,True
2026-06-30 09:15:00+00:00,0,0,False,0.5274315664462584,0.2841306168969777,0.5274315664462584,0.24330094954928072,0.22926748400446081,DOWN,DOWN,True
2026-06-30 10:15:00+00:00,2,0,False,0.3546676825784511,0.0316892621066755,0.3546676825784511,0.3223538969497733,0.3229784204717756,UP,DOWN,False
2026-06-30 11:15:00+00:00,1,0,False,0.474571368746693,0.20678317495680315,0.474571368746693,0.26778819378988983,0.2576404374634172,NEUTRAL,DOWN,False
2026-06-30 12:15:00+00:00,1,0,False,0.4557321738021888,0.15435680131222612,0.4557321738021888,0.30137537248996266,0.24289245370784868,NEUTRAL,DOWN,False
2026-06-30 13:15:00+00:00,2,2,False,0.3391448960446134,0.00536060211869005,0.33378429392592335,0.3270708100294632,0.3391448960446134,UP,UP,True
2026-06-30 14:15:00+00:00,2,2,False,0.4040981268754681,0.053754992536571955,0.35034313433889613,0.2455587387856357,0.4040981268754681,UP,UP,True
2026-06-30 15:15:00+00:00,0,0,False,0.47258463924406074,0.14870255678863803,0.47258463924406074,0.20353327830051662,0.3238820824554227,DOWN,DOWN,True
2026-06-30 16:15:00+00:00,2,0,False,0.34713660151098025,0.0190972977486209,0.34713660151098025,0.3248240947266605,0.32803930376235935,UP,DOWN,False
2026-06-30 17:15:00+00:00,2,0,False,0.3612294080712312,0.013741683160159557,0.3612294080712312,0.34748772491107166,0.29128286701769707,UP,DOWN,False
2026-06-30 18:15:00+00:00,2,1,False,0.42358074736758394,0.07378100166729062,0.3497997457002933,0.42358074736758394,0.22661950693212277,UP,NEUTRAL,False
2026-06-30 19:15:00+00:00,0,1,False,0.47247348705721126,0.10747838416696065,0.3649951028902506,0.47247348705721126,0.16253141005253818,DOWN,NEUTRAL,False
2026-06-30 20:15:00+00:00,0,0,False,0.5310230221314891,0.27318310103428434,0.5310230221314891,0.25783992109720477,0.21113705677130595,DOWN,DOWN,True
2026-06-30 21:15:00+00:00,0,1,False,0.4192474431488169,0.12869117962127552,0.2905562635275414,0.4192474431488169,0.29019629332364166,DOWN,NEUTRAL,False
2026-06-30 22:15:00+00:00,0,2,False,0.46546842598764204,0.1634864766539323,0.23254962467864812,0.30198194933370975,0.46546842598764204,DOWN,UP,False
2026-06-30 23:15:00+00:00,2,0,False,0.5791553425427578,0.23552501969581685,0.5791553425427578,0.34363032284694095,0.07721433461030117,UP,DOWN,False
2026-07-01 00:15:00+00:00,2,2,False,0.5313197898425621,0.2677877921544349,0.26353199768812724,0.20514821246931064,0.5313197898425621,UP,UP,True
2026-07-01 01:15:00+00:00,0,0,False,0.4263423678243499,0.029380146558857012,0.4263423678243499,0.1766954109101571,0.3969622212654929,DOWN,DOWN,True
2026-07-01 02:15:00+00:00,2,2,False,0.7261751062647579,0.5501538579153228,0.1760212483494351,0.09780364538580699,0.7261751062647579,UP,UP,True
2026-07-01 03:15:00+00:00,1,2,False,0.4820121951435081,0.09496514058848393,0.3870470545550242,0.13094075030146768,0.4820121951435081,NEUTRAL,UP,False
2026-07-01 04:15:00+00:00,0,2,False,0.44721189814697854,0.03523703226221797,0.41197486588476057,0.14081323596826087,0.44721189814697854,DOWN,UP,False
2026-07-01 05:15:00+00:00,2,0,False,0.38654806310793366,0.07247947447170605,0.38654806310793366,0.3140685886362276,0.2993833482558387,UP,DOWN,False
2026-07-01 06:15:00+00:00,1,2,False,0.4394466722447621,0.06617124490913379,0.3732754273356283,0.1872779004196096,0.4394466722447621,NEUTRAL,UP,False
2026-07-01 07:15:00+00:00,0,2,False,0.5278835806419298,0.1860814561955969,0.34180212444633284,0.1303142949117375,0.5278835806419298,DOWN,UP,False
2026-07-01 08:15:00+00:00,1,2,False,0.40815413863972433,0.04127859711727322,0.3668755415224511,0.22497031983782464,0.40815413863972433,NEUTRAL,UP,False
2026-07-01 09:15:00+00:00,0,2,False,0.40607594453355117,0.0004917158442345193,0.40558422868931665,0.1883398267771322,0.40607594453355117,DOWN,UP,False
2026-07-01 10:15:00+00:00,1,0,False,0.4363856794566603,0.047353463222886194,0.4363856794566603,0.17458210430956564,0.3890322162337741,NEUTRAL,DOWN,False
2026-07-01 11:15:00+00:00,2,0,False,0.4908703405532928,0.23404915825854605,0.4908703405532928,0.2523084771519605,0.25682118229474676,UP,DOWN,False
2026-07-01 12:15:00+00:00,0,2,False,0.3670546803353051,0.03721937374630907,0.329835306588996,0.3031100130756989,0.3670546803353051,DOWN,UP,False
2026-07-01 13:15:00+00:00,2,2,False,0.5406469486633761,0.2969282630098087,0.2437186856535675,0.21563436568305624,0.5406469486633761,UP,UP,True
2026-07-01 14:15:00+00:00,1,2,False,0.6599051650693888,0.44626703855030003,0.21363812651908873,0.1264567084115226,0.6599051650693888,NEUTRAL,UP,False
2026-07-01 15:15:00+00:00,0,2,False,0.5362714050588094,0.24443683247806108,0.29183457258074835,0.17189402236044227,0.5362714050588094,DOWN,UP,False
2026-07-01 16:15:00+00:00,0,2,False,0.5707492429565114,0.24715361895832827,0.32359562399818315,0.10565513304530554,0.5707492429565114,DOWN,UP,False
2026-07-01 17:15:00+00:00,2,0,False,0.6568350269077381,0.4571626351606398,0.6568350269077381,0.1996723917470983,0.14349258134516363,UP,DOWN,False
2026-07-01 18:15:00+00:00,1,1,False,0.4536972924278884,0.06134204345785166,0.39235524897003676,0.4536972924278884,0.15394745860207484,NEUTRAL,NEUTRAL,True
2026-07-01 19:15:00+00:00,2,1,False,0.46586083001390927,0.19085944418926631,0.27500138582464295,0.46586083001390927,0.2591377841614477,UP,NEUTRAL,False
2026-07-01 20:15:00+00:00,2,1,False,0.4551014514001161,0.1339842726528504,0.3211171787472657,0.4551014514001161,0.22378136985261818,UP,NEUTRAL,False
2026-07-01 21:15:00+00:00,1,2,False,0.38440085401871066,0.0032889820486980414,0.3811118719700126,0.23448727401127673,0.38440085401871066,NEUTRAL,UP,False
2026-07-01 22:15:00+00:00,2,2,False,0.5819200368747709,0.3607430243477152,0.2211770125270557,0.19690295059817342,0.5819200368747709,UP,UP,True
2026-07-01 23:15:00+00:00,0,0,True,0.878335277341502,0.7825108212902843,0.878335277341502,0.09582445605121767,0.025840266607280442,DOWN,DOWN,True
2026-07-02 00:15:00+00:00,1,2,False,0.5904152844137253,0.36309584554489804,0.18226527671744755,0.22731943886882724,0.5904152844137253,NEUTRAL,UP,False
2026-07-02 01:15:00+00:00,2,2,False,0.7047265895476514,0.4974509083652797,0.20727568118237175,0.08799772926997679,0.7047265895476514,UP,UP,True
2026-07-02 02:15:00+00:00,0,2,False,0.6700703899006304,0.4116888004847399,0.2583815894158905,0.07154802068347903,0.6700703899006304,DOWN,UP,False
2026-07-02 03:15:00+00:00,2,2,False,0.6976406388055759,0.44364044301532196,0.25400019579025396,0.04835916540417021,0.6976406388055759,UP,UP,True
2026-07-02 04:15:00+00:00,0,2,False,0.551780981797464,0.21610711882574113,0.3356738629717229,0.112545155230813,0.551780981797464,DOWN,UP,False
2026-07-02 05:15:00+00:00,1,2,False,0.5686015753177316,0.34995912653180716,0.21864244878592443,0.21275597589634393,0.5686015753177316,NEUTRAL,UP,False
2026-07-02 06:15:00+00:00,0,2,False,0.731978463651405,0.5736357435188169,0.15834272013258807,0.10967881621600692,0.731978463651405,DOWN,UP,False
2026-07-02 07:15:00+00:00,0,2,False,0.6216977233013872,0.3848583440753637,0.23683937922602347,0.1414628974725894,0.6216977233013872,DOWN,UP,False
2026-07-02 08:15:00+00:00,0,2,True,0.766623050294767,0.6106700158496063,0.15595303444516057,0.07742391526007245,0.766623050294767,DOWN,UP,False
2026-07-02 09:15:00+00:00,0,0,False,0.43709710072704105,0.08437669493082939,0.43709710072704105,0.21018249347674722,0.35272040579621167,DOWN,DOWN,True
2026-07-02 10:15:00+00:00,0,0,False,0.46022353881245814,0.05631694210131255,0.46022353881245814,0.4039065967111456,0.13586986447639623,DOWN,DOWN,True
2026-07-02 11:15:00+00:00,1,1,False,0.5275343587317959,0.1510458625440637,0.37648849618773217,0.5275343587317959,0.09597714508047189,NEUTRAL,NEUTRAL,True
2026-07-02 12:15:00+00:00,2,0,False,0.6949738187926501,0.43727163302639205,0.6949738187926501,0.25770218576625803,0.04732399544109185,UP,DOWN,False
2026-07-02 13:15:00+00:00,1,0,False,0.5209463231283536,0.23777728521774388,0.5209463231283536,0.19588463896103644,0.28316903791060977,NEUTRAL,DOWN,False
2026-07-02 14:15:00+00:00,2,0,False,0.5793459169831033,0.32602858105583804,0.5793459169831033,0.2533173359272653,0.16733674708963134,UP,DOWN,False
2026-07-02 15:15:00+00:00,0,0,False,0.6229580134850149,0.39726076060738025,0.6229580134850149,0.22569725287763465,0.15134473363735057,DOWN,DOWN,True
2026-07-02 16:15:00+00:00,0,0,False,0.6103030647078037,0.31483790865621636,0.6103030647078037,0.29546515605158735,0.09423177924060898,DOWN,DOWN,True
2026-07-02 17:15:00+00:00,1,1,False,0.48141389206947466,0.10703858030450453,0.37437531176497013,0.48141389206947466,0.14421079616555516,NEUTRAL,NEUTRAL,True
2026-07-02 18:15:00+00:00,2,0,False,0.4555201566016847,0.07630117806475256,0.4555201566016847,0.37921897853693215,0.16526086486138317,UP,DOWN,False
2026-07-02 19:15:00+00:00,2,0,False,0.446289479819283,0.0657201003580204,0.446289479819283,0.3805693794612626,0.17314114071945427,UP,DOWN,False
2026-07-02 20:15:00+00:00,1,0,False,0.4605606966320621,0.14565510126778763,0.4605606966320621,0.3149055953642745,0.22453370800366335,NEUTRAL,DOWN,False
2026-07-02 21:15:00+00:00,1,0,False,0.4845426793330488,0.18003806038293346,0.4845426793330488,0.3045046189501153,0.2109527017168359,NEUTRAL,DOWN,False
2026-07-02 22:15:00+00:00,1,1,False,0.4220694396935696,0.10819048184415614,0.2640516024570169,0.4220694396935696,0.31387895784941344,NEUTRAL,NEUTRAL,True
2026-07-02 23:15:00+00:00,0,0,True,0.7631342749117309,0.5558904638549118,0.7631342749117309,0.20724381105681908,0.02962191403145005,DOWN,DOWN,True
2026-07-03 00:15:00+00:00,2,2,False,0.4280775736481806,0.046625988447689115,0.3814515852004915,0.19047084115132795,0.4280775736481806,UP,UP,True
2026-07-03 01:15:00+00:00,2,0,False,0.550842657647199,0.23364485819076974,0.550842657647199,0.13195954289637182,0.31719779945642923,UP,DOWN,False
2026-07-03 02:15:00+00:00,2,0,False,0.6676105089917773,0.4004158756986574,0.6676105089917773,0.06519485771510268,0.26719463329311993,UP,DOWN,False
2026-07-03 03:15:00+00:00,0,0,False,0.4846051082637778,0.2127327109159008,0.4846051082637778,0.271872397347877,0.24352249438834542,DOWN,DOWN,True
2026-07-03 04:15:00+00:00,2,2,False,0.4504245033598514,0.14347579875471045,0.30694870460514095,0.24262679203500762,0.4504245033598514,UP,UP,True
2026-07-03 05:15:00+00:00,2,2,False,0.5428378816265459,0.29863993835139263,0.2129641750983009,0.24419794327515326,0.5428378816265459,UP,UP,True
2026-07-03 06:15:00+00:00,1,2,False,0.4185921921807334,0.11814485030378435,0.2809604659423176,0.30044734187694905,0.4185921921807334,NEUTRAL,UP,False
2026-07-03 07:15:00+00:00,0,2,False,0.6030288265037104,0.39383253985773425,0.2091962866459761,0.18777488685031352,0.6030288265037104,DOWN,UP,False
2026-07-03 08:15:00+00:00,0,0,False,0.4962472347396518,0.23377452463890835,0.4962472347396518,0.26247271010074347,0.24128005515960474,DOWN,DOWN,True
2026-07-03 09:15:00+00:00,0,0,False,0.5300518850988527,0.2334140245359424,0.5300518850988527,0.2966378605629103,0.17331025433823694,DOWN,DOWN,True
2026-07-03 10:15:00+00:00,2,1,False,0.484532179126363,0.08238072434024396,0.402151454786119,0.484532179126363,0.11331636608751802,UP,NEUTRAL,False
2026-07-03 11:15:00+00:00,2,1,False,0.43897121353546203,0.1189743196775131,0.31999689385794894,0.43897121353546203,0.2410318926065891,UP,NEUTRAL,False
2026-07-03 12:15:00+00:00,2,0,False,0.48596453630905817,0.10435996461213154,0.48596453630905817,0.38160457169692663,0.13243089199401512,UP,DOWN,False
2026-07-03 13:15:00+00:00,0,0,False,0.4713096193877709,0.11923932426074707,0.4713096193877709,0.3520702951270238,0.17662008548520522,DOWN,DOWN,True
2026-07-03 14:15:00+00:00,2,1,False,0.40531790331659934,0.07643592916844105,0.3288819741481583,0.40531790331659934,0.2658001225352423,UP,NEUTRAL,False
2026-07-03 15:15:00+00:00,2,0,False,0.631066992402213,0.44481051842679475,0.631066992402213,0.18625647397541822,0.1826765336223688,UP,DOWN,False
2026-07-03 16:15:00+00:00,1,0,False,0.7310153179459429,0.5960701099516128,0.7310153179459429,0.13494520799433013,0.13403947405972694,NEUTRAL,DOWN,False
2026-07-03 17:15:00+00:00,2,0,False,0.6914889535310534,0.5111801964421718,0.6914889535310534,0.12820228938006498,0.1803087570888816,UP,DOWN,False
2026-07-03 18:15:00+00:00,2,0,False,0.6255672952561545,0.42687261396699194,0.6255672952561545,0.1986946812891626,0.17573802345468287,UP,DOWN,False
2026-07-03 19:15:00+00:00,0,0,False,0.4226401508620535,0.014941178040846603,0.4226401508620535,0.4076989728212069,0.1696608763167396,DOWN,DOWN,True
2026-07-03 20:15:00+00:00,1,0,False,0.5336435213446782,0.2843372666052102,0.5336435213446782,0.2170502239158538,0.24930625473946802,NEUTRAL,DOWN,False
2026-07-03 21:15:00+00:00,2,1,False,0.3631433503021754,0.033033851999089425,0.330109498303086,0.3631433503021754,0.3067471513947385,UP,NEUTRAL,False
2026-07-03 22:15:00+00:00,2,0,False,0.5144898424025268,0.22852934836723837,0.5144898424025268,0.28596049403528845,0.1995496635621848,UP,DOWN,False
2026-07-03 23:15:00+00:00,0,0,True,0.8849921837606215,0.8198908147986115,0.8849921837606215,0.04990644727736852,0.06510136896200996,DOWN,DOWN,True
2026-07-06 00:15:00+00:00,2,2,True,0.7993605936668534,0.6965918335076081,0.09787064617390144,0.10276876015924526,0.7993605936668534,UP,UP,True
2026-07-06 01:15:00+00:00,2,0,False,0.5162400759886983,0.20161655215774038,0.5162400759886983,0.1691364001803438,0.3146235238309579,UP,DOWN,False
2026-07-06 02:15:00+00:00,2,0,False,0.469621873799119,0.05188104349213535,0.469621873799119,0.11263729589389718,0.41774083030698367,UP,DOWN,False
2026-07-06 03:15:00+00:00,2,2,False,0.46778008958901973,0.07146531303191844,0.3963147765571013,0.13590513385387903,0.46778008958901973,UP,UP,True
2026-07-06 04:15:00+00:00,2,0,False,0.4735690578930911,0.20968818979706522,0.4735690578930911,0.2638808680960259,0.2625500740108829,UP,DOWN,False
2026-07-06 05:15:00+00:00,1,0,False,0.48133448721123623,0.19746941941170087,0.48133448721123623,0.28386506779953535,0.2348004449892285,NEUTRAL,DOWN,False
2026-07-06 06:15:00+00:00,2,0,False,0.5313582430269974,0.26333907621969116,0.5313582430269974,0.2006225901656964,0.26801916680730625,UP,DOWN,False
2026-07-06 07:15:00+00:00,2,0,False,0.4958659426919317,0.2200865480926189,0.4958659426919317,0.2757793945993128,0.2283546627087555,UP,DOWN,False
2026-07-06 08:15:00+00:00,2,0,False,0.5289935285960085,0.2815267666416873,0.5289935285960085,0.22353970944967036,0.24746676195432113,UP,DOWN,False
2026-07-06 09:15:00+00:00,2,0,False,0.5447209369499422,0.28410087567505443,0.5447209369499422,0.26062006127488774,0.19465900177517012,UP,DOWN,False
2026-07-06 10:15:00+00:00,1,0,False,0.4011128620972646,0.024594202779373686,0.4011128620972646,0.3765186593178909,0.2223684785848446,NEUTRAL,DOWN,False
2026-07-06 11:15:00+00:00,2,1,False,0.4487281733138661,0.020491176324007043,0.42823699698985906,0.4487281733138661,0.12303482969627484,UP,NEUTRAL,False
2026-07-06 12:15:00+00:00,1,1,False,0.48311973989163526,0.09559490127520665,0.3875248386164286,0.48311973989163526,0.12935542149193607,NEUTRAL,NEUTRAL,True
2026-07-06 13:15:00+00:00,2,0,False,0.4872498770353854,0.07119639326620092,0.4872498770353854,0.4160534837691845,0.09669663919543006,UP,DOWN,False
2026-07-06 14:15:00+00:00,2,1,False,0.4007582471278589,0.0016302884169924203,0.3991279587108665,0.4007582471278589,0.2001137941612745,UP,NEUTRAL,False
2026-07-06 15:15:00+00:00,2,0,False,0.44326596684667585,0.09894002386690065,0.44326596684667585,0.212408090173549,0.3443259429797752,UP,DOWN,False
2026-07-06 16:15:00+00:00,0,2,False,0.43000674570388014,0.015051840800413496,0.41495490490346665,0.15503834939265332,0.43000674570388014,DOWN,UP,False
2026-07-06 17:15:00+00:00,2,2,False,0.4923847059383754,0.17988720910533823,0.3124974968330372,0.19511779722858738,0.4923847059383754,UP,UP,True
2026-07-06 18:15:00+00:00,0,2,False,0.36343241943034493,0.021866549709831207,0.29500171084914134,0.3415658697205137,0.36343241943034493,DOWN,UP,False
2026-07-06 19:15:00+00:00,0,2,False,0.6640988185537098,0.46243491269752635,0.13423727559010676,0.20166390585618346,0.6640988185537098,DOWN,UP,False
2026-07-06 20:15:00+00:00,0,2,False,0.664337328822668,0.45984232003399733,0.13116766238866126,0.20449500878867072,0.664337328822668,DOWN,UP,False
2026-07-06 21:15:00+00:00,0,2,False,0.574917728222,0.3499500010435198,0.20011454459951963,0.22496772717848024,0.574917728222,DOWN,UP,False
2026-07-06 22:15:00+00:00,1,2,False,0.7100335866029223,0.539778670877156,0.11971149767131159,0.17025491572576623,0.7100335866029223,NEUTRAL,UP,False
2026-07-06 23:15:00+00:00,0,0,False,0.7072580327614242,0.4590015585943634,0.7072580327614242,0.24825647416706076,0.04448549307151504,DOWN,DOWN,True
2026-07-07 00:15:00+00:00,1,2,False,0.5367699321394505,0.2828280919290793,0.25394184021037114,0.2092882276501785,0.5367699321394505,NEUTRAL,UP,False
2026-07-07 01:15:00+00:00,0,2,False,0.6851648865191118,0.44030257139162077,0.24486231512749104,0.06997279835339719,0.6851648865191118,DOWN,UP,False
2026-07-07 02:15:00+00:00,2,2,False,0.709405357686991,0.4720390100661005,0.23736634762089046,0.05322829469211866,0.709405357686991,UP,UP,True
2026-07-07 03:15:00+00:00,0,2,False,0.5773604708088074,0.32094873265832735,0.25641173815048,0.16622779104071256,0.5773604708088074,DOWN,UP,False
2026-07-07 04:15:00+00:00,0,2,False,0.5171756309068918,0.20354497158601786,0.3136306593208739,0.16919370977223433,0.5171756309068918,DOWN,UP,False
2026-07-07 05:15:00+00:00,0,2,False,0.4659309599976255,0.19757985381391374,0.2683511061837118,0.2657179338186628,0.4659309599976255,DOWN,UP,False
2026-07-07 06:15:00+00:00,1,2,False,0.4093783445129306,0.052788739508134286,0.3565896050047963,0.23403205048227307,0.4093783445129306,NEUTRAL,UP,False
2026-07-07 07:15:00+00:00,0,2,False,0.40150719805061985,0.05640992572022696,0.3450972723303929,0.25339552961898726,0.40150719805061985,DOWN,UP,False
2026-07-07 08:15:00+00:00,2,0,False,0.46717625241734423,0.13967062651972323,0.46717625241734423,0.20531812168503474,0.327505625897621,UP,DOWN,False
2026-07-07 09:15:00+00:00,0,0,False,0.5823670097062686,0.3672484169575083,0.5823670097062686,0.2025143975449711,0.21511859274876036,DOWN,DOWN,True
2026-07-07 10:15:00+00:00,2,0,False,0.5724483136500067,0.2729115896886032,0.5724483136500067,0.12801496238858984,0.2995367239614035,UP,DOWN,False
2026-07-07 11:15:00+00:00,1,0,False,0.3758647769257244,0.0029578457041954387,0.3758647769257244,0.37290693122152896,0.2512282918527467,NEUTRAL,DOWN,False
2026-07-07 12:15:00+00:00,2,1,False,0.4306576468871146,0.1340602772448874,0.2965973696422272,0.4306576468871146,0.27274498347065806,UP,NEUTRAL,False
2026-07-07 13:15:00+00:00,0,2,False,0.3385999512097835,0.005563015003399507,0.32836311258383255,0.33303693620638397,0.3385999512097835,DOWN,UP,False
2026-07-07 14:15:00+00:00,1,0,False,0.4273247162415558,0.1266177161039257,0.4273247162415558,0.27196828362081393,0.30070700013763013,NEUTRAL,DOWN,False
2026-07-07 15:15:00+00:00,1,0,False,0.5222058082945956,0.24933894826987052,0.5222058082945956,0.2049273316806793,0.2728668600247251,NEUTRAL,DOWN,False
2026-07-07 16:15:00+00:00,2,0,False,0.47015893394302066,0.13991678661823004,0.47015893394302066,0.19959891873218863,0.3302421473247906,UP,DOWN,False
2026-07-07 17:15:00+00:00,0,2,False,0.3591615344805433,0.011951573990211906,0.34720996049033137,0.2936285050291253,0.3591615344805433,DOWN,UP,False
2026-07-07 18:15:00+00:00,2,1,False,0.4518687724786013,0.12129203677868577,0.21755449182148312,0.4518687724786013,0.3305767356999155,UP,NEUTRAL,False
2026-07-07 19:15:00+00:00,2,1,False,0.3966537626234163,0.0330561695841996,0.23974864433736717,0.3966537626234163,0.3635975930392167,UP,NEUTRAL,False
2026-07-07 20:15:00+00:00,0,2,False,0.44348058877468793,0.11383619288350649,0.22687501533413057,0.32964439589118144,0.44348058877468793,DOWN,UP,False
2026-07-07 21:15:00+00:00,2,2,False,0.6717453123765769,0.44445256618988993,0.1009619414367362,0.2272927461866869,0.6717453123765769,UP,UP,True
2026-07-07 22:15:00+00:00,1,0,False,0.39680542426823917,0.03559090443804719,0.39680542426823917,0.24198005590156887,0.361214519830192,NEUTRAL,DOWN,False
2026-07-07 23:15:00+00:00,1,0,True,0.8857406531770627,0.8030956687528843,0.8857406531770627,0.08264498442417839,0.0316143623987589,NEUTRAL,DOWN,False
2026-07-08 00:15:00+00:00,1,0,False,0.550780191169711,0.2816669837911992,0.550780191169711,0.18010660145177726,0.2691132073785118,NEUTRAL,DOWN,False
2026-07-08 01:15:00+00:00,2,0,False,0.43289135404988416,0.07339858844418462,0.43289135404988416,0.20761588034441628,0.35949276560569954,UP,DOWN,False
2026-07-08 02:15:00+00:00,2,0,False,0.5576640609700503,0.2228110737492579,0.5576640609700503,0.10748295180915739,0.3348529872207924,UP,DOWN,False
2026-07-08 03:15:00+00:00,1,2,False,0.5262667291909443,0.16753154283263144,0.35873518635831286,0.11499808445074282,0.5262667291909443,NEUTRAL,UP,False
2026-07-08 04:15:00+00:00,2,0,False,0.41534453609024913,0.05617946161115883,0.41534453609024913,0.2254903894306606,0.3591650744790903,UP,DOWN,False
2026-07-08 05:15:00+00:00,0,0,False,0.44486281813752976,0.06672367526653256,0.44486281813752976,0.17699803899147312,0.3781391428709972,DOWN,DOWN,True
2026-07-08 06:15:00+00:00,2,2,False,0.4266096797548036,0.12438292361211278,0.3022267561426908,0.27116356410250564,0.4266096797548036,UP,UP,True
2026-07-08 07:15:00+00:00,0,2,False,0.5741291191116458,0.30324424496102464,0.2708848741506211,0.15498600673773305,0.5741291191116458,DOWN,UP,False
2026-07-08 08:15:00+00:00,0,2,False,0.7172337163151037,0.5571002174904044,0.16013349882469927,0.1226327848601971,0.7172337163151037,DOWN,UP,False
2026-07-08 09:15:00+00:00,0,0,False,0.4731046658349149,0.11395644372549146,0.4731046658349149,0.16774711205566156,0.35914822210942343,DOWN,DOWN,True
2026-07-08 10:15:00+00:00,2,0,False,0.49281189033159584,0.22980836088648937,0.49281189033159584,0.24418458022329778,0.26300352944510647,UP,DOWN,False
2026-07-08 11:15:00+00:00,2,0,False,0.5998469756447922,0.3204670750973872,0.5998469756447922,0.27937990054740497,0.12077312380780286,UP,DOWN,False
2026-07-08 12:15:00+00:00,0,0,False,0.45097622269181087,0.039973776963532215,0.45097622269181087,0.41100244572827865,0.13802133157991062,DOWN,DOWN,True
2026-07-08 13:15:00+00:00,2,0,False,0.46394589691297616,0.0907978207131992,0.46394589691297616,0.37314807619977697,0.16290602688724692,UP,DOWN,False
2026-07-08 14:15:00+00:00,0,0,False,0.4532376833790048,0.09866551453026712,0.4532376833790048,0.35457216884873766,0.19219014777225754,DOWN,DOWN,True
2026-07-08 15:15:00+00:00,2,0,False,0.4669425726167225,0.18784234200399802,0.4669425726167225,0.2791002306127245,0.2539571967705529,UP,DOWN,False
2026-07-08 16:15:00+00:00,1,0,False,0.4100711648956519,0.05823230865996132,0.4100711648956519,0.23808997886865765,0.35183885623569056,NEUTRAL,DOWN,False
2026-07-08 17:15:00+00:00,2,0,False,0.43044532877088654,0.08983008356900535,0.43044532877088654,0.3406152452018812,0.22893942602723227,UP,DOWN,False
2026-07-08 18:15:00+00:00,0,0,False,0.5377957043439736,0.3041095467892191,0.5377957043439736,0.2336861575547545,0.22851813810127175,DOWN,DOWN,True
2026-07-08 19:15:00+00:00,0,0,False,0.4693271226581812,0.1339534754538313,0.4693271226581812,0.3353736472043499,0.19529923013746886,DOWN,DOWN,True
2026-07-08 20:15:00+00:00,2,2,False,0.4367406724610558,0.12003433691292009,0.2465529919908085,0.3167063355481357,0.4367406724610558,UP,UP,True
2026-07-08 21:15:00+00:00,0,1,False,0.37691308575817983,0.015573158921823038,0.3613399268363568,0.37691308575817983,0.2617469874054634,DOWN,NEUTRAL,False
2026-07-08 22:15:00+00:00,2,2,False,0.5605928537734358,0.27662685356912575,0.1554411460222542,0.28396600020431007,0.5605928537734358,UP,UP,True
2026-07-08 23:15:00+00:00,1,0,True,0.8511680296423098,0.7248631273995312,0.8511680296423098,0.12630490224277852,0.022527068114911716,NEUTRAL,DOWN,False
2026-07-09 00:15:00+00:00,2,2,False,0.419797184750862,0.030622223483507516,0.38917496126735446,0.1910278539817836,0.419797184750862,UP,UP,True
2026-07-09 01:15:00+00:00,0,0,False,0.4751494116428315,0.09339541674595586,0.4751494116428315,0.14309659346029294,0.3817539948968756,DOWN,DOWN,True
2026-07-09 02:15:00+00:00,0,2,False,0.7254872839065201,0.5162630794838846,0.20922420442263542,0.06528851167084446,0.7254872839065201,DOWN,UP,False
2026-07-09 03:15:00+00:00,2,0,False,0.5424050385063868,0.18845500125231401,0.5424050385063868,0.10364492423954047,0.35395003725407276,UP,DOWN,False
2026-07-09 04:15:00+00:00,0,0,False,0.5072988220081155,0.25325649138180184,0.5072988220081155,0.2386588473655708,0.25404233062631365,DOWN,DOWN,True
2026-07-09 05:15:00+00:00,2,0,False,0.45222806070683974,0.1345986245283436,0.45222806070683974,0.23014250311466422,0.31762943617849615,UP,DOWN,False
2026-07-09 06:15:00+00:00,0,2,False,0.6635808893851973,0.4276035910597748,0.23597729832542252,0.10044181228938019,0.6635808893851973,DOWN,UP,False
2026-07-09 07:15:00+00:00,0,2,True,0.7688453291848949,0.650209870266002,0.11863545891889299,0.11251921189621214,0.7688453291848949,DOWN,UP,False
2026-07-09 08:15:00+00:00,0,2,False,0.6907759290114972,0.4402967087993836,0.2504792202121136,0.05874485077638922,0.6907759290114972,DOWN,UP,False
2026-07-09 09:15:00+00:00,2,2,False,0.6539461194562166,0.3638875680135163,0.2900585514427003,0.055995329101083104,0.6539461194562166,UP,UP,True
2026-07-09 10:15:00+00:00,0,0,False,0.6117138599183248,0.4174841667921806,0.6117138599183248,0.19405644695553081,0.19422969312614424,DOWN,DOWN,True
2026-07-09 11:15:00+00:00,2,0,False,0.4766802779741783,0.19750701230832235,0.4766802779741783,0.27917326566585593,0.24414645635996585,UP,DOWN,False
2026-07-09 12:15:00+00:00,1,0,False,0.5339890355929127,0.27911418418514256,0.5339890355929127,0.21113611299931725,0.2548748514077701,NEUTRAL,DOWN,False
2026-07-09 13:15:00+00:00,2,1,False,0.3561719965354068,0.0249683654317287,0.3312036311036781,0.3561719965354068,0.31262437236091517,UP,NEUTRAL,False
2026-07-09 14:15:00+00:00,0,0,False,0.4462080102070201,0.0446994535034696,0.4462080102070201,0.1522834330894295,0.4015085567035505,DOWN,DOWN,True
2026-07-09 15:15:00+00:00,0,2,False,0.48500610984654063,0.13435011059951224,0.3506559992470284,0.16433789090643106,0.48500610984654063,DOWN,UP,False
2026-07-09 16:15:00+00:00,2,2,False,0.44029383467301475,0.11018078975108958,0.33011304492192517,0.2295931204050602,0.44029383467301475,UP,UP,True
2026-07-09 17:15:00+00:00,2,0,False,0.5280655855791372,0.27645395679268653,0.5280655855791372,0.22032278563441207,0.25161162878645066,UP,DOWN,False
2026-07-09 18:15:00+00:00,0,1,False,0.3845765102410067,0.0012024623759104847,0.3833740478650962,0.3845765102410067,0.23204944189389706,DOWN,NEUTRAL,False
2026-07-09 19:15:00+00:00,0,1,False,0.42140264804942473,0.016805753232512655,0.4045968948169121,0.42140264804942473,0.17400045713366316,DOWN,NEUTRAL,False
2026-07-09 20:15:00+00:00,2,2,False,0.5663394232574155,0.3299449527428596,0.19726610622802868,0.23639447051455587,0.5663394232574155,UP,UP,True
2026-07-09 21:15:00+00:00,2,2,False,0.6983717935927226,0.5334128678693683,0.16495892572335435,0.13666928068392303,0.6983717935927226,UP,UP,True
2026-07-09 22:15:00+00:00,2,2,False,0.6762385442011111,0.5140430820670205,0.16219546213409058,0.16156599366479824,0.6762385442011111,UP,UP,True
2026-07-09 23:15:00+00:00,0,0,True,0.837352078255953,0.7189496951876683,0.837352078255953,0.11840238306828474,0.04424553867576225,DOWN,DOWN,True
2026-07-10 00:15:00+00:00,2,2,False,0.6459283308795003,0.46678525154441886,0.17914307933508147,0.17492858978541825,0.6459283308795003,UP,UP,True
2026-07-10 01:20:00+00:00,2,2,False,0.6868630455603355,0.46506016494278113,0.2218028806175544,0.09133407382211006,0.6868630455603355,UP,UP,True
2026-07-10 02:20:00+00:00,2,2,False,0.5921294230307681,0.2758346526552101,0.316294770375558,0.09157580659367393,0.5921294230307681,UP,UP,True
2026-07-10 03:20:00+00:00,0,2,False,0.5968049836130805,0.33319431064039995,0.2636106729726806,0.1395843434142389,0.5968049836130805,DOWN,UP,False
2026-07-10 04:20:00+00:00,0,2,False,0.5064426961232371,0.2262773584861411,0.21339196623966689,0.280165337637096,0.5064426961232371,DOWN,UP,False
2026-07-10 05:20:00+00:00,1,2,False,0.7278769807751858,0.5790355209740898,0.12328155942371817,0.14884145980109595,0.7278769807751858,NEUTRAL,UP,False
2026-07-10 06:20:00+00:00,2,2,False,0.4233772331386759,0.04913245735888366,0.37424477577979226,0.20237799108153184,0.4233772331386759,UP,UP,True
2026-07-10 07:20:00+00:00,1,0,False,0.44366082234649096,0.12097345595528525,0.44366082234649096,0.23365181126230317,0.3226873663912057,NEUTRAL,DOWN,False
2026-07-10 08:20:00+00:00,0,0,False,0.42818770199597184,0.07565552809243364,0.42818770199597184,0.3525321739035382,0.2192801241004899,DOWN,DOWN,True
2026-07-10 09:20:00+00:00,2,1,False,0.4052639240777932,0.1002136120413839,0.3050503120364093,0.4052639240777932,0.2896857638857974,UP,NEUTRAL,False
2026-07-10 10:20:00+00:00,1,0,False,0.720751946454295,0.566255726527882,0.720751946454295,0.15449621992641294,0.12475183361929208,NEUTRAL,DOWN,False
2026-07-10 11:20:00+00:00,1,0,False,0.6020743312208526,0.34897254669185773,0.6020743312208526,0.2531017845289949,0.14482388425015258,NEUTRAL,DOWN,False
2026-07-10 12:20:00+00:00,2,0,False,0.5774583370193691,0.2768973146467879,0.5774583370193691,0.3005610223725812,0.12198064060804965,UP,DOWN,False
2026-07-10 13:20:00+00:00,2,0,False,0.5085614704378854,0.1416115527367941,0.5085614704378854,0.36694991770109125,0.12448861186102342,UP,DOWN,False
2026-07-10 14:20:00+00:00,2,0,False,0.4525004564239257,0.09574343866664003,0.4525004564239257,0.3567570177572857,0.1907425258187887,UP,DOWN,False
2026-07-10 15:20:00+00:00,0,0,False,0.4523481695513766,0.11668072539229407,0.4523481695513766,0.3356674441590825,0.21198438628954086,DOWN,DOWN,True
2026-07-10 16:20:00+00:00,1,0,False,0.46191156246986803,0.10663875489097419,0.46191156246986803,0.35527280757889385,0.18281562995123815,NEUTRAL,DOWN,False
2026-07-10 17:20:00+00:00,0,0,False,0.5016190449735727,0.20995183300933346,0.5016190449735727,0.2916672119642392,0.20671374306218815,DOWN,DOWN,True
2026-07-10 18:20:00+00:00,0,0,False,0.5429175312592001,0.26215095747849404,0.5429175312592001,0.280766573780706,0.17631589496009395,DOWN,DOWN,True
2026-07-10 19:20:00+00:00,2,1,False,0.5198087909417471,0.1728875132076687,0.34692127773407844,0.5198087909417471,0.13326993132417442,UP,NEUTRAL,False
2026-07-10 20:20:00+00:00,2,1,False,0.5830583129311124,0.33237605221454425,0.2506822607165682,0.5830583129311124,0.16625942635231938,UP,NEUTRAL,False
2026-07-10 21:20:00+00:00,1,0,False,0.4415864723183119,0.070366788336297,0.4415864723183119,0.3712196839820149,0.18719384369967315,NEUTRAL,DOWN,False
2026-07-10 22:20:00+00:00,2,1,False,0.45320588658810745,0.13306313152877647,0.320142755059331,0.45320588658810745,0.2266513583525616,UP,NEUTRAL,False
2026-07-10 23:20:00+00:00,0,0,True,0.7968232289915052,0.69495131792704,0.7968232289915052,0.10187191106446515,0.1013048599440298,DOWN,DOWN,True
2026-07-13 00:25:00+00:00,2,2,True,0.7570497845370238,0.6309975901523668,0.11689802107831923,0.12605219438465698,0.7570497845370238,UP,UP,True
2026-07-13 01:25:00+00:00,2,0,False,0.7108050913576605,0.5598081965786479,0.7108050913576605,0.15099689477901262,0.1381980138633269,UP,DOWN,False
2026-07-13 02:25:00+00:00,1,0,False,0.6566694544829604,0.46912347013300126,0.6566694544829604,0.15578456116708025,0.18754598434995917,NEUTRAL,DOWN,False
2026-07-13 03:25:00+00:00,2,2,False,0.3742867848813694,0.023372091506404902,0.3509146933749645,0.27479852174366615,0.3742867848813694,UP,UP,True
2026-07-13 04:25:00+00:00,1,0,False,0.5073053186016457,0.24644040299581016,0.5073053186016457,0.2318297657925187,0.2608649156058356,NEUTRAL,DOWN,False
2026-07-13 05:25:00+00:00,2,0,False,0.3640980291758539,0.021359727646655946,0.3640980291758539,0.2931636692949481,0.34273830152919793,UP,DOWN,False
2026-07-13 06:25:00+00:00,0,2,False,0.41228612165158934,0.05379436527768472,0.3584917563739046,0.22922212197450603,0.41228612165158934,DOWN,UP,False
2026-07-13 07:25:00+00:00,2,2,False,0.5806656125943441,0.3219784052206544,0.16064718003196607,0.2586872073736897,0.5806656125943441,UP,UP,True
2026-07-13 08:25:00+00:00,2,2,False,0.4715319263997081,0.10117558837057872,0.3703563380291294,0.1581117355711626,0.4715319263997081,UP,UP,True
2026-07-13 09:25:00+00:00,0,0,False,0.482765003983297,0.1253012510745683,0.482765003983297,0.3574637529087287,0.15977124310797425,DOWN,DOWN,True
2026-07-13 10:25:00+00:00,1,0,False,0.4172793386490027,0.11677293672205102,0.4172793386490027,0.30050640192695166,0.28221425942404577,NEUTRAL,DOWN,False
2026-07-13 11:25:00+00:00,0,1,False,0.4057200333753104,0.10239467181842193,0.2909546050678012,0.4057200333753104,0.30332536155688844,DOWN,NEUTRAL,False
2026-07-13 12:25:00+00:00,2,1,False,0.40875613896337487,0.08369306151901268,0.26618078359226294,0.40875613896337487,0.3250630774443622,UP,NEUTRAL,False
2026-07-13 13:25:00+00:00,0,0,False,0.40314281578131816,0.054453585815856964,0.40314281578131816,0.3486892299654612,0.24816795425322064,DOWN,DOWN,True
2026-07-13 14:25:00+00:00,2,2,False,0.3641789320308192,0.02264381813471472,0.34153511389610447,0.29428595407307645,0.3641789320308192,UP,UP,True
2026-07-13 15:25:00+00:00,0,0,False,0.4220473213763104,0.08972261191063946,0.4220473213763104,0.2456279691580187,0.33232470946567094,DOWN,DOWN,True
2026-07-13 16:25:00+00:00,2,2,False,0.6380020023194212,0.40330196890686365,0.23470003341255752,0.12729796426802137,0.6380020023194212,UP,UP,True
2026-07-13 17:25:00+00:00,2,0,False,0.5378976126310718,0.2266370651464764,0.5378976126310718,0.15084183988433283,0.3112605474845954,UP,DOWN,False
2026-07-13 18:25:00+00:00,2,1,False,0.5091985017117925,0.16247434291334206,0.3467241587984504,0.5091985017117925,0.14407733948975712,UP,NEUTRAL,False
2026-07-13 19:25:00+00:00,2,0,False,0.34757482990732513,0.006427572022695893,0.34757482990732513,0.31127791220804557,0.34114725788462924,UP,DOWN,False
2026-07-13 20:25:00+00:00,1,0,False,0.5072042408953954,0.21386442779755943,0.5072042408953954,0.1994559460067687,0.29333981309783597,NEUTRAL,DOWN,False
2026-07-13 21:25:00+00:00,1,0,False,0.3566236595494496,0.02197969688974455,0.3566236595494496,0.33464396265970503,0.30873237779084534,NEUTRAL,DOWN,False
2026-07-13 22:25:00+00:00,2,1,False,0.4203295411723807,0.0794832865537819,0.23882420420902054,0.4203295411723807,0.3408462546185988,UP,NEUTRAL,False
2026-07-13 23:25:00+00:00,1,0,False,0.7306653717351561,0.5272891368284791,0.7306653717351561,0.20337623490667694,0.06595839335816689,NEUTRAL,DOWN,False
2026-07-14 00:25:00+00:00,0,2,False,0.6101388833043344,0.4088857683127505,0.1886080017040816,0.20125311499158394,0.6101388833043344,DOWN,UP,False
2026-07-14 01:30:00+00:00,0,2,False,0.6311832339681686,0.3877794877951708,0.24340374617299773,0.1254130198588337,0.6311832339681686,DOWN,UP,False
2026-07-14 02:30:00+00:00,2,2,False,0.7426831414227969,0.5741604327011607,0.16852270872163627,0.0887941498555667,0.7426831414227969,UP,UP,True
2026-07-14 03:30:00+00:00,0,2,False,0.6910110739636149,0.46781419066088104,0.2231968833027339,0.08579204273365118,0.6910110739636149,DOWN,UP,False
2026-07-14 04:30:00+00:00,1,0,False,0.53448715830326,0.28676358868506857,0.53448715830326,0.24772356961819142,0.21778927207854862,NEUTRAL,DOWN,False
2026-07-14 05:30:00+00:00,0,0,False,0.5019237880657824,0.19525260034161546,0.5019237880657824,0.19140502421005048,0.30667118772416696,DOWN,DOWN,True
2026-07-14 06:30:00+00:00,1,2,False,0.5026090562802197,0.1377961933189813,0.3648128629612384,0.13257808075854183,0.5026090562802197,NEUTRAL,UP,False
2026-07-14 07:30:00+00:00,0,2,False,0.5973739703061199,0.31442944800378203,0.2829445223023379,0.11968150739154221,0.5973739703061199,DOWN,UP,False
2026-07-14 08:30:00+00:00,2,2,False,0.7032498807303612,0.5092624174695989,0.1939874632607623,0.10276265600887645,0.7032498807303612,UP,UP,True
2026-07-14 09:30:00+00:00,2,2,False,0.44490979082827165,0.011113045282456768,0.4337967455458149,0.12129346362591358,0.44490979082827165,UP,UP,True
2026-07-14 10:30:00+00:00,1,2,False,0.5208933410715053,0.20542695985835474,0.31546638121315057,0.16364027771534415,0.5208933410715053,NEUTRAL,UP,False
2026-07-14 11:30:00+00:00,0,2,False,0.5512288970779492,0.23258849468928783,0.13013070053338952,0.31864040238866137,0.5512288970779492,DOWN,UP,False
2026-07-14 12:30:00+00:00,1,0,False,0.5963138999104587,0.38682142280050236,0.5963138999104587,0.20949247710995636,0.19419362297958498,NEUTRAL,DOWN,False
2026-07-14 13:30:00+00:00,1,0,False,0.5508238726731997,0.3227232083900273,0.5508238726731997,0.2210754630436279,0.22810066428317233,NEUTRAL,DOWN,False
2026-07-14 14:30:00+00:00,0,2,False,0.44788487243805214,0.06994897768540947,0.37793589475264266,0.17417923280930522,0.44788487243805214,DOWN,UP,False
2026-07-14 15:30:00+00:00,2,2,False,0.3968901132273449,0.02600175047476233,0.23222152402007254,0.3708883627525826,0.3968901132273449,UP,UP,True
2026-07-14 16:30:00+00:00,1,2,False,0.38066455335640453,0.0025081310698193415,0.24117902435701022,0.3781564222865852,0.38066455335640453,NEUTRAL,UP,False
2026-07-14 17:30:00+00:00,2,0,False,0.3848403645983457,0.03273540307401768,0.3848403645983457,0.26305467387732634,0.352104961524328,UP,DOWN,False
2026-07-14 18:30:00+00:00,2,1,False,0.3607517144619666,0.03722950439951289,0.31572607547557974,0.3607517144619666,0.3235222100624537,UP,NEUTRAL,False
2026-07-14 19:30:00+00:00,2,1,False,0.3615537511282414,0.028272470535717575,0.3332812805925238,0.3615537511282414,0.30516496827923484,UP,NEUTRAL,False
2026-07-14 20:30:00+00:00,2,1,False,0.3764941455311005,0.05699579530541993,0.304007504243219,0.3764941455311005,0.31949835022568057,UP,NEUTRAL,False
2026-07-14 21:30:00+00:00,0,2,False,0.3771660734431947,0.00809546623114843,0.36907060721204626,0.253763319344759,0.3771660734431947,DOWN,UP,False
2026-07-14 22:30:00+00:00,2,2,False,0.4332130061770871,0.13506186030376754,0.26863584794959344,0.29815114587331953,0.4332130061770871,UP,UP,True
2026-07-14 23:30:00+00:00,0,0,True,0.878734739080295,0.7996651998460812,0.878734739080295,0.07906953923421382,0.04219572168549123,DOWN,DOWN,True
2026-07-15 00:30:00+00:00,2,2,False,0.6047195822428001,0.3912133374353878,0.18177417294978768,0.2135062448074123,0.6047195822428001,UP,UP,True
2026-07-15 01:30:00+00:00,0,2,False,0.575413571572297,0.21622857825383446,0.35918499331846254,0.06540143510924046,0.575413571572297,DOWN,UP,False
2026-07-15 02:30:00+00:00,0,2,False,0.7341314334518618,0.5479996114007789,0.18613182205108292,0.07973674449705527,0.7341314334518618,DOWN,UP,False
2026-07-15 03:30:00+00:00,0,2,False,0.5327780012889719,0.15652606762360444,0.37625193366536747,0.09097006504566064,0.5327780012889719,DOWN,UP,False
2026-07-15 04:30:00+00:00,2,0,False,0.5516876227373332,0.32516709030844915,0.5516876227373332,0.22179184483378278,0.22652053242888406,UP,DOWN,False
2026-07-15 05:30:00+00:00,2,0,False,0.4882331497634539,0.217290799660822,0.4882331497634539,0.24082450013391435,0.2709423501026319,UP,DOWN,False
2026-07-15 06:30:00+00:00,2,0,False,0.3774082871536476,0.008363271896469404,0.3774082871536476,0.2535466975891742,0.3690450152571782,UP,DOWN,False
2026-07-15 07:30:00+00:00,1,0,False,0.4488896485878322,0.02247217661726647,0.4488896485878322,0.12469287944160208,0.42641747197056573,NEUTRAL,DOWN,False
2026-07-15 08:30:00+00:00,1,2,False,0.5086348015880551,0.23514105993857043,0.27349374164948465,0.21787145676246034,0.5086348015880551,NEUTRAL,UP,False
2026-07-15 09:30:00+00:00,2,2,False,0.5887793691155161,0.28412622156890716,0.30465314754660894,0.10656748333787498,0.5887793691155161,UP,UP,True
2026-07-15 10:30:00+00:00,2,0,False,0.5259355055113136,0.28173463194889403,0.5259355055113136,0.24420087356241957,0.22986362092626692,UP,DOWN,False
2026-07-15 11:30:00+00:00,2,0,False,0.5258997250776948,0.236426658560901,0.5258997250776948,0.18462720840551156,0.2894730665167938,UP,DOWN,False
2026-07-15 12:30:00+00:00,2,0,False,0.4741936541671053,0.12230398241894758,0.4741936541671053,0.3518896717481577,0.17391667408473693,UP,DOWN,False
2026-07-15 13:30:00+00:00,0,0,False,0.5715957967923982,0.3249384739277514,0.5715957967923982,0.24665732286464687,0.18174688034295494,DOWN,DOWN,True
2026-07-15 14:30:00+00:00,0,0,False,0.5247604909514328,0.21364352643266082,0.5247604909514328,0.16412254452979508,0.311116964518772,DOWN,DOWN,True
2026-07-15 15:30:00+00:00,0,0,False,0.4591873763236759,0.13950566903933176,0.4591873763236759,0.22113091639197982,0.31968170728434414,DOWN,DOWN,True
2026-07-15 16:30:00+00:00,0,0,False,0.5332098184135899,0.2551163612678925,0.5332098184135899,0.27809345714569744,0.18869672444071262,DOWN,DOWN,True
2026-07-15 17:30:00+00:00,0,0,False,0.456760250391193,0.16936152372374508,0.456760250391193,0.2873987266674479,0.255841022941359,DOWN,DOWN,True
2026-07-15 18:30:00+00:00,2,1,False,0.4427005741953746,0.08501754372781983,0.3576830304675548,0.4427005741953746,0.19961639533707054,UP,NEUTRAL,False
2026-07-15 19:30:00+00:00,0,1,False,0.3994971345733462,0.09501633224369171,0.30448080232965447,0.3994971345733462,0.2960220630969993,DOWN,NEUTRAL,False
2026-07-15 20:30:00+00:00,0,0,False,0.44857413058726703,0.12189817186975743,0.44857413058726703,0.22474991069522338,0.3266759587175096,DOWN,DOWN,True
2026-07-15 21:30:00+00:00,2,1,False,0.35202267109415003,0.01506798464245529,0.33695468645169474,0.35202267109415003,0.3110226424541552,UP,NEUTRAL,False
2026-07-15 22:30:00+00:00,2,0,False,0.5168407789327805,0.20202300965527586,0.5168407789327805,0.3148177692775046,0.168341451789715,UP,DOWN,False
2026-07-15 23:30:00+00:00,0,0,True,0.9130382153994867,0.8438200929056171,0.9130382153994867,0.06921812249386959,0.017743662106643715,DOWN,DOWN,True
2026-07-16 00:30:00+00:00,0,2,False,0.7140442234967809,0.5625396020478167,0.13445115505425495,0.15150462144896412,0.7140442234967809,DOWN,UP,False
2026-07-16 01:30:00+00:00,0,2,False,0.5143473491151882,0.13478264486838126,0.37956470424680694,0.10608794663800485,0.5143473491151882,DOWN,UP,False
2026-07-16 02:30:00+00:00,2,2,False,0.5873739814572325,0.293407617889599,0.2939663635676335,0.11865965497513392,0.5873739814572325,UP,UP,True
2026-07-16 03:30:00+00:00,0,0,False,0.4408032369296796,0.04837156455894881,0.4408032369296796,0.16676509069958975,0.3924316723707308,DOWN,DOWN,True
2026-07-16 04:30:00+00:00,2,0,False,0.46021079090430894,0.09901334627630803,0.46021079090430894,0.17859176446769018,0.3611974446280009,UP,DOWN,False
2026-07-16 05:30:00+00:00,0,2,False,0.5471774351434903,0.22878121275621455,0.3183962223872757,0.13442634246923407,0.5471774351434903,DOWN,UP,False
2026-07-16 06:30:00+00:00,2,2,False,0.564986298913043,0.24599700173461025,0.3189892971784327,0.11602440390852425,0.564986298913043,UP,UP,True
2026-07-16 07:30:00+00:00,0,2,False,0.6287025965573924,0.4289299489090934,0.1715247557943088,0.1997726476482989,0.6287025965573924,DOWN,UP,False
2026-07-16 08:30:00+00:00,2,2,False,0.6987999197899547,0.5365763047940707,0.16222361499588403,0.1389764652141611,0.6987999197899547,UP,UP,True
2026-07-16 09:30:00+00:00,0,2,False,0.6437302211593828,0.356852712558213,0.28687750860116984,0.06939227023944719,0.6437302211593828,DOWN,UP,False
2026-07-16 10:30:00+00:00,2,0,False,0.5005582455263088,0.2207835938102366,0.5005582455263088,0.2196671027576191,0.2797746517160722,UP,DOWN,False
2026-07-16 11:30:00+00:00,2,0,False,0.48364950656525424,0.16456855958459915,0.48364950656525424,0.3190809469806551,0.19726954645409076,UP,DOWN,False
2026-07-16 12:30:00+00:00,1,0,False,0.4818080406602139,0.17801881283382803,0.4818080406602139,0.30378922782638584,0.21440273151340028,NEUTRAL,DOWN,False
2026-07-16 13:30:00+00:00,1,1,False,0.39686597768064263,0.07190228529770348,0.32496369238293915,0.39686597768064263,0.27817032993641816,NEUTRAL,NEUTRAL,True
2026-07-16 14:30:00+00:00,2,0,False,0.4353860162996392,0.04414169834551579,0.4353860162996392,0.17336966574623738,0.3912443179541234,UP,DOWN,False
2026-07-16 15:30:00+00:00,1,0,False,0.48191783687913076,0.14950534813129618,0.48191783687913076,0.18566967437303467,0.3324124887478346,NEUTRAL,DOWN,False
2026-07-16 16:30:00+00:00,2,0,False,0.4061411132282826,0.0039967363634524355,0.4061411132282826,0.19171450990688724,0.4021443768648302,UP,DOWN,False
2026-07-16 17:30:00+00:00,2,0,False,0.6153109458283149,0.4070213952924079,0.6153109458283149,0.208289550535907,0.17639950363577805,UP,DOWN,False
2026-07-16 18:30:00+00:00,2,0,False,0.7116057390370153,0.522370198995827,0.7116057390370153,0.18923554004118825,0.0991587209217964,UP,DOWN,False
2026-07-16 19:30:00+00:00,0,0,False,0.5909756122439266,0.3615636035069372,0.5909756122439266,0.22941200873698936,0.17961237901908403,DOWN,DOWN,True
2026-07-16 20:30:00+00:00,0,1,False,0.4080274861525758,0.044181983356348764,0.363845502796227,0.4080274861525758,0.22812701105119715,DOWN,NEUTRAL,False
2026-07-16 21:30:00+00:00,2,2,False,0.38177117597984056,0.04203352400694982,0.33973765197289074,0.2784911720472687,0.38177117597984056,UP,UP,True
2026-07-16 22:30:00+00:00,0,2,False,0.4034231013798233,0.024618086515759197,0.21777188375611264,0.3788050148640641,0.4034231013798233,DOWN,UP,False
2026-07-16 23:30:00+00:00,0,0,True,0.7610206212463101,0.5616411489094439,0.7610206212463101,0.19937947233686615,0.03959990641682367,DOWN,DOWN,True
2026-07-17 00:30:00+00:00,1,2,False,0.5287972875073084,0.23023732808573455,0.2985599594215738,0.1726427530711178,0.5287972875073084,NEUTRAL,UP,False
2026-07-17 01:30:00+00:00,0,2,False,0.6830201301925566,0.4207196041479046,0.262300526044652,0.05467934376279144,0.6830201301925566,DOWN,UP,False
2026-07-17 02:30:00+00:00,2,2,False,0.7128862879146428,0.4931570948412025,0.21972919307344033,0.06738451901191689,0.7128862879146428,UP,UP,True
2026-07-17 03:30:00+00:00,2,2,False,0.61343243637007,0.3291642019110566,0.28426823445901334,0.10229932917091661,0.61343243637007,UP,UP,True
2026-07-17 04:30:00+00:00,0,0,False,0.40285146521862186,0.01652372492993609,0.40285146521862186,0.21082079449269228,0.3863277402886858,DOWN,DOWN,True
2026-07-17 05:30:00+00:00,0,2,False,0.3707263223967918,0.04723828347734904,0.3057856386837654,0.3234880389194428,0.3707263223967918,DOWN,UP,False
2026-07-17 06:30:00+00:00,2,2,False,0.6944574996924454,0.5348718475345898,0.15958565215785556,0.14595684814969903,0.6944574996924454,UP,UP,True
2026-07-17 07:30:00+00:00,0,2,False,0.6101684013008274,0.39020069959243314,0.21996770170839425,0.1698638969907783,0.6101684013008274,DOWN,UP,False
2026-07-17 08:30:00+00:00,0,2,False,0.6668986161054656,0.48415792078726394,0.18274069531820167,0.15036068857633264,0.6668986161054656,DOWN,UP,False
2026-07-17 09:30:00+00:00,0,2,False,0.5463646087020886,0.1773143644463746,0.369050244255714,0.08458514704219745,0.5463646087020886,DOWN,UP,False
2026-07-17 10:30:00+00:00,2,0,False,0.5909916511099341,0.3245630677938159,0.5909916511099341,0.26642858331611824,0.1425797655739476,UP,DOWN,False
2026-07-17 11:30:00+00:00,2,0,False,0.5639081443947236,0.2618921389313131,0.5639081443947236,0.3020160054634105,0.13407585014186588,UP,DOWN,False
2026-07-17 12:30:00+00:00,0,0,False,0.4866492704179139,0.16301107510666318,0.4866492704179139,0.3236381953112507,0.18971253427083537,DOWN,DOWN,True
2026-07-17 13:30:00+00:00,0,0,False,0.43627173307973255,0.12326542536271778,0.43627173307973255,0.25072195920325285,0.31300630771701476,DOWN,DOWN,True
2026-07-17 14:30:00+00:00,2,2,False,0.5157781422827912,0.19425682595072863,0.32152131633206255,0.16270054138514625,0.5157781422827912,UP,UP,True
2026-07-17 15:30:00+00:00,2,2,False,0.49452963188127697,0.07693114975003673,0.41759848213124023,0.08787188598748281,0.49452963188127697,UP,UP,True
2026-07-17 16:30:00+00:00,1,2,False,0.5680677311172473,0.2788850429942606,0.2891826881229867,0.14274958075976601,0.5680677311172473,NEUTRAL,UP,False
2026-07-17 17:30:00+00:00,1,0,False,0.4747274924895255,0.19794592653834747,0.4747274924895255,0.24849094155929646,0.27678156595117803,NEUTRAL,DOWN,False
2026-07-17 18:30:00+00:00,2,2,False,0.6865818018082669,0.5114163545621506,0.1751654472461163,0.13825275094561684,0.6865818018082669,UP,UP,True
2026-07-17 19:30:00+00:00,0,0,False,0.4802680822289108,0.1770566450943324,0.4802680822289108,0.21652048063651066,0.30321143713457843,DOWN,DOWN,True
2026-07-17 20:30:00+00:00,0,0,False,0.33673831922568,0.0016907238759551468,0.33673831922568,0.33504759534972484,0.3282140854245952,DOWN,DOWN,True
2026-07-17 21:30:00+00:00,2,2,False,0.5746869964967773,0.3609361005775942,0.21375089591918314,0.21156210758403948,0.5746869964967773,UP,UP,True
2026-07-17 22:30:00+00:00,0,2,False,0.5004944075776537,0.24639970779349313,0.24541089263818566,0.2540946997841606,0.5004944075776537,DOWN,UP,False
2026-07-17 23:30:00+00:00,0,0,False,0.695034361678767,0.47034018008548845,0.695034361678767,0.08027145672795448,0.22469418159327853,DOWN,DOWN,True
2026-07-20 00:30:00+00:00,2,2,True,0.8739386735433994,0.8077123264160689,0.0662263471273304,0.05983497932927025,0.8739386735433994,UP,UP,True
2026-07-20 01:30:00+00:00,2,2,False,0.43070834220397614,0.06859449249831695,0.3621138497056592,0.20717780809036468,0.43070834220397614,UP,UP,True
2026-07-20 02:30:00+00:00,0,2,False,0.5710936670289163,0.23466186528594568,0.3364318017429706,0.09247453122811308,0.5710936670289163,DOWN,UP,False
2026-07-20 03:30:00+00:00,0,2,False,0.4770849389036939,0.18574478359237412,0.2913401553113198,0.23157490578498624,0.4770849389036939,DOWN,UP,False
2026-07-20 04:30:00+00:00,1,0,False,0.4069884850348178,0.06753535758910156,0.4069884850348178,0.25355838751946597,0.33945312744571626,NEUTRAL,DOWN,False
2026-07-20 05:30:00+00:00,2,2,False,0.7293925545254668,0.5544287458857904,0.17496380863967642,0.09564363683485676,0.7293925545254668,UP,UP,True
2026-07-20 06:30:00+00:00,1,2,True,0.7595102089417904,0.5908985268570227,0.1686116820847677,0.07187810897344189,0.7595102089417904,NEUTRAL,UP,False
2026-07-20 07:30:00+00:00,0,2,True,0.8415550744408217,0.7299714113835984,0.11158366305722318,0.04686126250195518,0.8415550744408217,DOWN,UP,False
2026-07-20 08:30:00+00:00,2,2,True,0.7885570946998371,0.6310238289543499,0.1575332657454872,0.05390963955467558,0.7885570946998371,UP,UP,True
2026-07-20 09:30:00+00:00,0,2,True,0.768845192053424,0.6453390952200014,0.10764871111315343,0.12350609683342259,0.768845192053424,DOWN,UP,False
2026-07-20 10:30:00+00:00,2,2,True,0.773759490816846,0.6225149298632758,0.1512445609535702,0.07499594822958376,0.773759490816846,UP,UP,True
2026-07-20 11:30:00+00:00,2,2,False,0.7267919354406884,0.5900716843425223,0.1364878134611455,0.13672025109816607,0.7267919354406884,UP,UP,True
2026-07-20 12:30:00+00:00,0,2,False,0.62383269021559,0.4271601150254586,0.1966725751901314,0.17949473459427862,0.62383269021559,DOWN,UP,False
2026-07-20 13:30:00+00:00,0,2,True,0.7758948272911991,0.6543416219444279,0.12155320534677112,0.10255196736202979,0.7758948272911991,DOWN,UP,False
2026-07-20 14:30:00+00:00,2,2,False,0.7254836529331051,0.5718193677549829,0.15366428517812228,0.12085206188877247,0.7254836529331051,UP,UP,True
2026-07-20 15:30:00+00:00,2,2,False,0.56403752464695,0.2707464287265657,0.2932910959203843,0.14267137943266564,0.56403752464695,UP,UP,True
2026-07-20 16:30:00+00:00,2,2,False,0.6652608643872591,0.47143749235583104,0.19382337203142802,0.14091576358131297,0.6652608643872591,UP,UP,True
2026-07-20 17:30:00+00:00,2,0,False,0.4750416641553287,0.12936878212386793,0.4750416641553287,0.1792854538132106,0.3456728820314608,UP,DOWN,False
2026-07-20 18:30:00+00:00,0,1,False,0.37169877864399964,0.04399893062230542,0.3276998480216942,0.37169877864399964,0.30060137333430614,DOWN,NEUTRAL,False
2026-07-20 19:30:00+00:00,0,2,False,0.44572186841348144,0.11220590688068183,0.2207621700537189,0.3335159615327996,0.44572186841348144,DOWN,UP,False
2026-07-20 20:30:00+00:00,2,2,False,0.6386849937186033,0.40220808463198887,0.12483809719478214,0.23647690908661448,0.6386849937186033,UP,UP,True
2026-07-20 21:30:00+00:00,0,2,False,0.6766690215781906,0.5115108646378573,0.16515815694033334,0.15817282148147607,0.6766690215781906,DOWN,UP,False
2026-07-20 22:30:00+00:00,2,2,False,0.6145299583720139,0.339262468272952,0.11020255152892422,0.2752674900990619,0.6145299583720139,UP,UP,True
2026-07-20 23:30:00+00:00,0,0,False,0.716532553163297,0.5178046133575587,0.716532553163297,0.19872793980573833,0.08473950703096453,DOWN,DOWN,True
2026-07-21 00:35:00+00:00,2,2,False,0.7066109895196313,0.5163574386755816,0.19025355084404968,0.10313545963631911,0.7066109895196313,UP,UP,True
2026-07-21 01:35:00+00:00,1,2,True,0.7660435893700213,0.588473412499277,0.17757017687074428,0.05638623375923441,0.7660435893700213,NEUTRAL,UP,False
2026-07-21 02:35:00+00:00,2,2,True,0.7703887849375483,0.5995050704600978,0.1708837144774504,0.05872750058500127,0.7703887849375483,UP,UP,True
2026-07-21 03:35:00+00:00,0,2,False,0.6614567510597492,0.45976450909775435,0.2016922419619949,0.1368510069782559,0.6614567510597492,DOWN,UP,False
2026-07-21 04:35:00+00:00,1,2,False,0.7057242657751536,0.5012566313489482,0.20446763442620536,0.08980809979864109,0.7057242657751536,NEUTRAL,UP,False
2026-07-21 05:35:00+00:00,0,2,True,0.7745629873513629,0.6342171891194772,0.14034579823188564,0.08509121441675155,0.7745629873513629,DOWN,UP,False
2026-07-21 06:35:00+00:00,2,2,True,0.7710540444238303,0.6214910771750951,0.1495629672487352,0.07938298832743457,0.7710540444238303,UP,UP,True
2026-07-21 07:35:00+00:00,1,2,True,0.781235958062482,0.6523131202828651,0.12892283777961694,0.08984120415790088,0.781235958062482,NEUTRAL,UP,False
2026-07-21 08:35:00+00:00,2,2,True,0.759460912990794,0.5993522690295531,0.16010864396124092,0.0804304430479651,0.759460912990794,UP,UP,True
2026-07-21 09:35:00+00:00,2,2,False,0.6355497797499889,0.44440925004319687,0.19114052970679205,0.17330969054321896,0.6355497797499889,UP,UP,True
2026-07-21 10:35:00+00:00,2,2,False,0.5453906918997627,0.29749692189647814,0.20671553809695278,0.24789377000328458,0.5453906918997627,UP,UP,True
2026-07-21 11:35:00+00:00,0,0,False,0.6201791976398751,0.4075654317452415,0.6201791976398751,0.21261376589463354,0.16720703646549137,DOWN,DOWN,True
2026-07-21 12:35:00+00:00,2,0,False,0.4634593412320121,0.12096480543345023,0.4634593412320121,0.34249453579856187,0.19404612296942592,UP,DOWN,False
2026-07-21 13:35:00+00:00,2,2,False,0.4355299845240263,0.017550942491833976,0.4179790420321923,0.1464909734437813,0.4355299845240263,UP,UP,True
2026-07-21 14:35:00+00:00,2,0,False,0.37921920116157254,0.017406302802877027,0.37921920116157254,0.3618128983586955,0.2589679004797319,UP,DOWN,False
2026-07-21 15:35:00+00:00,2,0,False,0.49271586591433725,0.2131354904344538,0.49271586591433725,0.2277037586057792,0.27958037547988346,UP,DOWN,False
2026-07-21 16:35:00+00:00,2,0,False,0.4984406543028571,0.11979203780921671,0.4984406543028571,0.12291072920350228,0.3786486164936404,UP,DOWN,False
2026-07-21 17:35:00+00:00,1,0,False,0.649965699767593,0.4591691474779134,0.649965699767593,0.15923774794272733,0.19079655228967962,NEUTRAL,DOWN,False
2026-07-21 18:35:00+00:00,2,0,False,0.4863778039069638,0.09836712754338944,0.4863778039069638,0.38801067636357434,0.12561151972946202,UP,DOWN,False
2026-07-21 19:35:00+00:00,2,0,False,0.46956782184642104,0.13269426423645925,0.46956782184642104,0.3368735576099618,0.1935586205436172,UP,DOWN,False
2026-07-21 20:35:00+00:00,2,1,False,0.4422113570955521,0.14945892595939447,0.2650362117682903,0.4422113570955521,0.2927524311361576,UP,NEUTRAL,False
2026-07-21 21:35:00+00:00,2,0,False,0.6709372305195683,0.4618256316121986,0.6709372305195683,0.20911159890736972,0.11995117057306187,UP,DOWN,False
2026-07-21 22:35:00+00:00,2,0,False,0.5331233603872241,0.20570871936811969,0.5331233603872241,0.3274146410191044,0.13946199859367153,UP,DOWN,False
2026-07-21 23:35:00+00:00,0,0,True,0.958029515755914,0.9294734366194817,0.958029515755914,0.028556079136432322,0.013414405107653632,DOWN,DOWN,True
2026-07-22 00:35:00+00:00,2,2,False,0.6584769127963513,0.4656954901173149,0.1927814226790364,0.14874166452461224,0.6584769127963513,UP,UP,True
2026-07-22 01:35:00+00:00,2,2,False,0.6611311138707722,0.41191804396787157,0.24921306990290057,0.08965581622632723,0.6611311138707722,UP,UP,True
2026-07-22 02:35:00+00:00,0,0,False,0.5046043677062391,0.10156018699872316,0.5046043677062391,0.09235145158624507,0.4030441807075159,DOWN,DOWN,True
2026-07-22 03:35:00+00:00,2,2,False,0.5086263889190696,0.1577756375922162,0.35085075132685345,0.14052285975407688,0.5086263889190696,UP,UP,True
2026-07-22 04:35:00+00:00,0,0,False,0.3981552164726414,0.011629257963897244,0.3981552164726414,0.21531882501861435,0.38652595850874416,DOWN,DOWN,True
2026-07-22 05:35:00+00:00,2,2,False,0.48601217356745696,0.14412005872187922,0.34189211484557774,0.17209571158696538,0.48601217356745696,UP,UP,True
2026-07-22 06:35:00+00:00,2,2,False,0.5189178931066654,0.19064440185871606,0.3282734912479493,0.15280861564538528,0.5189178931066654,UP,UP,True
2026-07-22 07:35:00+00:00,1,2,False,0.5822698027188503,0.36457793959207124,0.21769186312677907,0.2000383341543706,0.5822698027188503,NEUTRAL,UP,False
2026-07-22 08:35:00+00:00,0,2,False,0.674207165700438,0.46346186053102734,0.2107453051694107,0.11504752913015127,0.674207165700438,DOWN,UP,False
2026-07-22 09:35:00+00:00,0,2,False,0.4886773188444504,0.14293974697310108,0.34573757187134935,0.1655851092842002,0.4886773188444504,DOWN,UP,False
2026-07-22 10:35:00+00:00,2,0,False,0.4427954898914082,0.0752319155436793,0.4427954898914082,0.3675635743477289,0.18964093576086283,UP,DOWN,False
2026-07-22 11:35:00+00:00,1,0,False,0.45298629453794786,0.07979738627238103,0.45298629453794786,0.37318890826556683,0.1738247971964853,NEUTRAL,DOWN,False
2026-07-22 12:35:00+00:00,1,1,False,0.4333709611038535,0.03543741106148063,0.39793355004237285,0.4333709611038535,0.1686954888537737,NEUTRAL,NEUTRAL,True
2026-07-22 13:35:00+00:00,1,1,False,0.3817701796628469,0.06624514871531306,0.3155250309475338,0.3817701796628469,0.3027047893896193,NEUTRAL,NEUTRAL,True
2026-07-22 14:35:00+00:00,2,0,False,0.49996260671144593,0.16170387736942948,0.49996260671144593,0.16177866394653753,0.33825872934201645,UP,DOWN,False
2026-07-22 15:35:00+00:00,0,2,False,0.6276925240755067,0.42068704006329716,0.2070054840122095,0.1653019919122838,0.6276925240755067,DOWN,UP,False
2026-07-22 16:35:00+00:00,2,2,False,0.6285937577989325,0.3954253423266264,0.23316841547230607,0.1382378267287614,0.6285937577989325,UP,UP,True
2026-07-22 17:35:00+00:00,2,2,False,0.6721333791051202,0.505718943176687,0.1614521849664467,0.1664144359284332,0.6721333791051202,UP,UP,True
2026-07-22 18:35:00+00:00,0,2,False,0.48731143827757367,0.21136389142096446,0.2759475468566092,0.23674101486581703,0.48731143827757367,DOWN,UP,False
2026-07-22 19:35:00+00:00,2,2,False,0.3975873050576277,0.007456275845159066,0.2122816657299037,0.3901310292124686,0.3975873050576277,UP,UP,True
2026-07-22 20:35:00+00:00,0,2,False,0.4561785338126041,0.1706165855388112,0.2855619482737929,0.2582595179136031,0.4561785338126041,DOWN,UP,False
2026-07-22 21:35:00+00:00,2,2,False,0.5547137337097977,0.3013723343319841,0.2533413993778136,0.19194486691238877,0.5547137337097977,UP,UP,True
2026-07-22 22:35:00+00:00,1,0,False,0.5044391333352243,0.1917161610559301,0.5044391333352243,0.18283789438548148,0.3127229722792942,NEUTRAL,DOWN,False
2026-07-22 23:35:00+00:00,0,0,True,0.8722540394816023,0.7708306394180672,0.8722540394816023,0.10142340006353512,0.026322560454862674,DOWN,DOWN,True
2026-07-23 00:35:00+00:00,2,2,False,0.6555054472444053,0.37875277740183,0.2767526698425753,0.06774188291301936,0.6555054472444053,UP,UP,True
2026-07-23 01:35:00+00:00,0,2,False,0.6765619660776347,0.44002784696071495,0.2365341191169198,0.08690391480544549,0.6765619660776347,DOWN,UP,False
2026-07-23 02:35:00+00:00,1,2,False,0.7175727868418739,0.4831910657381009,0.234381721103773,0.04804549205435323,0.7175727868418739,NEUTRAL,UP,False
2026-07-23 03:35:00+00:00,0,2,False,0.7273596947709304,0.5337541430486509,0.19360555172227956,0.07903475350678993,0.7273596947709304,DOWN,UP,False
2026-07-23 04:35:00+00:00,2,2,False,0.7227086778935892,0.5062684357118521,0.21644024218173707,0.0608510799246737,0.7227086778935892,UP,UP,True
2026-07-23 05:35:00+00:00,0,2,True,0.7604220594662907,0.6159847386210802,0.1444373208452105,0.09514061968849882,0.7604220594662907,DOWN,UP,False
2026-07-23 06:35:00+00:00,1,2,False,0.7303423407178457,0.5913970933954451,0.13071241195975392,0.1389452473224005,0.7303423407178457,NEUTRAL,UP,False
2026-07-23 07:35:00+00:00,2,2,True,0.7814708715872785,0.6482577831605336,0.13321308842674484,0.0853160399859767,0.7814708715872785,UP,UP,True
2026-07-23 08:35:00+00:00,2,2,True,0.7568137561249284,0.6210553876911284,0.1357583684338,0.10742787544127168,0.7568137561249284,UP,UP,True
2026-07-23 09:35:00+00:00,2,2,False,0.7045655151714376,0.5272858059304544,0.17727970924098327,0.11815477558757902,0.7045655151714376,UP,UP,True
2026-07-23 10:35:00+00:00,2,2,False,0.4296110867976372,0.1193419704933002,0.310269116304337,0.2601197968980258,0.4296110867976372,UP,UP,True
2026-07-23 11:35:00+00:00,0,1,False,0.5780980481177718,0.35013407599992385,0.22796397211784794,0.5780980481177718,0.19393797976438032,DOWN,NEUTRAL,False
2026-07-23 12:35:00+00:00,2,0,False,0.5733757525888645,0.23722318996062702,0.5733757525888645,0.3361525626282375,0.09047168478289792,UP,DOWN,False
2026-07-23 13:35:00+00:00,2,0,False,0.5192269186048887,0.19266159539604855,0.5192269186048887,0.32656532320884013,0.15420775818627133,UP,DOWN,False
2026-07-23 14:35:00+00:00,2,0,False,0.675233185484034,0.5128085004652821,0.675233185484034,0.16242468501875182,0.16234212949721416,UP,DOWN,False
2026-07-23 15:35:00+00:00,2,0,False,0.4754527005502858,0.045853699896579725,0.4754527005502858,0.4295990006537061,0.09494829879600807,UP,DOWN,False
2026-07-23 16:35:00+00:00,2,0,False,0.6149909436717875,0.382639845451591,0.6149909436717875,0.2323510982201965,0.15265795810801583,UP,DOWN,False
2026-07-23 17:35:00+00:00,0,0,False,0.5313117241157549,0.14789766044589447,0.5313117241157549,0.3834140636698604,0.08527421221438476,DOWN,DOWN,True
2026-07-23 18:35:00+00:00,0,0,False,0.5136367083573102,0.15364138092415147,0.5136367083573102,0.35999532743315876,0.12636796420953095,DOWN,DOWN,True
2026-07-23 19:35:00+00:00,1,1,False,0.6513300265353562,0.4655604311010163,0.1857695954343399,0.6513300265353562,0.162900378030304,NEUTRAL,NEUTRAL,True
2026-07-23 20:35:00+00:00,2,1,False,0.510966621731372,0.25952999229754237,0.2514366294338296,0.510966621731372,0.23759674883479834,UP,NEUTRAL,False
2026-07-23 21:35:00+00:00,2,2,False,0.38056345876824127,0.04373451390489336,0.2826075963684109,0.3368289448633479,0.38056345876824127,UP,UP,True
2026-07-23 22:35:00+00:00,2,2,False,0.3796070920805026,0.018543245558853283,0.259329061397848,0.3610638465216493,0.3796070920805026,UP,UP,True
2026-07-23 23:35:00+00:00,0,0,True,0.8710156157926036,0.7634935735272088,0.8710156157926036,0.1075220422653947,0.02146234194200175,DOWN,DOWN,True
2026-07-24 00:35:00+00:00,2,2,False,0.6575118146888598,0.45072400192903994,0.20678781275981986,0.1357003725513204,0.6575118146888598,UP,UP,True
2026-07-24 01:35:00+00:00,1,2,False,0.6244223114271421,0.31322976376919737,0.31119254765794474,0.06438514091491315,0.6244223114271421,NEUTRAL,UP,False
2026-07-24 02:35:00+00:00,2,2,False,0.7009434405077215,0.46467130991019134,0.23627213059753016,0.06278442889474826,0.7009434405077215,UP,UP,True
2026-07-24 03:35:00+00:00,0,2,False,0.43919955983158027,0.019922159474341672,0.4192774003572386,0.14152303981118114,0.43919955983158027,DOWN,UP,False
2026-07-24 04:35:00+00:00,1,2,False,0.45632676222840207,0.1674639054785676,0.25481038102176345,0.2888628567498345,0.45632676222840207,NEUTRAL,UP,False
2026-07-24 05:35:00+00:00,2,0,False,0.45902667101582195,0.16896938382071675,0.45902667101582195,0.2900572871951052,0.25091604178907284,UP,DOWN,False
2026-07-24 06:35:00+00:00,0,2,False,0.4415696059852021,0.07597038346767465,0.36559922251752747,0.19283117149727053,0.4415696059852021,DOWN,UP,False
2026-07-24 07:35:00+00:00,1,2,False,0.6569947067834087,0.434717532868075,0.22227717391533364,0.12072811930125772,0.6569947067834087,NEUTRAL,UP,False
2026-07-24 08:35:00+00:00,0,2,False,0.682854263708168,0.5183183421087973,0.1526098146924612,0.16453592159937067,0.682854263708168,DOWN,UP,False
2026-07-24 09:35:00+00:00,0,2,False,0.6254425206960197,0.36660396628573927,0.2588385544102804,0.11571892489369993,0.6254425206960197,DOWN,UP,False
2026-07-24 10:35:00+00:00,1,0,False,0.4481699789598665,0.10206888373181622,0.4481699789598665,0.2057289258120833,0.34610109522805027,NEUTRAL,DOWN,False
2026-07-24 11:35:00+00:00,1,1,False,0.37508621163089045,0.03305644679322234,0.3420297648376681,0.37508621163089045,0.2828840235314415,NEUTRAL,NEUTRAL,True
2026-07-24 12:35:00+00:00,1,0,False,0.4332799310035518,0.14763164088052033,0.4332799310035518,0.28564829012303145,0.28107177887341694,NEUTRAL,DOWN,False
2026-07-24 13:35:00+00:00,2,2,False,0.4836337890955436,0.1895452858445204,0.2940885032510232,0.22227770765343322,0.4836337890955436,UP,UP,True
2026-07-24 14:35:00+00:00,2,2,False,0.5136378318734156,0.23495518464136628,0.27868264723204933,0.20767952089453504,0.5136378318734156,UP,UP,True
2026-07-24 15:35:00+00:00,2,0,False,0.3889383132503178,0.008910915625481686,0.3889383132503178,0.23103428912484605,0.3800273976248361,UP,DOWN,False
2026-07-24 16:35:00+00:00,0,0,False,0.6052173346096594,0.39658878055216473,0.6052173346096594,0.2086285540574947,0.18615411133284587,DOWN,DOWN,True
2026-07-24 17:35:00+00:00,0,2,False,0.5628811271050803,0.24306893723840628,0.31981218986667403,0.11730668302824566,0.5628811271050803,DOWN,UP,False
2026-07-24 18:35:00+00:00,2,0,False,0.500707090926286,0.22609644822181235,0.500707090926286,0.2746106427044736,0.22468226636924044,UP,DOWN,False
2026-07-24 19:35:00+00:00,2,2,False,0.5111980635174717,0.21217604736616952,0.29902201615130214,0.18977992033122618,0.5111980635174717,UP,UP,True
2026-07-24 20:35:00+00:00,2,2,False,0.4700583229870581,0.1261167844007507,0.3439415385863074,0.18600013842663443,0.4700583229870581,UP,UP,True
2026-07-24 21:35:00+00:00,0,2,False,0.48785166173715067,0.13355071287494358,0.3543009488622071,0.15784738940064233,0.48785166173715067,DOWN,UP,False
2026-07-24 22:35:00+00:00,2,2,False,0.5247214990337055,0.25919966357810437,0.20975666551069355,0.2655218354556011,0.5247214990337055,UP,UP,True
2026-07-24 23:35:00+00:00,0,0,True,0.8838098762662091,0.7974120525499518,0.8838098762662091,0.02979230001753368,0.08639782371625723,DOWN,DOWN,True
2026-07-27 00:40:00+00:00,2,2,False,0.5610146402558829,0.21251434053203688,0.348500299723846,0.09048506002027115,0.5610146402558829,UP,UP,True
2026-07-27 01:40:00+00:00,0,0,False,0.4376904410825352,0.048939342546884035,0.4376904410825352,0.17355846038181363,0.38875109853565115,DOWN,DOWN,True
2026-07-27 02:40:00+00:00,0,2,False,0.6673074872969394,0.43417072561584147,0.23313676168109798,0.09955575102196247,0.6673074872969394,DOWN,UP,False
2026-07-27 03:40:00+00:00,0,2,False,0.4453076336912303,0.07090836675717838,0.3743992669340519,0.18029309937471774,0.4453076336912303,DOWN,UP,False
2026-07-27 04:40:00+00:00,0,0,False,0.5545242959102736,0.3270574256347266,0.5545242959102736,0.2180088338141793,0.22746687027554705,DOWN,DOWN,True
2026-07-27 05:40:00+00:00,2,0,False,0.46813439567969223,0.10794417455882765,0.46813439567969223,0.1716753831994433,0.3601902211208646,UP,DOWN,False
2026-07-27 06:40:00+00:00,0,2,False,0.5765673678410989,0.2855412241491631,0.29102614369193575,0.13240648846696548,0.5765673678410989,DOWN,UP,False
2026-07-27 07:40:00+00:00,1,2,True,0.8150395115488596,0.679677418648842,0.13536209290001755,0.049598395551122915,0.8150395115488596,NEUTRAL,UP,False
2026-07-27 08:40:00+00:00,0,2,True,0.7732457773615244,0.5880549567152282,0.18519082064629627,0.04156340199217933,0.7732457773615244,DOWN,UP,False
2026-07-27 09:40:00+00:00,0,2,False,0.7386705932300482,0.5401251584405709,0.19854543478947745,0.06278397198047424,0.7386705932300482,DOWN,UP,False
2026-07-27 10:40:00+00:00,2,0,False,0.5455990215967585,0.30197625318540633,0.5455990215967585,0.21077820999188926,0.2436227684113522,UP,DOWN,False
2026-07-27 11:40:00+00:00,2,0,False,0.512071221598613,0.26349416799770525,0.512071221598613,0.2485770536009077,0.2393517248004792,UP,DOWN,False
2026-07-27 12:40:00+00:00,1,1,False,0.3398751174708776,0.00734489935997551,0.32759466441822027,0.3398751174708776,0.3325302181109021,NEUTRAL,NEUTRAL,True
2026-07-27 13:40:00+00:00,2,2,False,0.4646924424042073,0.18915900030191407,0.25977411549349944,0.27553344210229325,0.4646924424042073,UP,UP,True
2026-07-27 14:40:00+00:00,2,2,False,0.39781525675091084,0.0752141384270732,0.2795836249252515,0.32260111832383764,0.39781525675091084,UP,UP,True
2026-07-27 15:40:00+00:00,2,0,False,0.47559073499742033,0.1329102834207574,0.47559073499742033,0.18172881342591665,0.34268045157666294,UP,DOWN,False
2026-07-27 16:40:00+00:00,2,2,False,0.3569764111332637,0.013164433071142234,0.3438119780621215,0.2992116108046148,0.3569764111332637,UP,UP,True
2026-07-27 17:40:00+00:00,0,0,False,0.4227300113729338,0.05521147884795097,0.4227300113729338,0.20975145610208332,0.36751853252498284,DOWN,DOWN,True
2026-07-27 18:40:00+00:00,0,2,False,0.7296353605362403,0.5920632997806912,0.13279257870821037,0.13757206075554923,0.7296353605362403,DOWN,UP,False
2026-07-27 19:40:00+00:00,2,2,False,0.6334950208506657,0.4328343054160855,0.20066071543458017,0.16584426371475414,0.6334950208506657,UP,UP,True
2026-07-27 20:40:00+00:00,2,2,False,0.4925066242899813,0.13130784988967303,0.14629460130971025,0.3611987744003083,0.4925066242899813,UP,UP,True
2026-07-27 21:40:00+00:00,0,2,False,0.5161099462262306,0.24904234664979696,0.21682245419733567,0.26706759957643367,0.5161099462262306,DOWN,UP,False
2026-07-27 22:40:00+00:00,2,2,False,0.49589452827232794,0.11110883537635297,0.11931977883169723,0.384785692895975,0.49589452827232794,UP,UP,True
2026-07-27 23:40:00+00:00,0,0,True,0.7924270643254261,0.63942294461554,0.7924270643254261,0.15300411970988617,0.05456881596468768,DOWN,DOWN,True
2026-07-28 00:40:00+00:00,2,2,False,0.6047550049854599,0.3993759239290373,0.1898659139581175,0.20537908105642258,0.6047550049854599,UP,UP,True
2026-07-28 01:40:00+00:00,1,2,False,0.4614669655187393,0.17677141616873093,0.28469554935000835,0.2538374851312524,0.4614669655187393,NEUTRAL,UP,False
2026-07-28 02:40:00+00:00,2,2,False,0.5288198365880655,0.16094631495558687,0.36787352163247866,0.10330664177945587,0.5288198365880655,UP,UP,True
2026-07-28 03:40:00+00:00,1,2,False,0.46913053105756686,0.09453357568140741,0.37459695537615945,0.15627251356627364,0.46913053105756686,NEUTRAL,UP,False
2026-07-28 04:40:00+00:00,0,2,False,0.6306850592429852,0.3779781710998618,0.2527068881431234,0.11660805261389125,0.6306850592429852,DOWN,UP,False
2026-07-28 05:40:00+00:00,2,2,False,0.7314842325003803,0.5601211785696782,0.17136305393070211,0.09715271356891758,0.7314842325003803,UP,UP,True
2026-07-28 06:40:00+00:00,1,2,True,0.7682949307105438,0.6144455426190945,0.1538493880914493,0.07785568119800701,0.7682949307105438,NEUTRAL,UP,False
2026-07-28 07:40:00+00:00,0,2,False,0.7493951686720454,0.6136441607001839,0.1148538233560931,0.1357510079718615,0.7493951686720454,DOWN,UP,False
2026-07-28 08:40:00+00:00,0,2,True,0.754100071227002,0.6005340010843938,0.15356607014260815,0.09233385863038993,0.754100071227002,DOWN,UP,False
2026-07-28 09:40:00+00:00,2,2,False,0.6491549071800772,0.3813923774185079,0.2677625297615693,0.0830825630583535,0.6491549071800772,UP,UP,True
2026-07-28 10:40:00+00:00,2,2,False,0.6565723910718251,0.42485495637155113,0.23171743470027395,0.11171017422790101,0.6565723910718251,UP,UP,True
2026-07-28 11:40:00+00:00,1,2,False,0.44463484451426194,0.14216450511744672,0.3024703393968152,0.2528948160889228,0.44463484451426194,NEUTRAL,UP,False
2026-07-28 12:40:00+00:00,2,0,False,0.493610201956958,0.22933969557120565,0.493610201956958,0.24211929165728968,0.26427050638575234,UP,DOWN,False
2026-07-28 13:40:00+00:00,0,0,False,0.5041415511831899,0.2125944924600935,0.5041415511831899,0.20431139009371363,0.29154705872309644,DOWN,DOWN,True
2026-07-28 14:40:00+00:00,0,0,False,0.4577252314809246,0.08773034309001415,0.4577252314809246,0.172279880128165,0.36999488839091044,DOWN,DOWN,True
2026-07-28 15:40:00+00:00,0,2,False,0.6406194872480895,0.3823059754390247,0.25831351180906476,0.10106700094284578,0.6406194872480895,DOWN,UP,False
2026-07-28 16:40:00+00:00,1,2,False,0.5925460070987424,0.33103591048616454,0.26151009661257785,0.14594389628867985,0.5925460070987424,NEUTRAL,UP,False
2026-07-28 17:40:00+00:00,0,2,False,0.5657281825620759,0.2950840923001534,0.2706440902619225,0.16362772717600166,0.5657281825620759,DOWN,UP,False
2026-07-28 18:40:00+00:00,2,2,False,0.5729930285124372,0.3579288512691479,0.21194279424427354,0.21506417724328925,0.5729930285124372,UP,UP,True
2026-07-28 19:40:00+00:00,2,2,False,0.43762173057579035,0.08367160613019803,0.20842814497861728,0.3539501244455923,0.43762173057579035,UP,UP,True
2026-07-28 20:40:00+00:00,2,2,False,0.6351678995305684,0.4073254772259435,0.1369896781648067,0.22784242230462493,0.6351678995305684,UP,UP,True
2026-07-28 21:40:00+00:00,2,2,False,0.662489334475578,0.4771993022348277,0.15222063328367166,0.1852900322407503,0.662489334475578,UP,UP,True
2026-07-28 22:40:00+00:00,2,2,False,0.5181136228342049,0.14750134501988382,0.111274099351474,0.3706122778143211,0.5181136228342049,UP,UP,True
2026-07-28 23:40:00+00:00,0,0,True,0.8825893126976871,0.807717775293552,0.8825893126976871,0.07487153740413512,0.042539149898177725,DOWN,DOWN,True
2026-07-29 00:40:00+00:00,2,2,False,0.6533567022557979,0.36040481299313487,0.292951889262663,0.05369140848153914,0.6533567022557979,UP,UP,True
2026-07-29 01:40:00+00:00,1,2,False,0.4759876565940815,0.08492742029831679,0.3910602362957647,0.13295210711015387,0.4759876565940815,NEUTRAL,UP,False
2026-07-29 02:40:00+00:00,0,2,False,0.5915715601516729,0.32170978318645077,0.2698617769652221,0.13856666288310496,0.5915715601516729,DOWN,UP,False
2026-07-29 03:40:00+00:00,1,2,False,0.7425897431210112,0.5563802651512407,0.18620947796977047,0.07120077890921833,0.7425897431210112,NEUTRAL,UP,False
2026-07-29 04:40:00+00:00,0,2,False,0.5735382786497631,0.24776805303116267,0.3257702256186005,0.10069149573163642,0.5735382786497631,DOWN,UP,False
2026-07-29 05:40:00+00:00,0,2,False,0.5820923122962876,0.26993932402611454,0.312152988270173,0.1057546994335394,0.5820923122962876,DOWN,UP,False
2026-07-29 06:40:00+00:00,0,2,False,0.5693194700222508,0.23496024897847195,0.33435922104377885,0.09632130893397035,0.5693194700222508,DOWN,UP,False
2026-07-29 07:40:00+00:00,2,0,False,0.5673699348790097,0.29761459939477886,0.5673699348790097,0.1628747296367596,0.2697553354842308,UP,DOWN,False
2026-07-29 08:40:00+00:00,2,0,False,0.38918501121528976,0.040062817824046026,0.38918501121528976,0.26169279539346646,0.34912219339124373,UP,DOWN,False
2026-07-29 09:40:00+00:00,2,0,False,0.6586778580443986,0.434730912104316,0.6586778580443986,0.2239469459400826,0.11737519601551888,UP,DOWN,False
2026-07-29 10:40:00+00:00,1,0,False,0.5455816796754764,0.2734840574213469,0.5455816796754764,0.27209762225412953,0.18232069807039408,NEUTRAL,DOWN,False
2026-07-29 11:40:00+00:00,0,0,False,0.4223612661567393,0.044580847398129786,0.4223612661567393,0.3777804187586095,0.19985831508465132,DOWN,DOWN,True
2026-07-29 12:40:00+00:00,2,0,False,0.4979341933108414,0.15762346098679653,0.4979341933108414,0.34031073232404485,0.16175507436511385,UP,DOWN,False
2026-07-29 13:40:00+00:00,1,0,False,0.5161016639866921,0.23572320135770491,0.5161016639866921,0.2803784626289872,0.20351987338432062,NEUTRAL,DOWN,False
2026-07-29 14:40:00+00:00,2,0,False,0.5211268048479484,0.22051032118133063,0.5211268048479484,0.17825671148543393,0.30061648366661775,UP,DOWN,False
2026-07-29 15:40:00+00:00,0,0,False,0.6019398847427722,0.36463155638577854,0.6019398847427722,0.16075178690023406,0.23730832835699361,DOWN,DOWN,True
2026-07-29 16:40:00+00:00,2,0,False,0.5040725692731506,0.24394973905083567,0.5040725692731506,0.23580460050453442,0.2601228302223149,UP,DOWN,False
2026-07-29 17:40:00+00:00,2,0,False,0.48058600926667794,0.14048484815689916,0.48058600926667794,0.17931282962354328,0.3401011611097788,UP,DOWN,False
2026-07-29 18:40:00+00:00,2,0,False,0.43817235266136273,0.13557832159280986,0.43817235266136273,0.25923361627008445,0.30259403106855287,UP,DOWN,False
2026-07-29 19:40:00+00:00,0,1,False,0.3417295622127785,0.009046738574218338,0.33268282363856017,0.3417295622127785,0.32558761414866133,DOWN,NEUTRAL,False
2026-07-29 20:40:00+00:00,0,2,False,0.4151936644913758,0.10894862599488653,0.27856129701213495,0.30624503849648926,0.4151936644913758,DOWN,UP,False
2026-07-29 21:40:00+00:00,0,1,False,0.41370195323847275,0.0863436436956504,0.32735830954282236,0.41370195323847275,0.25893973721870495,DOWN,NEUTRAL,False
2026-07-29 22:40:00+00:00,2,1,False,0.5838500147112156,0.34067426230982945,0.24317575240138614,0.5838500147112156,0.17297423288739835,UP,NEUTRAL,False
2026-07-29 23:40:00+00:00,0,0,False,0.5172477135978444,0.10804938794002322,0.5172477135978444,0.40919832565782116,0.07355396074433444,DOWN,DOWN,True
2026-07-30 00:45:00+00:00,2,2,False,0.58579751161545,0.28059842403055724,0.3051990875848928,0.10900340079965715,0.58579751161545,UP,UP,True
2026-07-30 01:45:00+00:00,0,2,False,0.45533042719160766,0.007422674970365695,0.44790775222124196,0.09676182058715048,0.45533042719160766,DOWN,UP,False
2026-07-30 02:45:00+00:00,2,2,False,0.5327128720097711,0.15018648983928062,0.3825263821704905,0.08476074581973843,0.5327128720097711,UP,UP,True
2026-07-30 03:45:00+00:00,2,0,False,0.47672275080399423,0.21236226702253014,0.47672275080399423,0.2643604837814641,0.25891676541454167,UP,DOWN,False
2026-07-30 04:45:00+00:00,1,0,False,0.4674502109843654,0.16196537673459205,0.4674502109843654,0.30548483424977335,0.22706495476586128,NEUTRAL,DOWN,False
2026-07-30 05:45:00+00:00,2,0,False,0.40163105302431595,0.09155412137861302,0.40163105302431595,0.31007693164570294,0.2882920153299811,UP,DOWN,False
2026-07-30 06:45:00+00:00,0,0,False,0.4434583802235828,0.08905281833109435,0.4434583802235828,0.20213605788392874,0.35440556189248845,DOWN,DOWN,True
2026-07-30 07:45:00+00:00,2,2,True,0.7900686783827781,0.6379267019930233,0.1521419763897548,0.05778934522746715,0.7900686783827781,UP,UP,True
2026-07-30 08:45:00+00:00,2,2,False,0.5795277825019342,0.29233247762594994,0.2871953048759842,0.13327691262208163,0.5795277825019342,UP,UP,True
2026-07-30 09:45:00+00:00,2,0,False,0.6124144656917607,0.3500598615072706,0.6124144656917607,0.1252309301237492,0.26235460418449014,UP,DOWN,False
2026-07-30 10:45:00+00:00,0,0,False,0.4974442417702885,0.18654174468369195,0.4974442417702885,0.31090249708659656,0.19165326114311482,DOWN,DOWN,True
2026-07-30 11:45:00+00:00,0,0,False,0.4885192398009912,0.18527211589165998,0.4885192398009912,0.30324712390933123,0.20823363628967761,DOWN,DOWN,True
2026-07-30 12:45:00+00:00,0,0,False,0.5545310489826931,0.2793772465182291,0.5545310489826931,0.275153802464464,0.17031514855284288,DOWN,DOWN,True
2026-07-30 13:45:00+00:00,2,1,False,0.4096203051217618,0.05093608878905803,0.23169547854553446,0.4096203051217618,0.35868421633270375,UP,NEUTRAL,False
2026-07-30 14:45:00+00:00,0,2,False,0.3638366919970576,0.003499168681826703,0.3603375233152309,0.27582578468771146,0.3638366919970576,DOWN,UP,False
2026-07-30 15:45:00+00:00,0,1,False,0.45125621266275756,0.12766946475229313,0.22515703942677787,0.45125621266275756,0.32358674791046443,DOWN,NEUTRAL,False
2026-07-30 16:45:00+00:00,0,0,True,0.7566410400921896,0.5395210968906674,0.7566410400921896,0.21711994320152217,0.026239016706288136,DOWN,DOWN,True
2026-07-30 17:45:00+00:00,0,0,True,0.8058108673888542,0.6247541406910064,0.8058108673888542,0.18105672669784778,0.013132405913297927,DOWN,DOWN,True
2026-07-30 18:45:00+00:00,2,0,True,0.7531451907245817,0.5174047487982464,0.7531451907245817,0.2357404419263354,0.011114367349082844,UP,DOWN,False
2026-07-30 19:45:00+00:00,0,0,True,0.9380880222749407,0.8817820354670973,0.9380880222749407,0.05630598680784335,0.005605990917215882,DOWN,DOWN,True
2026-07-30 20:45:00+00:00,1,0,False,0.6405881357894251,0.29636577134874,0.6405881357894251,0.3442223644406851,0.01518949976988977,NEUTRAL,DOWN,False
2026-07-30 21:45:00+00:00,2,0,True,0.9469273113393456,0.9000180759816826,0.9469273113393456,0.046909235357663004,0.006163453302991468,UP,DOWN,False
2026-07-30 22:45:00+00:00,2,0,True,0.8062473848655615,0.6266855724340387,0.8062473848655615,0.1795618124315228,0.014190802702915652,UP,DOWN,False
2026-07-30 23:45:00+00:00,1,0,True,0.848297824945779,0.7055840028220421,0.848297824945779,0.14271382212373687,0.008988352930484004,NEUTRAL,DOWN,False
2026-07-31 00:45:00+00:00,2,0,False,0.47434602463217257,0.044671410272361156,0.47434602463217257,0.09597936100801607,0.4296746143598114,UP,DOWN,False
2026-07-31 01:45:00+00:00,2,0,False,0.5489587170127068,0.2793241108170987,0.5489587170127068,0.18140667679168498,0.26963460619560814,UP,DOWN,False
2026-07-31 02:45:00+00:00,2,0,False,0.7454062347742126,0.5185546655356856,0.7454062347742126,0.027742195987260444,0.22685156923852695,UP,DOWN,False
2026-07-31 03:45:00+00:00,1,0,False,0.7407953278874511,0.5744491765410867,0.7407953278874511,0.1663461513463643,0.09285852076618481,NEUTRAL,DOWN,False
2026-07-31 04:45:00+00:00,0,0,False,0.5075945984783694,0.17731322356869783,0.5075945984783694,0.3302813749096716,0.16212402661195902,DOWN,DOWN,True
2026-07-31 05:45:00+00:00,2,1,False,0.39762992956619914,0.021308800394149507,0.22604894126175124,0.39762992956619914,0.37632112917204963,UP,NEUTRAL,False
2026-07-31 06:45:00+00:00,2,2,False,0.5108843748511743,0.2569437162318231,0.2351749665294745,0.2539406586193512,0.5108843748511743,UP,UP,True
2026-07-31 07:45:00+00:00,0,2,False,0.35292720516814485,0.0233933122060882,0.3175389018697985,0.32953389296205665,0.35292720516814485,DOWN,UP,False
2026-07-31 08:45:00+00:00,0,1,False,0.44559454422782874,0.11919015498499347,0.32640438924283527,0.44559454422782874,0.22800106652933597,DOWN,NEUTRAL,False
2026-07-31 09:45:00+00:00,2,1,False,0.5622556735322818,0.32118218808951915,0.19667084102495555,0.5622556735322818,0.24107348544276264,UP,NEUTRAL,False
2026-07-31 10:45:00+00:00,0,1,False,0.43924522161880564,0.04619225807222144,0.3930529635465842,0.43924522161880564,0.16770181483461016,DOWN,NEUTRAL,False
2026-07-31 11:45:00+00:00,0,1,False,0.3709841862130931,0.03422813531271751,0.3367560509003756,0.3709841862130931,0.2922597628865312,DOWN,NEUTRAL,False
2026-07-31 12:45:00+00:00,2,0,False,0.6532369596708888,0.40629824534115067,0.6532369596708888,0.2469387143297381,0.09982432599937298,UP,DOWN,False
2026-07-31 13:45:00+00:00,2,1,False,0.5564563937968845,0.1690104676106985,0.387445926186186,0.5564563937968845,0.05609768001692962,UP,NEUTRAL,False
2026-07-31 14:45:00+00:00,2,0,False,0.6350527476843945,0.31786520556609194,0.6350527476843945,0.3171875421183025,0.047759710197303,UP,DOWN,False
2026-07-31 15:45:00+00:00,0,0,False,0.6927651580496812,0.42358282800675,0.6927651580496812,0.2691823300429312,0.0380525119073876,DOWN,DOWN,True
2026-07-31 16:45:00+00:00,1,1,False,0.5038611323158781,0.06143608386192123,0.4424250484539569,0.5038611323158781,0.05371381923016493,NEUTRAL,NEUTRAL,True
2026-07-31 17:45:00+00:00,0,0,True,0.8844197850836436,0.7827573739473305,0.8844197850836436,0.10166241113631318,0.013917803780043196,DOWN,DOWN,True
2026-07-31 18:45:00+00:00,1,0,True,0.8527884455458676,0.7379424931239031,0.8527884455458676,0.11484595242196452,0.03236560203216775,NEUTRAL,DOWN,False
2026-07-31 19:45:00+00:00,0,0,False,0.7162874102006462,0.472044804502025,0.7162874102006462,0.24424260569862125,0.03946998410073243,DOWN,DOWN,True
2026-07-31 20:45:00+00:00,2,0,False,0.6910861266644801,0.4406180139948022,0.6910861266644801,0.2504681126696779,0.05844576066584208,UP,DOWN,False
2026-07-31 21:45:00+00:00,1,0,True,0.9200339573644561,0.8549351629168231,0.9200339573644561,0.065098794447633,0.014867248187910813,NEUTRAL,DOWN,False
2026-07-31 22:45:00+00:00,0,0,False,0.6604849411234751,0.3766406009771151,0.6604849411234751,0.28384434014636,0.05567071873016477,DOWN,DOWN,True
2026-07-31 23:45:00+00:00,0,0,True,0.7552269521780124,0.6296696271545992,0.7552269521780124,0.11921572279857448,0.1255573250234132,DOWN,DOWN,True
2026-08-03 00:45:00+00:00,0,0,False,0.5503727697968834,0.19252939521854073,0.5503727697968834,0.09178385562477388,0.3578433745783427,DOWN,DOWN,True
2026-08-03 01:45:00+00:00,2,0,False,0.7242149000222463,0.5491711476499644,0.7242149000222463,0.10074134760547171,0.1750437523722819,UP,DOWN,False
2026-08-03 02:45:00+00:00,0,0,True,0.8452292663994746,0.731455902121263,0.8452292663994746,0.11377336427821165,0.04099736932231373,DOWN,DOWN,True
2026-08-03 03:45:00+00:00,2,0,False,0.4152080268674647,0.11398156555261646,0.4152080268674647,0.283565511817687,0.30122646131484826,UP,DOWN,False
2026-08-03 04:45:00+00:00,2,0,True,0.768895418835671,0.6351799645388528,0.768895418835671,0.13371545429681822,0.09738912686751089,UP,DOWN,False
2026-08-03 05:45:00+00:00,1,0,True,0.9015658674242127,0.8443590273321211,0.9015658674242127,0.05720684009209169,0.04122729248369562,NEUTRAL,DOWN,False
2026-08-03 06:45:00+00:00,0,0,False,0.6048063565143296,0.3724246502439276,0.6048063565143296,0.23238170627040194,0.1628119372152684,DOWN,DOWN,True
2026-08-03 07:45:00+00:00,1,2,False,0.4202055161044509,0.009139076561230974,0.4110664395432199,0.16872804435232922,0.4202055161044509,NEUTRAL,UP,False
2026-08-03 08:45:00+00:00,2,0,False,0.4105161799893129,0.02823342291208042,0.4105161799893129,0.20720106293345464,0.38228275707723247,UP,DOWN,False
2026-08-03 09:45:00+00:00,0,0,False,0.4900719538693176,0.2042451356034315,0.4900719538693176,0.22410122786479628,0.28582681826588613,DOWN,DOWN,True
2026-08-03 10:45:00+00:00,2,0,False,0.5042281897374707,0.21449010244336175,0.5042281897374707,0.289738087294109,0.20603372296842035,UP,DOWN,False
2026-08-03 11:45:00+00:00,2,0,False,0.46213970003911997,0.1397495692097896,0.46213970003911997,0.3223901308293304,0.21547016913154973,UP,DOWN,False
2026-08-03 12:45:00+00:00,1,0,False,0.49278355760974346,0.17944351755142707,0.49278355760974346,0.3133400400583164,0.19387640233194026,NEUTRAL,DOWN,False
2026-08-03 13:45:00+00:00,0,0,False,0.3546378741603296,0.008506574950894963,0.3546378741603296,0.34613129920943464,0.29923082663023576,DOWN,DOWN,True
2026-08-03 14:45:00+00:00,0,1,False,0.3506659987972184,0.025148898593125912,0.32551710020409247,0.3506659987972184,0.3238169009986892,DOWN,NEUTRAL,False
2026-08-03 15:45:00+00:00,0,0,False,0.5418791577279902,0.2566845355711766,0.5418791577279902,0.2851946221568136,0.1729262201151961,DOWN,DOWN,True
2026-08-03 16:45:00+00:00,2,0,False,0.3918411736632796,0.08064528444501173,0.3918411736632796,0.2969629371184525,0.31119588921826785,UP,DOWN,False
