time,target,predicted_target,up_probability
2026-05-04 08:55:00+00:00,1,0,0.45683538002672
2026-05-04 09:00:00+00:00,1,0,0.4360798224313296
2026-05-04 09:05:00+00:00,1,0,0.4398329938232046
2026-05-04 09:10:00+00:00,1,1,0.5184655528759234
2026-05-04 09:15:00+00:00,1,1,0.5357809784468757
2026-05-04 09:20:00+00:00,1,0,0.48906973558684214
2026-05-04 09:25:00+00:00,1,1,0.5185711632845392
2026-05-04 09:30:00+00:00,1,1,0.5433710610017954
2026-05-04 09:35:00+00:00,1,1,0.5555120516801002
2026-05-04 09:55:00+00:00,0,1,0.5638300528159453
2026-05-04 10:05:00+00:00,0,1,0.5058833571122366
2026-05-04 10:10:00+00:00,0,1,0.5748020332973885
2026-05-04 10:15:00+00:00,1,1,0.5729830926292931
2026-05-04 10:20:00+00:00,1,1,0.5776121766738781
2026-05-04 10:35:00+00:00,1,1,0.587151148895506
2026-05-04 10:40:00+00:00,1,1,0.5438319089942217
2026-05-04 10:45:00+00:00,1,1,0.5034587504756649
2026-05-04 10:50:00+00:00,1,1,0.5393246571442266
2026-05-04 10:55:00+00:00,1,0,0.4919738974722798
2026-05-04 11:05:00+00:00,1,0,0.45804334708920125
2026-05-04 11:10:00+00:00,1,0,0.48968399878677
2026-05-04 11:20:00+00:00,1,1,0.5089220238823481
2026-05-04 11:25:00+00:00,1,1,0.5030094039811689
2026-05-04 11:30:00+00:00,1,1,0.5159463586794895
2026-05-04 11:35:00+00:00,1,1,0.5246386278988985
2026-05-04 11:40:00+00:00,1,1,0.5262234268144879
2026-05-04 11:45:00+00:00,1,1,0.5018429807096284
2026-05-04 11:55:00+00:00,1,1,0.5108328080025805
2026-05-04 12:00:00+00:00,1,1,0.505324401643482
2026-05-04 12:05:00+00:00,1,0,0.4933092073592212
2026-05-04 12:10:00+00:00,1,0,0.49012047109837237
2026-05-04 12:15:00+00:00,1,0,0.4658976399141017
2026-05-04 12:20:00+00:00,1,0,0.491922399533611
2026-05-04 12:25:00+00:00,1,0,0.4987740374038319
2026-05-04 12:30:00+00:00,1,0,0.4968199110971444
2026-05-04 12:35:00+00:00,1,1,0.5019602453053851
2026-05-04 12:40:00+00:00,1,0,0.4983229524896691
2026-05-04 12:45:00+00:00,1,1,0.5000139996999624
2026-05-04 12:50:00+00:00,1,0,0.47543960038912675
2026-05-04 12:55:00+00:00,1,0,0.4988141457720304
2026-05-04 13:00:00+00:00,1,0,0.4975973982058577
2026-05-04 13:15:00+00:00,0,0,0.47487846148656226
2026-05-04 13:20:00+00:00,0,1,0.532359590383244
2026-05-04 13:25:00+00:00,1,1,0.5511294510075302
2026-05-04 13:30:00+00:00,1,1,0.5746491343656619
2026-05-04 13:35:00+00:00,1,1,0.5672211957656521
2026-05-04 13:40:00+00:00,1,1,0.5614791397878999
2026-05-04 13:45:00+00:00,1,1,0.5663286416923451
2026-05-04 13:50:00+00:00,1,1,0.5695674326020744
2026-05-04 13:55:00+00:00,1,1,0.5460523761149553
2026-05-04 14:05:00+00:00,0,1,0.5203365912766842
2026-05-04 14:10:00+00:00,0,1,0.521551656190319
2026-05-04 14:15:00+00:00,0,1,0.5384356496487014
2026-05-04 14:20:00+00:00,0,1,0.5391549510864581
2026-05-04 14:25:00+00:00,0,0,0.4980199679227484
2026-05-04 14:30:00+00:00,0,0,0.4893421980650044
2026-05-04 14:35:00+00:00,0,0,0.4884413340178801
2026-05-04 14:40:00+00:00,0,0,0.4444805392996443
2026-05-04 14:45:00+00:00,0,0,0.44966827077032184
2026-05-04 14:50:00+00:00,0,0,0.4631537796937433
2026-05-04 14:55:00+00:00,0,0,0.45794132952482036
2026-05-04 15:00:00+00:00,0,0,0.4569796249914885
2026-05-04 15:05:00+00:00,0,0,0.4889087061204462
2026-05-04 15:10:00+00:00,0,0,0.487184121443928
2026-05-04 15:15:00+00:00,1,0,0.4923108920744888
2026-05-04 15:30:00+00:00,0,0,0.48497591458941974
2026-05-04 15:35:00+00:00,0,1,0.5163671781896347
2026-05-04 15:40:00+00:00,0,0,0.4954789747081316
2026-05-04 15:45:00+00:00,0,0,0.49443860383372673
2026-05-04 15:50:00+00:00,0,0,0.4685175436352539
2026-05-04 15:55:00+00:00,0,0,0.47204485488822495
2026-05-04 16:00:00+00:00,0,0,0.49697495724503093
2026-05-04 16:05:00+00:00,1,1,0.536953389048991
2026-05-04 16:10:00+00:00,1,1,0.5530601381996538
2026-05-04 16:35:00+00:00,0,0,0.4995863259428074
2026-05-04 16:40:00+00:00,1,1,0.5111833167327188
2026-05-04 16:45:00+00:00,1,0,0.4821012699488565
2026-05-04 16:50:00+00:00,1,0,0.47674240920005156
2026-05-04 16:55:00+00:00,1,0,0.49468073884805763
2026-05-04 17:05:00+00:00,0,0,0.4574547489196955
2026-05-04 17:10:00+00:00,0,0,0.48193421586451124
2026-05-04 17:15:00+00:00,1,1,0.5482394846167844
2026-05-04 17:20:00+00:00,1,1,0.5383569922206741
2026-05-04 17:25:00+00:00,1,1,0.5430122791847882
2026-05-04 17:30:00+00:00,1,1,0.5380072100185354
2026-05-04 17:35:00+00:00,1,1,0.5436459959152701
2026-05-04 17:40:00+00:00,1,1,0.540374714753681
2026-05-04 17:45:00+00:00,1,1,0.5556139816532215
2026-05-04 17:50:00+00:00,1,1,0.5333240055757361
2026-05-04 17:55:00+00:00,1,1,0.5250130684648453
2026-05-04 18:00:00+00:00,1,1,0.532923165290067
2026-05-04 18:05:00+00:00,1,1,0.5372169180615042
2026-05-04 18:10:00+00:00,1,1,0.544398539446628
2026-05-04 18:15:00+00:00,1,0,0.4649704380702422
2026-05-04 18:25:00+00:00,1,1,0.5277658317562172
2026-05-04 18:30:00+00:00,1,0,0.49022031988449954
2026-05-04 18:35:00+00:00,1,0,0.49324404090904406
2026-05-04 18:40:00+00:00,1,1,0.5295876312385174
2026-05-04 18:45:00+00:00,1,1,0.5650656890098853
2026-05-04 18:50:00+00:00,1,1,0.5199830198891506
2026-05-04 18:55:00+00:00,1,1,0.5243660640006859
2026-05-04 19:05:00+00:00,0,1,0.5485149002592803
2026-05-04 19:10:00+00:00,0,1,0.5501070236373078
2026-05-04 19:25:00+00:00,0,1,0.5372817428414595
2026-05-04 19:30:00+00:00,0,1,0.5517733703371932
2026-05-04 19:35:00+00:00,0,1,0.5648963902541584
2026-05-04 19:40:00+00:00,0,1,0.5776623761750395
2026-05-04 19:45:00+00:00,0,1,0.5503769426699242
2026-05-04 19:50:00+00:00,0,1,0.5531354316086247
2026-05-04 19:55:00+00:00,0,1,0.5531354316086247
2026-05-04 20:00:00+00:00,0,1,0.5549624331811774
2026-05-04 20:15:00+00:00,1,1,0.5335951535352321
2026-05-04 20:20:00+00:00,1,1,0.5579063320642673
2026-05-04 20:25:00+00:00,1,1,0.5982750867460419
2026-05-04 20:30:00+00:00,1,1,0.5561119426597727
2026-05-04 20:35:00+00:00,0,1,0.5276305489958689
2026-05-04 20:40:00+00:00,0,1,0.534690242164363
2026-05-04 20:45:00+00:00,0,1,0.5309277668179594
2026-05-04 20:50:00+00:00,0,1,0.5516308060063745
2026-05-04 20:55:00+00:00,0,1,0.5483409517835546
2026-05-04 21:00:00+00:00,0,1,0.5482032798996277
2026-05-04 21:05:00+00:00,0,1,0.5371347749042145
2026-05-04 21:10:00+00:00,0,1,0.5470447511422711
2026-05-04 21:15:00+00:00,0,1,0.5377186493177547
2026-05-04 21:20:00+00:00,0,1,0.5541752244620454
2026-05-04 21:25:00+00:00,0,1,0.5535153978227147
2026-05-04 21:30:00+00:00,0,1,0.5752796777419277
2026-05-04 21:35:00+00:00,0,1,0.5752371660367323
2026-05-04 21:40:00+00:00,0,1,0.5794908371880131
2026-05-04 21:45:00+00:00,0,1,0.6366977573444751
2026-05-04 21:50:00+00:00,0,1,0.6228715669994228
2026-05-04 21:55:00+00:00,1,1,0.5982483329905051
2026-05-04 22:05:00+00:00,1,0,0.337280625265361
2026-05-04 22:10:00+00:00,1,0,0.30399871879669016
2026-05-04 22:15:00+00:00,1,0,0.33290213222262216
2026-05-04 22:20:00+00:00,1,0,0.3570259692699046
2026-05-04 22:25:00+00:00,1,0,0.3022342844904184
2026-05-04 22:30:00+00:00,1,0,0.35963353304448886
2026-05-04 22:35:00+00:00,1,0,0.33772943122760374
2026-05-04 22:40:00+00:00,1,0,0.3744855435855771
2026-05-04 22:45:00+00:00,1,0,0.34953380137530105
2026-05-04 22:50:00+00:00,1,0,0.37838475745605876
2026-05-04 22:55:00+00:00,1,0,0.34769149537502864
2026-05-04 23:00:00+00:00,1,0,0.10002539971807756
2026-05-04 23:15:00+00:00,0,0,0.0815148788781873
2026-05-04 23:20:00+00:00,0,0,0.07672721165127608
2026-05-04 23:25:00+00:00,0,0,0.10047282502936108
2026-05-04 23:30:00+00:00,0,0,0.09957290836873743
2026-05-04 23:35:00+00:00,0,0,0.11897640446517704
2026-05-04 23:40:00+00:00,0,0,0.11480303042656764
2026-05-04 23:45:00+00:00,0,0,0.11221912514077718
2026-05-04 23:50:00+00:00,0,0,0.09726344256719498
2026-05-04 23:55:00+00:00,0,0,0.12162749013400212
2026-05-05 00:00:00+00:00,1,1,0.8413386378384065
2026-05-05 00:05:00+00:00,1,1,0.7317009642979316
2026-05-05 00:10:00+00:00,1,1,0.6861276101048491
2026-05-05 00:15:00+00:00,1,1,0.7365214410361589
2026-05-05 00:20:00+00:00,1,1,0.7537100699395453
2026-05-05 00:25:00+00:00,1,1,0.7882778510923981
2026-05-05 00:30:00+00:00,1,1,0.7375709275124654
2026-05-05 00:35:00+00:00,1,1,0.7229589307731854
2026-05-05 00:40:00+00:00,1,1,0.6672998886265289
2026-05-05 00:50:00+00:00,1,0,0.4742260075099203
2026-05-05 00:55:00+00:00,1,1,0.6632036630059908
2026-05-05 01:05:00+00:00,0,1,0.5745525386738356
2026-05-05 01:10:00+00:00,0,1,0.5219493340677069
2026-05-05 01:15:00+00:00,0,1,0.5336275959010947
2026-05-05 01:20:00+00:00,0,1,0.5249918263457239
2026-05-05 01:30:00+00:00,0,1,0.559277821570184
2026-05-05 01:35:00+00:00,0,1,0.5828434356574004
2026-05-05 01:50:00+00:00,0,1,0.580889070242329
2026-05-05 02:00:00+00:00,0,0,0.49972324200564044
2026-05-05 02:05:00+00:00,1,1,0.5803642705044377
2026-05-05 02:20:00+00:00,1,1,0.5736023720263294
2026-05-05 02:25:00+00:00,1,1,0.5354882271163582
2026-05-05 02:30:00+00:00,1,1,0.5865595437870038
2026-05-05 02:35:00+00:00,1,1,0.5260479588512593
2026-05-05 02:40:00+00:00,1,1,0.5303419429031089
2026-05-05 02:50:00+00:00,0,1,0.5345130311149381
2026-05-05 03:00:00+00:00,1,1,0.5625397179501923
2026-05-05 03:10:00+00:00,1,1,0.5260515030554394
2026-05-05 03:15:00+00:00,1,1,0.5488881885676843
2026-05-05 03:20:00+00:00,1,1,0.5270895682818423
2026-05-05 03:25:00+00:00,1,1,0.540620243217088
2026-05-05 03:30:00+00:00,1,1,0.5411909316073333
2026-05-05 03:35:00+00:00,1,1,0.5645811964949825
2026-05-05 03:45:00+00:00,1,1,0.6381173514877173
2026-05-05 03:50:00+00:00,1,1,0.6013582661553857
2026-05-05 04:00:00+00:00,0,1,0.5126243605517098
2026-05-05 04:05:00+00:00,0,1,0.5181788627340436
2026-05-05 04:10:00+00:00,0,1,0.5241312767684918
2026-05-05 04:15:00+00:00,0,1,0.504459757628343
2026-05-05 04:20:00+00:00,0,1,0.5353755867731783
2026-05-05 04:25:00+00:00,0,1,0.531807509376266
2026-05-05 04:30:00+00:00,0,1,0.5401433746836158
2026-05-05 04:35:00+00:00,0,0,0.49479001339704315
2026-05-05 04:40:00+00:00,0,1,0.5525426609006212
2026-05-05 04:45:00+00:00,0,1,0.5448698060150551
2026-05-05 05:00:00+00:00,1,1,0.5725883621952358
2026-05-05 05:05:00+00:00,1,1,0.6149124374389902
2026-05-05 05:10:00+00:00,1,1,0.5875027032612983
2026-05-05 05:20:00+00:00,1,1,0.6814108617257985
2026-05-05 05:25:00+00:00,1,1,0.6380693673020463
2026-05-05 05:30:00+00:00,1,1,0.6586343989160302
2026-05-05 05:35:00+00:00,1,1,0.6265772579059108
2026-05-05 05:40:00+00:00,1,1,0.6734207855325508
2026-05-05 05:45:00+00:00,1,1,0.7077470727076097
2026-05-05 05:50:00+00:00,1,1,0.6451581379269551
2026-05-05 05:55:00+00:00,1,1,0.6329693390314817
2026-05-05 06:00:00+00:00,1,1,0.683324159924788
2026-05-05 06:05:00+00:00,1,1,0.6099545636772854
2026-05-05 06:10:00+00:00,1,1,0.583094267890125
2026-05-05 06:15:00+00:00,1,1,0.5417801052512264
2026-05-05 06:20:00+00:00,1,1,0.5390930745096175
2026-05-05 06:25:00+00:00,1,0,0.494214206859848
2026-05-05 06:30:00+00:00,1,0,0.49133775048973166
2026-05-05 06:35:00+00:00,1,0,0.42213661683641307
2026-05-05 06:40:00+00:00,1,0,0.4771683786059414
2026-05-05 06:45:00+00:00,1,0,0.4981820884369041
2026-05-05 06:50:00+00:00,1,0,0.43859412545085597
2026-05-05 06:55:00+00:00,1,0,0.40340913555770513
2026-05-05 07:00:00+00:00,1,1,0.506273674613394
2026-05-05 07:05:00+00:00,1,1,0.5026218857568711
2026-05-05 07:10:00+00:00,1,1,0.5203380525943965
2026-05-05 07:15:00+00:00,1,1,0.5653917749114287
2026-05-05 07:20:00+00:00,0,1,0.5144754903014818
2026-05-05 07:25:00+00:00,0,1,0.5760286273058861
2026-05-05 07:30:00+00:00,0,1,0.5450354332766524
2026-05-05 07:35:00+00:00,0,1,0.5579655927191011
2026-05-05 07:40:00+00:00,0,0,0.47822497175149864
2026-05-05 07:45:00+00:00,0,1,0.5037994142798763
2026-05-05 07:50:00+00:00,0,0,0.47399898879684654
2026-05-05 07:55:00+00:00,0,0,0.47031854056220423
2026-05-05 08:00:00+00:00,0,1,0.511582307330074
2026-05-05 08:10:00+00:00,1,0,0.4685747837823727
2026-05-05 08:20:00+00:00,1,1,0.5969402100372738
2026-05-05 08:30:00+00:00,1,1,0.6712238908578025
2026-05-05 08:45:00+00:00,1,1,0.6253433227224251
2026-05-05 08:50:00+00:00,0,1,0.6022250598886888
2026-05-05 08:55:00+00:00,0,1,0.517697582032655
2026-05-05 09:00:00+00:00,0,1,0.5572615006825231
2026-05-05 09:05:00+00:00,0,1,0.5092553724025136
2026-05-05 09:10:00+00:00,0,1,0.5323193402227602
2026-05-05 09:15:00+00:00,0,1,0.5553298514968612
2026-05-05 09:20:00+00:00,0,1,0.5580823523285661
2026-05-05 09:25:00+00:00,0,1,0.5711955239548823
2026-05-05 09:30:00+00:00,0,1,0.5652826125173741
2026-05-05 09:35:00+00:00,0,1,0.5143837789401257
2026-05-05 09:40:00+00:00,0,1,0.5396376589906471
2026-05-05 09:45:00+00:00,0,0,0.4943144984921822
2026-05-05 09:50:00+00:00,0,1,0.5459235570332245
2026-05-05 10:00:00+00:00,1,1,0.5460898086552289
2026-05-05 10:05:00+00:00,1,1,0.5560323282403354
2026-05-05 10:10:00+00:00,1,1,0.6106146149904373
2026-05-05 10:15:00+00:00,1,1,0.541204733830197
2026-05-05 10:20:00+00:00,1,1,0.5559015510392106
2026-05-05 10:25:00+00:00,1,1,0.5664104731650998
2026-05-05 10:30:00+00:00,1,1,0.5536323910321866
2026-05-05 10:35:00+00:00,1,1,0.5017419616606444
2026-05-05 10:40:00+00:00,1,1,0.5080123681560067
2026-05-05 10:45:00+00:00,1,1,0.5036913255450804
2026-05-05 10:50:00+00:00,1,0,0.4721984033212603
2026-05-05 10:55:00+00:00,1,0,0.4617294366655356
2026-05-05 11:00:00+00:00,1,0,0.4665710188465779
2026-05-05 11:05:00+00:00,1,0,0.49661605992201724
2026-05-05 11:10:00+00:00,1,0,0.48821852227093326
2026-05-05 11:15:00+00:00,1,0,0.482592573750356
2026-05-05 11:20:00+00:00,1,0,0.4947620332086854
2026-05-05 11:25:00+00:00,1,0,0.49014714338749354
2026-05-05 11:30:00+00:00,1,0,0.49071156331871735
2026-05-05 11:35:00+00:00,1,0,0.49013795723562636
2026-05-05 11:40:00+00:00,1,0,0.4973390195648651
2026-05-05 11:45:00+00:00,1,0,0.4936878980178522
2026-05-05 11:50:00+00:00,1,0,0.47584010312427516
2026-05-05 11:55:00+00:00,1,0,0.48633358367455437
2026-05-05 12:00:00+00:00,1,1,0.6619724993460041
2026-05-05 12:05:00+00:00,1,1,0.5775728181588294
2026-05-05 12:10:00+00:00,1,1,0.5726237707048041
2026-05-05 12:20:00+00:00,0,1,0.6048555841025675
2026-05-05 12:45:00+00:00,1,0,0.4037553120702709
2026-05-05 12:50:00+00:00,1,0,0.42563256165731295
2026-05-05 12:55:00+00:00,1,0,0.37709554263494927
2026-05-05 13:00:00+00:00,1,0,0.42183276368285044
2026-05-05 13:05:00+00:00,1,0,0.4426325545575647
2026-05-05 13:10:00+00:00,1,0,0.48141405255516223
2026-05-05 13:15:00+00:00,1,0,0.4713872032242574
2026-05-05 13:20:00+00:00,1,0,0.47790717444894626
2026-05-05 13:25:00+00:00,1,0,0.4834979623333055
2026-05-05 13:30:00+00:00,1,0,0.4866834694242104
2026-05-05 13:35:00+00:00,1,0,0.4893650387508043
2026-05-05 13:40:00+00:00,1,0,0.48907136634423815
2026-05-05 13:45:00+00:00,1,0,0.48890627413227966
2026-05-05 13:50:00+00:00,1,1,0.5215880311193052
2026-05-05 13:55:00+00:00,1,1,0.5092988997697054
2026-05-05 14:00:00+00:00,1,0,0.49760807898242815
2026-05-05 14:05:00+00:00,1,1,0.5301867920327504
2026-05-05 14:10:00+00:00,1,1,0.5378312486547934
2026-05-05 14:30:00+00:00,1,1,0.5749511768635124
2026-05-05 14:35:00+00:00,1,0,0.49224053999310674
2026-05-05 14:40:00+00:00,1,1,0.5297375157938395
2026-05-05 14:45:00+00:00,1,1,0.5358867371440776
2026-05-05 14:50:00+00:00,1,1,0.5258103058525958
2026-05-05 15:00:00+00:00,0,0,0.4733012483202693
2026-05-05 15:05:00+00:00,0,0,0.4655364499277987
2026-05-05 15:10:00+00:00,0,1,0.5803795367769716
2026-05-05 15:15:00+00:00,0,1,0.525672692852603
2026-05-05 15:20:00+00:00,1,1,0.5258410872784214
2026-05-05 15:25:00+00:00,1,1,0.5202560248465273
2026-05-05 15:30:00+00:00,0,1,0.5190866907264692
2026-05-05 15:40:00+00:00,0,1,0.5280028999522117
2026-05-05 15:45:00+00:00,0,0,0.48512904433030263
2026-05-05 15:50:00+00:00,0,1,0.5135410909303103
2026-05-05 16:05:00+00:00,0,0,0.4152245941160273
2026-05-05 16:10:00+00:00,1,0,0.42603224697268566
2026-05-05 16:15:00+00:00,1,0,0.44872530049203124
2026-05-05 16:25:00+00:00,1,0,0.4735811310415452
2026-05-05 16:30:00+00:00,1,0,0.4807688383050871
2026-05-05 16:35:00+00:00,1,0,0.46074548982868985
2026-05-05 16:45:00+00:00,0,0,0.4864096450789092
2026-05-05 16:50:00+00:00,0,1,0.5051339492127999
2026-05-05 16:55:00+00:00,0,1,0.5112492010163465
2026-05-05 17:00:00+00:00,0,0,0.4952433266910729
2026-05-05 17:05:00+00:00,0,1,0.5418897048973074
2026-05-05 17:10:00+00:00,0,1,0.5079314271815881
2026-05-05 17:15:00+00:00,0,1,0.5318547934304494
2026-05-05 17:25:00+00:00,0,1,0.5159115655440087
2026-05-05 17:30:00+00:00,0,1,0.5208349434371916
2026-05-05 17:35:00+00:00,0,1,0.5256925648370737
2026-05-05 17:40:00+00:00,0,1,0.5289986964967547
2026-05-05 17:45:00+00:00,0,1,0.5479373553975762
2026-05-05 17:50:00+00:00,0,1,0.5676917523503229
2026-05-05 18:00:00+00:00,1,1,0.6190720296389673
2026-05-05 18:05:00+00:00,1,1,0.5863473593669755
2026-05-05 18:10:00+00:00,1,1,0.5758806322340448
2026-05-05 18:20:00+00:00,1,0,0.4921860352595214
2026-05-05 18:25:00+00:00,1,1,0.5566298279503561
2026-05-05 18:30:00+00:00,1,1,0.5865607860718182
2026-05-05 18:35:00+00:00,1,1,0.5690047968896103
2026-05-05 18:40:00+00:00,1,1,0.5760560777480557
2026-05-05 18:45:00+00:00,1,1,0.5517698346612516
2026-05-05 18:50:00+00:00,1,1,0.5656524514622714
2026-05-05 18:55:00+00:00,1,1,0.5093774835574043
2026-05-05 19:00:00+00:00,1,1,0.6122164146021
2026-05-05 19:05:00+00:00,1,1,0.5741849032076465
2026-05-05 19:10:00+00:00,1,1,0.5137758315352803
2026-05-05 19:15:00+00:00,1,1,0.5328804440225614
2026-05-05 19:20:00+00:00,1,1,0.500931920946813
2026-05-05 19:25:00+00:00,1,1,0.5347882821014516
2026-05-05 19:30:00+00:00,1,1,0.5140524555328146
2026-05-05 19:35:00+00:00,1,1,0.5324997107374534
2026-05-05 19:40:00+00:00,1,1,0.5302574678238129
2026-05-05 19:45:00+00:00,1,1,0.5387637350896978
2026-05-05 19:50:00+00:00,1,1,0.5369214211823709
2026-05-05 19:55:00+00:00,1,1,0.5331516961895105
2026-05-05 20:00:00+00:00,1,0,0.49262731257947434
2026-05-05 20:05:00+00:00,1,1,0.5404187784804247
2026-05-05 20:25:00+00:00,1,1,0.5690677672187265
2026-05-05 20:30:00+00:00,1,1,0.5740874690317267
2026-05-05 20:35:00+00:00,1,1,0.5534923020234278
2026-05-05 20:40:00+00:00,1,1,0.5574793387392107
2026-05-05 20:45:00+00:00,1,1,0.5651608989906466
2026-05-05 20:50:00+00:00,1,1,0.5605569864385939
2026-05-05 20:55:00+00:00,1,1,0.5555158732872622
2026-05-05 21:00:00+00:00,1,1,0.5629362398583103
2026-05-05 21:05:00+00:00,1,1,0.5642192863352067
2026-05-05 21:15:00+00:00,1,0,0.48578146333082217
2026-05-05 21:20:00+00:00,1,1,0.5305591825867144
2026-05-05 21:25:00+00:00,1,1,0.5380441892349248
2026-05-05 21:30:00+00:00,0,0,0.455841968543297
2026-05-05 21:35:00+00:00,0,1,0.5291844510318665
2026-05-05 21:45:00+00:00,0,1,0.5238228646689549
2026-05-05 21:50:00+00:00,0,1,0.5389436438064897
2026-05-05 22:00:00+00:00,0,1,0.5202237192177012
2026-05-05 22:05:00+00:00,0,1,0.5825353996007835
2026-05-05 22:10:00+00:00,0,1,0.6149627659114705
2026-05-05 22:15:00+00:00,0,1,0.5789664354247076
2026-05-05 22:25:00+00:00,0,1,0.5322291873354356
2026-05-05 22:30:00+00:00,0,1,0.5597753177757782
2026-05-05 22:35:00+00:00,1,1,0.5807665981267524
2026-05-05 22:45:00+00:00,0,1,0.5603711126625387
2026-05-05 22:55:00+00:00,0,1,0.5565436676625588
2026-05-05 23:00:00+00:00,0,0,0.06924204187906555
2026-05-05 23:05:00+00:00,0,0,0.09440550663576527
2026-05-05 23:10:00+00:00,0,0,0.08054593435040322
2026-05-05 23:15:00+00:00,0,0,0.05481264375850951
2026-05-05 23:20:00+00:00,0,0,0.05811406759534585
2026-05-05 23:25:00+00:00,0,0,0.07079681035187056
2026-05-05 23:30:00+00:00,0,0,0.060182089464877735
2026-05-05 23:35:00+00:00,0,0,0.043299444953465355
2026-05-05 23:40:00+00:00,0,0,0.04464156215033741
2026-05-05 23:50:00+00:00,0,0,0.0622699485479388
2026-05-05 23:55:00+00:00,1,0,0.11303903928453192
2026-05-06 00:00:00+00:00,1,1,0.6522184951954986
2026-05-06 00:05:00+00:00,1,1,0.7198893452153334
2026-05-06 00:10:00+00:00,1,1,0.7216201651512817
2026-05-06 00:15:00+00:00,1,1,0.7320511049776649
2026-05-06 00:25:00+00:00,1,1,0.6580950823856724
2026-05-06 00:30:00+00:00,1,1,0.7656103982654314
2026-05-06 00:35:00+00:00,1,1,0.7757575110963902
2026-05-06 00:40:00+00:00,1,1,0.7885451383193465
2026-05-06 00:45:00+00:00,1,1,0.5301488003251964
2026-05-06 00:50:00+00:00,0,1,0.5643404227604679
2026-05-06 00:55:00+00:00,0,1,0.6104339397801252
2026-05-06 01:00:00+00:00,0,1,0.5610020609586971
2026-05-06 01:05:00+00:00,0,1,0.5533536059853126
2026-05-06 01:10:00+00:00,0,1,0.616791031803942
2026-05-06 01:15:00+00:00,0,1,0.5021532115171037
2026-05-06 01:20:00+00:00,0,1,0.5625012694990302
2026-05-06 01:25:00+00:00,0,1,0.6175191287553528
2026-05-06 01:30:00+00:00,0,1,0.5329805300093464
2026-05-06 01:35:00+00:00,0,1,0.5883289010732301
2026-05-06 01:40:00+00:00,0,1,0.5856606508776171
2026-05-06 01:45:00+00:00,0,1,0.5625060746691959
2026-05-06 01:50:00+00:00,0,1,0.7131512540707249
2026-05-06 01:55:00+00:00,0,1,0.5528684264374278
2026-05-06 02:10:00+00:00,1,1,0.5661267594025797
2026-05-06 02:15:00+00:00,1,1,0.5461137943637115
2026-05-06 02:25:00+00:00,0,1,0.5640362468350095
2026-05-06 02:30:00+00:00,0,1,0.5810262175826547
2026-05-06 02:35:00+00:00,0,1,0.570799137336384
2026-05-06 02:40:00+00:00,0,1,0.5452360215415923
2026-05-06 02:45:00+00:00,0,1,0.6014038719225127
2026-05-06 02:50:00+00:00,0,1,0.5671627555253774
2026-05-06 02:55:00+00:00,0,1,0.555614954488157
2026-05-06 03:00:00+00:00,0,1,0.5967475323598725
2026-05-06 03:15:00+00:00,0,1,0.6271166391749929
2026-05-06 03:30:00+00:00,1,1,0.6058359069063477
2026-05-06 03:35:00+00:00,1,1,0.6141571889112699
2026-05-06 03:40:00+00:00,1,1,0.6174179903644591
2026-05-06 03:45:00+00:00,1,1,0.609691815432727
2026-05-06 03:50:00+00:00,1,1,0.619041605889676
2026-05-06 03:55:00+00:00,1,1,0.6013774932382513
2026-05-06 04:00:00+00:00,1,1,0.6200607376799987
2026-05-06 04:05:00+00:00,1,1,0.550207558059606
2026-05-06 04:10:00+00:00,1,1,0.5554922227006563
2026-05-06 04:15:00+00:00,1,1,0.5814815291476355
2026-05-06 04:20:00+00:00,1,1,0.5852821817874004
2026-05-06 04:25:00+00:00,1,1,0.5050160265215471
2026-05-06 04:30:00+00:00,1,1,0.5052155263953565
2026-05-06 04:35:00+00:00,1,0,0.48865337571729217
2026-05-06 04:40:00+00:00,1,0,0.4962817851538312
2026-05-06 04:45:00+00:00,1,1,0.5163507204193666
2026-05-06 04:50:00+00:00,1,0,0.49076428466163685
2026-05-06 04:55:00+00:00,1,0,0.4852829155294822
2026-05-06 05:00:00+00:00,1,0,0.49263707441926824
2026-05-06 05:05:00+00:00,1,0,0.48720865691771204
2026-05-06 05:10:00+00:00,1,1,0.505690078644456
2026-05-06 05:15:00+00:00,1,1,0.5083105626730343
2026-05-06 05:20:00+00:00,1,1,0.5184229490172346
2026-05-06 05:25:00+00:00,1,1,0.5596099478880538
2026-05-06 05:30:00+00:00,1,1,0.5066270732512246
2026-05-06 05:35:00+00:00,0,0,0.49656107819784373
2026-05-06 05:40:00+00:00,0,0,0.48223331284463716
2026-05-06 05:45:00+00:00,1,1,0.523876731471337
2026-05-06 05:55:00+00:00,0,0,0.4985710006663395
2026-05-06 06:05:00+00:00,0,1,0.5879302503232097
2026-05-06 06:10:00+00:00,0,0,0.48528910950665066
2026-05-06 06:15:00+00:00,0,0,0.4881914953739647
2026-05-06 06:20:00+00:00,0,1,0.5502190810500525
2026-05-06 06:25:00+00:00,0,0,0.4956704307755548
2026-05-06 06:30:00+00:00,0,0,0.4926003740363885
2026-05-06 06:35:00+00:00,0,1,0.5364189662137921
2026-05-06 06:40:00+00:00,0,1,0.5043223759969625
2026-05-06 06:45:00+00:00,0,1,0.55767360930482
2026-05-06 06:50:00+00:00,0,1,0.5626878183885846
2026-05-06 06:55:00+00:00,0,1,0.5232017590545301
2026-05-06 07:00:00+00:00,0,1,0.5523173683498022
2026-05-06 07:05:00+00:00,0,1,0.546939531995929
2026-05-06 07:10:00+00:00,0,1,0.5399318902126243
2026-05-06 07:15:00+00:00,0,1,0.5409166087597331
2026-05-06 07:20:00+00:00,0,1,0.5487542002751147
2026-05-06 07:25:00+00:00,0,1,0.6569560764590562
2026-05-06 07:30:00+00:00,1,1,0.6803367283064657
2026-05-06 07:35:00+00:00,1,1,0.639329063306932
2026-05-06 07:40:00+00:00,1,1,0.5293464632025445
2026-05-06 07:45:00+00:00,1,1,0.6049455716588871
2026-05-06 07:50:00+00:00,1,1,0.6231423039481058
2026-05-06 07:55:00+00:00,1,1,0.6435602899325078
2026-05-06 08:00:00+00:00,1,1,0.5817904559470669
2026-05-06 08:05:00+00:00,1,1,0.5472934472844627
2026-05-06 08:10:00+00:00,1,1,0.552863251690981
2026-05-06 08:15:00+00:00,1,0,0.46300499426814196
2026-05-06 08:45:00+00:00,1,0,0.3865368847512983
2026-05-06 08:55:00+00:00,1,0,0.3353297874566835
2026-05-06 09:10:00+00:00,1,0,0.4319183488351442
2026-05-06 09:15:00+00:00,1,0,0.42738356438741004
2026-05-06 09:20:00+00:00,1,0,0.427701794524631
2026-05-06 09:25:00+00:00,1,0,0.40450786850706455
2026-05-06 09:30:00+00:00,1,0,0.4252652992318145
2026-05-06 09:35:00+00:00,1,0,0.4078976172434438
2026-05-06 09:40:00+00:00,1,0,0.4333007228464928
2026-05-06 09:50:00+00:00,0,0,0.42679675410253526
2026-05-06 09:55:00+00:00,0,0,0.40853438173189494
2026-05-06 10:00:00+00:00,0,0,0.4423438902274855
2026-05-06 10:05:00+00:00,0,0,0.4169638428801502
2026-05-06 10:10:00+00:00,0,0,0.42926828674518247
2026-05-06 10:15:00+00:00,0,1,0.5979807781648199
2026-05-06 10:20:00+00:00,0,1,0.6172081180749117
2026-05-06 10:25:00+00:00,0,1,0.6045353674703744
2026-05-06 10:30:00+00:00,0,1,0.6349107414275992
2026-05-06 10:35:00+00:00,0,1,0.6606990078772337
2026-05-06 10:40:00+00:00,0,1,0.6786663317477435
2026-05-06 10:45:00+00:00,0,1,0.625856753408159
2026-05-06 10:50:00+00:00,0,1,0.6102480292603161
2026-05-06 10:55:00+00:00,1,1,0.6675016369817544
2026-05-06 11:00:00+00:00,0,1,0.507973553936394
2026-05-06 11:05:00+00:00,0,0,0.4627547840739408
2026-05-06 11:10:00+00:00,0,0,0.47147469750392396
2026-05-06 11:15:00+00:00,0,0,0.4395309819715887
2026-05-06 11:20:00+00:00,0,0,0.4693355509875468
2026-05-06 11:25:00+00:00,0,0,0.38793679273963805
2026-05-06 11:30:00+00:00,0,0,0.4702884756546809
2026-05-06 11:35:00+00:00,0,0,0.4506331858467896
2026-05-06 11:40:00+00:00,0,0,0.4454508876920927
2026-05-06 11:45:00+00:00,0,0,0.42956854520574955
2026-05-06 11:55:00+00:00,0,0,0.4427181130038571
2026-05-06 12:00:00+00:00,0,1,0.5245372887182097
2026-05-06 12:05:00+00:00,0,1,0.5437238736449629
2026-05-06 12:15:00+00:00,1,1,0.5442261432905682
2026-05-06 12:20:00+00:00,0,0,0.4888979358176822
2026-05-06 12:25:00+00:00,0,0,0.46848910431829854
2026-05-06 12:30:00+00:00,0,1,0.5501271018928754
2026-05-06 12:40:00+00:00,0,1,0.530163623568639
2026-05-06 12:45:00+00:00,0,1,0.5390237930431673
2026-05-06 12:50:00+00:00,0,1,0.5705656211208087
2026-05-06 12:55:00+00:00,0,1,0.5679090885192267
2026-05-06 13:00:00+00:00,0,1,0.5070484939136566
2026-05-06 13:05:00+00:00,0,1,0.5092500486451229
2026-05-06 13:10:00+00:00,0,0,0.48461617838755844
2026-05-06 13:15:00+00:00,0,1,0.5473267760448968
2026-05-06 13:30:00+00:00,0,1,0.5043180438273809
2026-05-06 13:40:00+00:00,1,1,0.5329140739732455
2026-05-06 13:45:00+00:00,1,1,0.5358153506104038
2026-05-06 13:50:00+00:00,1,1,0.5090193250721805
2026-05-06 13:55:00+00:00,1,1,0.53195357862161
2026-05-06 14:00:00+00:00,1,1,0.5126366016220562
2026-05-06 14:05:00+00:00,1,1,0.5315424527265837
2026-05-06 14:10:00+00:00,1,1,0.5348855984752366
2026-05-06 14:15:00+00:00,1,1,0.5099842992339252
2026-05-06 14:20:00+00:00,1,0,0.49090843007234913
2026-05-06 14:25:00+00:00,1,1,0.5151184479785171
2026-05-06 14:30:00+00:00,1,1,0.5550625128001045
2026-05-06 14:35:00+00:00,1,1,0.5235657701910452
2026-05-06 14:40:00+00:00,1,1,0.5296498512140162
2026-05-06 14:45:00+00:00,1,1,0.517739493423325
2026-05-06 14:50:00+00:00,1,1,0.5398143050980073
2026-05-06 14:55:00+00:00,1,1,0.5379375464567224
2026-05-06 15:00:00+00:00,1,0,0.40075928451553366
2026-05-06 15:05:00+00:00,1,0,0.4365892180225819
2026-05-06 15:20:00+00:00,1,1,0.5419374895025122
2026-05-06 15:25:00+00:00,1,1,0.5240723348596626
2026-05-06 15:35:00+00:00,0,1,0.5393679002482303
2026-05-06 15:45:00+00:00,0,0,0.4804820635585586
2026-05-06 15:50:00+00:00,0,1,0.5232393163638965
2026-05-06 15:55:00+00:00,0,0,0.4949173482105016
2026-05-06 16:00:00+00:00,0,1,0.5343369322443198
2026-05-06 16:05:00+00:00,0,1,0.5891694094032373
2026-05-06 16:10:00+00:00,0,1,0.5757064709416191
2026-05-06 16:15:00+00:00,0,1,0.5046933069402755
2026-05-06 16:20:00+00:00,0,1,0.5288555918524775
2026-05-06 16:25:00+00:00,0,1,0.5323548797524147
2026-05-06 16:30:00+00:00,1,1,0.5166749549649988
2026-05-06 16:35:00+00:00,1,1,0.5178906142714524
2026-05-06 16:40:00+00:00,0,1,0.5228725761326017
2026-05-06 16:45:00+00:00,1,1,0.542303044096626
2026-05-06 16:50:00+00:00,1,0,0.4657264227611838
2026-05-06 16:55:00+00:00,1,0,0.4525195450743996
2026-05-06 17:00:00+00:00,1,0,0.49205315686054213
2026-05-06 17:05:00+00:00,1,0,0.45253344946173574
2026-05-06 17:10:00+00:00,1,0,0.4520115519849396
2026-05-06 17:15:00+00:00,1,0,0.43520902899289315
2026-05-06 17:20:00+00:00,1,0,0.4567158175458052
2026-05-06 17:25:00+00:00,1,0,0.4525238305614582
2026-05-06 17:30:00+00:00,1,0,0.457814003464962
2026-05-06 17:35:00+00:00,1,0,0.47116614155742387
2026-05-06 17:40:00+00:00,1,1,0.501684542535108
2026-05-06 17:45:00+00:00,1,0,0.48501974173392065
2026-05-06 17:50:00+00:00,1,0,0.49107870232424294
2026-05-06 17:55:00+00:00,1,1,0.5240009992194216
2026-05-06 18:00:00+00:00,1,1,0.540122029548734
2026-05-06 18:05:00+00:00,1,1,0.5778088718823949
2026-05-06 18:10:00+00:00,1,1,0.6137005547979334
2026-05-06 18:15:00+00:00,1,1,0.5699525498002541
2026-05-06 18:20:00+00:00,1,1,0.5163094858336369
2026-05-06 18:25:00+00:00,1,1,0.5098589512986001
2026-05-06 18:30:00+00:00,1,1,0.5016331349982753
2026-05-06 18:35:00+00:00,1,1,0.5135726445219142
2026-05-06 18:40:00+00:00,1,1,0.5567369374291525
2026-05-06 18:45:00+00:00,1,1,0.5626721316227085
2026-05-06 18:50:00+00:00,1,1,0.5394735989378483
2026-05-06 19:00:00+00:00,0,0,0.49252319367690856
2026-05-06 19:05:00+00:00,0,1,0.5270193887867276
2026-05-06 19:10:00+00:00,0,1,0.552196612839838
2026-05-06 19:15:00+00:00,0,1,0.5282722220908062
2026-05-06 19:20:00+00:00,0,1,0.5180601734073371
2026-05-06 19:25:00+00:00,0,1,0.5280927265500585
2026-05-06 19:35:00+00:00,1,1,0.5333111605377236
2026-05-06 19:40:00+00:00,1,1,0.5464376605703785
2026-05-06 19:45:00+00:00,1,1,0.5578963236686633
2026-05-06 19:50:00+00:00,1,1,0.5457808357173353
2026-05-06 19:55:00+00:00,1,1,0.531264335586215
2026-05-06 20:00:00+00:00,1,1,0.5475988330358441
2026-05-06 20:05:00+00:00,1,1,0.5267779175858419
2026-05-06 20:10:00+00:00,1,1,0.5218937750205552
2026-05-06 20:15:00+00:00,0,0,0.49910703694151537
2026-05-06 20:20:00+00:00,1,1,0.5178507977572929
2026-05-06 20:25:00+00:00,1,1,0.5142782997354792
2026-05-06 20:35:00+00:00,0,1,0.5087632532989678
2026-05-06 20:40:00+00:00,0,1,0.5079745645649774
2026-05-06 20:45:00+00:00,0,1,0.532097762566407
2026-05-06 20:50:00+00:00,0,1,0.5456740180488735
2026-05-06 20:55:00+00:00,0,1,0.5470175743372633
2026-05-06 21:00:00+00:00,0,1,0.5027751258142107
2026-05-06 21:05:00+00:00,0,1,0.5188710884525886
2026-05-06 21:10:00+00:00,0,1,0.603015719521307
2026-05-06 21:20:00+00:00,0,1,0.5945398016664659
2026-05-06 21:25:00+00:00,0,1,0.6104713844802002
2026-05-06 21:30:00+00:00,0,1,0.5820481203765961
2026-05-06 21:35:00+00:00,0,1,0.5749847842124965
2026-05-06 21:40:00+00:00,0,1,0.5828448947438096
2026-05-06 21:55:00+00:00,1,1,0.5878595443272744
2026-05-06 22:00:00+00:00,1,1,0.6274796521826913
2026-05-06 22:10:00+00:00,0,1,0.6363523419152721
2026-05-06 22:25:00+00:00,0,1,0.5994921785548964
2026-05-06 22:55:00+00:00,0,0,0.48253644424176534
2026-05-06 23:00:00+00:00,0,0,0.07523898854856463
2026-05-06 23:05:00+00:00,0,0,0.10011536141965069
2026-05-06 23:10:00+00:00,0,0,0.2371492460676749
2026-05-06 23:15:00+00:00,0,0,0.09593456530265942
2026-05-06 23:20:00+00:00,0,0,0.23566615093402876
2026-05-06 23:25:00+00:00,0,0,0.1309193397371619
2026-05-06 23:30:00+00:00,0,0,0.07856882102569435
2026-05-06 23:35:00+00:00,0,0,0.11594537481648941
2026-05-06 23:40:00+00:00,0,0,0.057012213705703904
2026-05-06 23:45:00+00:00,0,0,0.07500533442206184
2026-05-06 23:50:00+00:00,0,0,0.12140718712983559
2026-05-06 23:55:00+00:00,0,0,0.20050176331838013
2026-05-07 00:00:00+00:00,0,0,0.48979470040035666
2026-05-07 00:05:00+00:00,1,1,0.6822071608573124
2026-05-07 00:10:00+00:00,1,1,0.840040867644885
2026-05-07 00:15:00+00:00,1,1,0.7884351168385071
2026-05-07 00:20:00+00:00,1,1,0.7644376585655354
2026-05-07 00:30:00+00:00,1,1,0.7793079961752122
2026-05-07 00:35:00+00:00,1,1,0.5951790377663035
2026-05-07 00:40:00+00:00,1,1,0.6716394757074169
2026-05-07 00:45:00+00:00,1,1,0.6212301197055902
2026-05-07 00:50:00+00:00,1,1,0.675996392221957
2026-05-07 00:55:00+00:00,1,0,0.46094093045049234
2026-05-07 01:00:00+00:00,0,1,0.6431042590203724
2026-05-07 01:05:00+00:00,0,1,0.5770212547147425
2026-05-07 01:10:00+00:00,1,1,0.6828508424310987
2026-05-07 01:15:00+00:00,1,1,0.6469139653348476
2026-05-07 01:20:00+00:00,1,1,0.6762904491537899
2026-05-07 01:25:00+00:00,1,1,0.6746982719838285
2026-05-07 01:30:00+00:00,1,1,0.7338987095879148
2026-05-07 01:35:00+00:00,1,1,0.6749339060548487
2026-05-07 01:40:00+00:00,1,1,0.6560535998703533
2026-05-07 01:45:00+00:00,1,1,0.6574423633612466
2026-05-07 01:50:00+00:00,1,1,0.6480447650083925
2026-05-07 01:55:00+00:00,1,1,0.6619272811819278
2026-05-07 02:00:00+00:00,1,1,0.5044681076594357
2026-05-07 02:05:00+00:00,1,1,0.5269290761102714
2026-05-07 02:10:00+00:00,0,1,0.5399281449269451
2026-05-07 02:15:00+00:00,0,1,0.5355263008484563
2026-05-07 02:30:00+00:00,1,1,0.5371340287033625
2026-05-07 02:35:00+00:00,0,1,0.5393006341568509
2026-05-07 02:40:00+00:00,1,1,0.5288573025207604
2026-05-07 02:45:00+00:00,0,1,0.5302881521089284
2026-05-07 02:50:00+00:00,0,1,0.5466288635356488
2026-05-07 02:55:00+00:00,0,0,0.496515105866425
2026-05-07 03:00:00+00:00,0,1,0.5332623258084541
2026-05-07 03:05:00+00:00,0,1,0.5704939243582945
2026-05-07 03:10:00+00:00,0,1,0.5313753819873293
2026-05-07 03:15:00+00:00,0,1,0.5775250992069682
2026-05-07 03:20:00+00:00,0,1,0.5475115158282179
2026-05-07 03:25:00+00:00,0,1,0.5601797850313368
2026-05-07 03:30:00+00:00,0,1,0.555178017183973
2026-05-07 03:35:00+00:00,0,1,0.5612355208572694
2026-05-07 03:40:00+00:00,0,1,0.58333881323912
2026-05-07 03:45:00+00:00,0,1,0.5694619389395336
2026-05-07 03:50:00+00:00,0,1,0.6060020153126924
2026-05-07 03:55:00+00:00,0,1,0.5866616463405344
2026-05-07 04:00:00+00:00,0,1,0.5888349369254549
2026-05-07 04:05:00+00:00,0,1,0.6101046379666749
2026-05-07 04:10:00+00:00,1,1,0.6424944255920941
2026-05-07 04:15:00+00:00,1,1,0.5971774102500057
2026-05-07 04:20:00+00:00,1,1,0.576500262671771
2026-05-07 04:25:00+00:00,1,1,0.60335586509059
2026-05-07 04:30:00+00:00,1,1,0.5975014184134966
2026-05-07 04:35:00+00:00,1,1,0.5931787012650056
2026-05-07 04:40:00+00:00,1,1,0.6288139691909183
2026-05-07 04:45:00+00:00,1,1,0.6107906715939596
2026-05-07 04:50:00+00:00,1,1,0.6105431747444904
2026-05-07 04:55:00+00:00,1,1,0.5619486009428721
2026-05-07 05:00:00+00:00,1,1,0.5780979810000871
2026-05-07 05:05:00+00:00,1,1,0.5615319075803031
2026-05-07 05:10:00+00:00,1,1,0.5010412654641394
2026-05-07 05:15:00+00:00,1,1,0.5099678731149891
2026-05-07 05:20:00+00:00,1,1,0.5072576644650485
2026-05-07 05:25:00+00:00,1,1,0.5487981468525795
2026-05-07 05:30:00+00:00,1,1,0.5596967645399102
2026-05-07 05:35:00+00:00,1,1,0.5471920791457343
2026-05-07 05:40:00+00:00,1,1,0.5446134582287927
2026-05-07 05:45:00+00:00,1,1,0.5057379102091859
2026-05-07 05:50:00+00:00,1,1,0.5138078343570466
2026-05-07 05:55:00+00:00,1,1,0.5211382188080979
2026-05-07 06:00:00+00:00,1,1,0.5039582722738775
2026-05-07 06:05:00+00:00,1,1,0.519171841896981
2026-05-07 06:10:00+00:00,1,1,0.5163575026495647
2026-05-07 06:15:00+00:00,1,1,0.5163575026495647
2026-05-07 06:25:00+00:00,1,0,0.4787698259239212
2026-05-07 06:30:00+00:00,1,1,0.500911590655888
2026-05-07 06:35:00+00:00,0,1,0.5660003396261809
2026-05-07 06:45:00+00:00,0,1,0.5592940344142431
2026-05-07 06:50:00+00:00,0,1,0.5814993813236484
2026-05-07 06:55:00+00:00,0,1,0.5981236039544103
2026-05-07 07:00:00+00:00,0,1,0.5782727644912736
2026-05-07 07:05:00+00:00,0,1,0.5761285200824479
2026-05-07 07:10:00+00:00,0,1,0.5461582965127498
2026-05-07 07:20:00+00:00,1,1,0.5829050284471948
2026-05-07 07:25:00+00:00,1,1,0.5819666294491013
2026-05-07 07:30:00+00:00,1,1,0.5783900757260491
2026-05-07 07:35:00+00:00,1,1,0.5846512401888201
2026-05-07 07:45:00+00:00,1,1,0.5815086023465366
2026-05-07 07:50:00+00:00,1,1,0.5817614437178579
2026-05-07 07:55:00+00:00,1,1,0.5682713194282841
2026-05-07 08:00:00+00:00,1,1,0.5689992196776174
2026-05-07 08:05:00+00:00,1,1,0.5831523316668966
2026-05-07 08:10:00+00:00,1,1,0.5471940386960165
2026-05-07 08:15:00+00:00,1,1,0.527620899464199
2026-05-07 08:35:00+00:00,0,1,0.5536861782120487
2026-05-07 08:40:00+00:00,0,1,0.5539705892472897
2026-05-07 08:45:00+00:00,0,1,0.5543109937079604
2026-05-07 08:50:00+00:00,0,1,0.5483145952054971
2026-05-07 08:55:00+00:00,0,1,0.5357373363919976
2026-05-07 09:00:00+00:00,0,1,0.542158478286673
2026-05-07 09:05:00+00:00,0,1,0.5475070842838846
2026-05-07 09:10:00+00:00,0,1,0.5310563324052323
2026-05-07 09:15:00+00:00,0,1,0.5398360770626197
2026-05-07 09:20:00+00:00,0,1,0.5537009038652475
2026-05-07 09:25:00+00:00,0,1,0.5307335593757337
2026-05-07 09:30:00+00:00,0,1,0.5358980851902219
2026-05-07 09:35:00+00:00,0,1,0.5011494901946362
2026-05-07 09:40:00+00:00,1,1,0.5517889694993903
2026-05-07 09:45:00+00:00,0,1,0.613781671176699
2026-05-07 09:50:00+00:00,0,1,0.5907114390140575
2026-05-07 09:55:00+00:00,0,1,0.5951620109913528
2026-05-07 10:00:00+00:00,1,1,0.5973023034858753
2026-05-07 10:05:00+00:00,1,1,0.5874525384297673
2026-05-07 10:10:00+00:00,1,1,0.5919398632684524
2026-05-07 10:15:00+00:00,1,1,0.5992747435666731
2026-05-07 10:20:00+00:00,1,1,0.6018572353582966
2026-05-07 10:25:00+00:00,1,1,0.6156249428173579
2026-05-07 10:35:00+00:00,1,1,0.5449913074355759
2026-05-07 10:40:00+00:00,1,0,0.46176364620539156
2026-05-07 10:45:00+00:00,1,1,0.5397209981936527
2026-05-07 10:50:00+00:00,1,1,0.5101490935239339
2026-05-07 10:55:00+00:00,1,1,0.5378242301164261
2026-05-07 11:00:00+00:00,1,1,0.5615565915927593
2026-05-07 11:05:00+00:00,1,1,0.5274286748392891
2026-05-07 11:10:00+00:00,1,1,0.5523103669928096
2026-05-07 11:15:00+00:00,1,1,0.5141526303866107
2026-05-07 11:20:00+00:00,1,1,0.519519400205479
2026-05-07 11:25:00+00:00,1,1,0.5528314073951183
2026-05-07 11:30:00+00:00,1,0,0.48843781414317394
2026-05-07 11:35:00+00:00,1,0,0.4914173568549819
2026-05-07 11:40:00+00:00,1,0,0.48579307288992335
2026-05-07 11:45:00+00:00,1,1,0.5287910477133523
2026-05-07 11:50:00+00:00,1,1,0.5301392023552446
2026-05-07 11:55:00+00:00,1,1,0.5104253359605577
2026-05-07 12:10:00+00:00,1,1,0.5427664412943468
2026-05-07 12:20:00+00:00,0,1,0.5393697542160055
2026-05-07 12:25:00+00:00,0,1,0.5485371260107361
2026-05-07 12:40:00+00:00,1,1,0.5735655809202168
2026-05-07 12:45:00+00:00,1,1,0.5555279305088663
2026-05-07 12:55:00+00:00,1,1,0.532798208660631
2026-05-07 13:25:00+00:00,1,1,0.5434479958905334
2026-05-07 13:30:00+00:00,1,1,0.5308855321916066
2026-05-07 13:40:00+00:00,1,1,0.5695582368506905
2026-05-07 13:45:00+00:00,1,1,0.552139459843497
2026-05-07 13:50:00+00:00,1,1,0.5510321438471952
2026-05-07 14:05:00+00:00,1,1,0.5306150043686445
2026-05-07 14:25:00+00:00,0,0,0.4708518878054846
2026-05-07 14:30:00+00:00,0,0,0.4610684678031952
2026-05-07 14:40:00+00:00,0,0,0.4420783828219567
2026-05-07 14:45:00+00:00,0,0,0.4098243785990788
2026-05-07 14:50:00+00:00,0,0,0.4275965891796173
2026-05-07 14:55:00+00:00,0,0,0.45475310501771643
2026-05-07 15:00:00+00:00,0,0,0.4589001356067587
2026-05-07 15:05:00+00:00,0,0,0.4589001356067587
2026-05-07 15:10:00+00:00,0,0,0.44318767988534485
2026-05-07 15:15:00+00:00,0,0,0.4422652388558198
2026-05-07 15:20:00+00:00,0,0,0.47333228179750847
2026-05-07 15:25:00+00:00,0,0,0.4660567915746907
2026-05-07 15:40:00+00:00,1,0,0.4810303202531316
2026-05-07 15:45:00+00:00,1,0,0.41372417977035225
2026-05-07 15:50:00+00:00,1,0,0.40953392868632194
2026-05-07 15:55:00+00:00,1,0,0.4271713368948931
2026-05-07 16:00:00+00:00,1,0,0.40586627404150905
2026-05-07 16:05:00+00:00,1,0,0.38897338809423115
2026-05-07 16:15:00+00:00,1,0,0.4212862191110569
2026-05-07 16:20:00+00:00,1,0,0.4267500079902439
2026-05-07 16:25:00+00:00,1,0,0.4884395049496206
2026-05-07 16:30:00+00:00,1,1,0.5008771306051691
2026-05-07 16:35:00+00:00,1,0,0.4992555614646927
2026-05-07 16:40:00+00:00,1,0,0.4987250572102345
2026-05-07 16:50:00+00:00,0,0,0.49211519149267147
2026-05-07 16:55:00+00:00,0,0,0.48931517647967054
2026-05-07 17:00:00+00:00,0,1,0.5235653592529795
2026-05-07 17:05:00+00:00,0,1,0.5168096007043776
2026-05-07 17:20:00+00:00,1,1,0.5124638009072735
2026-05-07 17:25:00+00:00,1,1,0.5223127076450322
2026-05-07 17:30:00+00:00,1,1,0.5010957132681364
2026-05-07 17:35:00+00:00,1,1,0.5046074587348027
2026-05-07 17:40:00+00:00,1,1,0.5140913979156897
2026-05-07 17:45:00+00:00,1,0,0.4615443476869969
2026-05-07 17:50:00+00:00,1,0,0.49738957163684555
2026-05-07 17:55:00+00:00,1,1,0.5526778351135039
2026-05-07 18:00:00+00:00,1,1,0.5765265371993613
2026-05-07 18:05:00+00:00,1,1,0.5598178503050997
2026-05-07 18:10:00+00:00,1,1,0.5433140178729315
2026-05-07 18:15:00+00:00,1,1,0.5329053772812141
2026-05-07 18:20:00+00:00,1,1,0.5102649533981933
2026-05-07 18:25:00+00:00,1,1,0.5514466527891474
2026-05-07 18:30:00+00:00,1,1,0.5476403714320057
2026-05-07 18:35:00+00:00,1,1,0.5543031931849334
2026-05-07 18:40:00+00:00,1,1,0.55945627404252
2026-05-07 18:45:00+00:00,1,1,0.5641814410130078
2026-05-07 18:50:00+00:00,1,1,0.568068831884685
2026-05-07 18:55:00+00:00,1,1,0.5301378152224108
2026-05-07 19:00:00+00:00,1,1,0.5765321235194802
2026-05-07 19:05:00+00:00,1,1,0.5447463637320487
2026-05-07 19:10:00+00:00,1,1,0.5770837806137605
2026-05-07 19:15:00+00:00,1,1,0.5349165878165405
2026-05-07 19:20:00+00:00,1,1,0.5472918250659417
2026-05-07 19:25:00+00:00,1,1,0.5613551532573229
2026-05-07 19:30:00+00:00,1,1,0.5849465336270014
2026-05-07 19:35:00+00:00,1,0,0.4531844177327207
2026-05-07 19:40:00+00:00,1,1,0.5008191278559023
2026-05-07 19:45:00+00:00,1,1,0.5110492045185893
2026-05-07 19:50:00+00:00,1,0,0.48578131552977066
2026-05-07 19:55:00+00:00,1,0,0.4290432194252189
2026-05-07 20:15:00+00:00,0,0,0.3590202494727063
2026-05-07 20:20:00+00:00,1,0,0.4042012931861266
2026-05-07 20:25:00+00:00,0,0,0.362217819938404
2026-05-07 20:30:00+00:00,0,0,0.37051743534010567
2026-05-07 20:40:00+00:00,1,0,0.4395133206463154
2026-05-07 20:45:00+00:00,1,1,0.5093469343116723
2026-05-07 20:50:00+00:00,1,1,0.5052899614515557
2026-05-07 20:55:00+00:00,1,1,0.5874292486092825
2026-05-07 21:00:00+00:00,1,1,0.5864363833001169
2026-05-07 21:05:00+00:00,1,1,0.571071653120942
2026-05-07 21:10:00+00:00,1,1,0.5181873584377106
2026-05-07 21:15:00+00:00,1,1,0.5018661041820067
2026-05-07 21:20:00+00:00,1,1,0.5108099400041387
2026-05-07 21:25:00+00:00,1,0,0.3914382387810338
2026-05-07 21:30:00+00:00,1,0,0.3848694303229586
2026-05-07 21:35:00+00:00,0,0,0.4338183482248047
2026-05-07 21:40:00+00:00,0,0,0.42234069300763977
2026-05-07 21:45:00+00:00,0,0,0.43185763486792605
2026-05-07 21:55:00+00:00,1,0,0.4679189059425154
2026-05-07 22:00:00+00:00,1,0,0.4298874147491054
2026-05-07 22:05:00+00:00,1,1,0.5079217986871493
2026-05-07 22:10:00+00:00,1,1,0.5096165091741426
2026-05-07 22:15:00+00:00,1,1,0.5667506396890692
2026-05-07 22:20:00+00:00,1,1,0.5973001884094056
2026-05-07 22:25:00+00:00,1,1,0.5669341476268627
2026-05-07 22:30:00+00:00,1,1,0.5731540964912738
2026-05-07 22:35:00+00:00,1,1,0.5653237112160227
2026-05-07 22:40:00+00:00,1,1,0.5457070164376121
2026-05-07 22:45:00+00:00,1,1,0.5442879399267895
2026-05-07 22:50:00+00:00,1,1,0.5875384387063689
2026-05-07 22:55:00+00:00,1,1,0.5463355260447159
2026-05-07 23:00:00+00:00,1,0,0.15850945991848236
2026-05-07 23:15:00+00:00,0,0,0.12765516000127272
2026-05-07 23:20:00+00:00,0,0,0.13090954636707577
2026-05-07 23:25:00+00:00,0,0,0.1437752239806281
2026-05-07 23:30:00+00:00,0,0,0.14954180286049717
2026-05-07 23:35:00+00:00,0,0,0.13690206092109133
2026-05-07 23:40:00+00:00,0,0,0.1496065320513695
2026-05-07 23:45:00+00:00,0,0,0.14748201781062234
2026-05-07 23:50:00+00:00,0,0,0.15668557466775432
2026-05-07 23:55:00+00:00,0,0,0.15393823106907892
2026-05-08 00:00:00+00:00,1,1,0.526151410413587
2026-05-08 00:05:00+00:00,1,0,0.3560597887608752
2026-05-08 00:10:00+00:00,1,1,0.5696905416717714
2026-05-08 00:15:00+00:00,1,1,0.8821634087399153
2026-05-08 00:20:00+00:00,1,1,0.8989004538631402
2026-05-08 00:25:00+00:00,1,1,0.9137765937874964
2026-05-08 00:30:00+00:00,1,1,0.920236276805615
2026-05-08 00:35:00+00:00,1,1,0.9081219833181415
2026-05-08 00:40:00+00:00,1,1,0.7497298223763298
2026-05-08 00:55:00+00:00,1,1,0.8008032494387343
2026-05-08 01:00:00+00:00,0,0,0.4917728807334083
2026-05-08 01:15:00+00:00,1,1,0.5524368627566103
2026-05-08 01:20:00+00:00,1,1,0.5718751162467839
2026-05-08 01:25:00+00:00,1,1,0.5878812163539803
2026-05-08 01:45:00+00:00,0,1,0.5831907923984402
2026-05-08 01:50:00+00:00,0,1,0.5686590027294807
2026-05-08 01:55:00+00:00,0,1,0.5654814314869754
2026-05-08 02:05:00+00:00,0,0,0.49928879763479433
2026-05-08 02:20:00+00:00,0,1,0.5487179711963464
2026-05-08 02:25:00+00:00,0,1,0.5451640539694251
2026-05-08 02:35:00+00:00,1,1,0.5308666265014961
2026-05-08 02:40:00+00:00,1,1,0.5357805324330039
2026-05-08 02:45:00+00:00,1,1,0.5533539072350958
2026-05-08 02:50:00+00:00,1,1,0.5879622981742919
2026-05-08 02:55:00+00:00,1,1,0.5566781760622959
2026-05-08 03:00:00+00:00,1,1,0.5048410507611112
2026-05-08 03:05:00+00:00,1,1,0.5302208125859417
2026-05-08 03:10:00+00:00,1,1,0.5310074283204633
2026-05-08 03:15:00+00:00,0,1,0.534618896922677
2026-05-08 03:20:00+00:00,1,1,0.5434038645960299
2026-05-08 03:25:00+00:00,1,1,0.5544926239161062
2026-05-08 03:30:00+00:00,0,1,0.5373754917352211
2026-05-08 03:35:00+00:00,0,1,0.5149449535488124
2026-05-08 03:50:00+00:00,0,1,0.567776251182852
2026-05-08 03:55:00+00:00,0,1,0.5807711297381353
2026-05-08 04:00:00+00:00,0,1,0.5929780346425902
2026-05-08 04:15:00+00:00,1,1,0.5636652659708674
2026-05-08 04:25:00+00:00,1,1,0.5483142445614277
2026-05-08 04:30:00+00:00,1,1,0.5043464643305087
2026-05-08 04:35:00+00:00,1,1,0.5353374912563088
2026-05-08 04:40:00+00:00,1,1,0.5088836622014318
2026-05-08 04:55:00+00:00,0,1,0.5087187077497666
2026-05-08 05:00:00+00:00,0,0,0.48999549706991413
2026-05-08 05:05:00+00:00,0,1,0.526351534808899
2026-05-08 05:10:00+00:00,0,1,0.548388227369833
2026-05-08 05:15:00+00:00,0,1,0.574805122900153
2026-05-08 05:20:00+00:00,0,1,0.5587632766741778
2026-05-08 05:25:00+00:00,0,1,0.5328221596524554
2026-05-08 05:30:00+00:00,0,1,0.5708969193758886
2026-05-08 05:35:00+00:00,0,1,0.5257454548333849
2026-05-08 05:40:00+00:00,0,1,0.522862164227899
2026-05-08 05:45:00+00:00,0,1,0.5057814153697887
2026-05-08 05:50:00+00:00,0,1,0.5164116978159541
2026-05-08 05:55:00+00:00,0,1,0.5367803419880742
2026-05-08 06:00:00+00:00,0,1,0.5198823009261407
2026-05-08 06:20:00+00:00,1,1,0.5163538488728961
2026-05-08 06:25:00+00:00,1,1,0.5273417392602519
2026-05-08 06:30:00+00:00,1,1,0.5609258009401177
2026-05-08 06:35:00+00:00,1,1,0.5144159892118257
2026-05-08 06:40:00+00:00,1,1,0.5719957725650023
2026-05-08 06:45:00+00:00,1,1,0.5032675191240537
2026-05-08 06:50:00+00:00,1,0,0.4849590786979654
2026-05-08 07:00:00+00:00,1,1,0.5343770252039122
2026-05-08 07:10:00+00:00,1,1,0.5306647848750425
2026-05-08 07:15:00+00:00,1,1,0.5591895159808344
2026-05-08 07:20:00+00:00,0,1,0.5451028767061907
2026-05-08 07:25:00+00:00,0,1,0.5687696655049639
2026-05-08 07:30:00+00:00,0,1,0.561564537230177
2026-05-08 07:35:00+00:00,0,1,0.5661194379709709
2026-05-08 07:40:00+00:00,0,1,0.5893636073632194
2026-05-08 07:45:00+00:00,0,1,0.5554776683103618
2026-05-08 07:50:00+00:00,0,1,0.5766562254347515
2026-05-08 07:55:00+00:00,0,1,0.5999720675471514
2026-05-08 08:00:00+00:00,0,1,0.572990482635711
2026-05-08 08:05:00+00:00,0,1,0.5826253424997052
2026-05-08 08:10:00+00:00,0,1,0.5839822351032631
2026-05-08 08:15:00+00:00,0,1,0.5551625322684985
2026-05-08 08:20:00+00:00,0,1,0.5749016632847676
2026-05-08 08:25:00+00:00,0,1,0.5723621547534133
2026-05-08 08:30:00+00:00,0,1,0.5815033751554038
2026-05-08 08:35:00+00:00,0,1,0.5679917313297854
2026-05-08 08:40:00+00:00,0,1,0.5904966729496133
2026-05-08 08:45:00+00:00,0,1,0.5878665209794255
2026-05-08 08:50:00+00:00,0,1,0.5951765802029667
2026-05-08 09:00:00+00:00,0,1,0.644314034309458
2026-05-08 09:05:00+00:00,0,1,0.5523537677053599
2026-05-08 09:10:00+00:00,0,1,0.5307614377174081
2026-05-08 09:15:00+00:00,0,1,0.557623096558128
2026-05-08 09:20:00+00:00,1,1,0.5805151704856372
2026-05-08 09:25:00+00:00,1,1,0.5928082563461574
2026-05-08 09:30:00+00:00,1,1,0.5527820640200836
2026-05-08 09:35:00+00:00,1,1,0.5542211601100314
2026-05-08 09:40:00+00:00,1,1,0.5475689381105477
2026-05-08 09:45:00+00:00,1,1,0.5693856232884671
2026-05-08 10:00:00+00:00,1,1,0.5375838179022736
2026-05-08 10:05:00+00:00,1,1,0.513140021775959
2026-05-08 10:10:00+00:00,0,1,0.5292897142387835
2026-05-08 10:15:00+00:00,0,1,0.5233196151175288
2026-05-08 10:20:00+00:00,0,1,0.5050751932404448
2026-05-08 10:25:00+00:00,0,1,0.5371976312634797
2026-05-08 10:30:00+00:00,0,1,0.5380288599996379
2026-05-08 10:35:00+00:00,0,1,0.544486756364359
2026-05-08 10:40:00+00:00,0,1,0.5400438597122511
2026-05-08 10:45:00+00:00,0,1,0.5251265347728924
2026-05-08 10:50:00+00:00,0,1,0.5420152681905668
2026-05-08 10:55:00+00:00,0,1,0.5333312746988866
2026-05-08 11:00:00+00:00,0,1,0.536855966588771
2026-05-08 11:05:00+00:00,0,1,0.5607388737706964
2026-05-08 11:10:00+00:00,0,1,0.5862605295141238
2026-05-08 11:15:00+00:00,0,1,0.5787136679484974
2026-05-08 11:20:00+00:00,0,1,0.5247452676711549
2026-05-08 11:25:00+00:00,0,1,0.6112647159938122
2026-05-08 11:30:00+00:00,0,1,0.5636675231879873
2026-05-08 11:35:00+00:00,0,1,0.629630468815011
2026-05-08 11:55:00+00:00,0,1,0.5185249882891934
2026-05-08 12:00:00+00:00,1,0,0.49323800209110713
2026-05-08 12:05:00+00:00,1,0,0.47423036734011287
2026-05-08 12:10:00+00:00,1,0,0.47508231833466
2026-05-08 12:15:00+00:00,1,0,0.46622614919785393
2026-05-08 12:20:00+00:00,1,1,0.55059148742836
2026-05-08 12:25:00+00:00,1,1,0.5445727499306725
2026-05-08 12:30:00+00:00,1,1,0.5338161005102307
2026-05-08 12:35:00+00:00,1,1,0.5458847227690624
2026-05-08 12:40:00+00:00,1,1,0.5323057331628389
2026-05-08 12:45:00+00:00,1,1,0.5325908142893058
2026-05-08 12:50:00+00:00,1,1,0.5585679458457246
2026-05-08 12:55:00+00:00,1,1,0.5480640160840289
2026-05-08 13:00:00+00:00,1,0,0.4810417195874675
2026-05-08 13:05:00+00:00,1,0,0.4981796559037507
2026-05-08 13:10:00+00:00,1,0,0.45112627473291333
2026-05-08 13:15:00+00:00,1,0,0.4634977367369153
2026-05-08 13:20:00+00:00,1,1,0.595581013028046
2026-05-08 13:25:00+00:00,1,1,0.548141884550354
2026-05-08 13:30:00+00:00,1,1,0.5266068324048955
2026-05-08 13:35:00+00:00,1,1,0.5599783316211088
2026-05-08 13:40:00+00:00,1,1,0.5415517268265386
2026-05-08 13:45:00+00:00,1,0,0.49787719426882565
2026-05-08 13:55:00+00:00,0,0,0.4561015778616928
2026-05-08 14:00:00+00:00,0,0,0.47539741771544897
2026-05-08 14:15:00+00:00,0,0,0.49051943324509145
2026-05-08 14:20:00+00:00,0,0,0.47343838442642966
2026-05-08 14:25:00+00:00,0,1,0.5074972072831131
2026-05-08 14:30:00+00:00,0,1,0.5107704489064325
2026-05-08 14:35:00+00:00,0,1,0.5184498225777597
2026-05-08 14:40:00+00:00,0,1,0.5064794119872437
2026-05-08 14:45:00+00:00,0,1,0.5782152859010564
2026-05-08 14:50:00+00:00,0,1,0.5611751690001232
2026-05-08 14:55:00+00:00,0,1,0.5135980654211737
2026-05-08 15:00:00+00:00,0,1,0.6036085293479122
2026-05-08 15:05:00+00:00,0,1,0.6322124868696685
2026-05-08 15:10:00+00:00,0,1,0.6257848840720982
2026-05-08 15:15:00+00:00,0,1,0.7289391237448574
2026-05-08 15:20:00+00:00,0,1,0.6280195201468888
2026-05-08 15:25:00+00:00,0,1,0.6497769186909816
2026-05-08 15:30:00+00:00,0,1,0.5324874008536563
2026-05-08 15:35:00+00:00,0,1,0.5179724872752045
2026-05-08 15:40:00+00:00,0,1,0.5589892940940192
2026-05-08 15:45:00+00:00,0,1,0.5574722987123367
2026-05-08 15:50:00+00:00,0,1,0.569478044119666
2026-05-08 15:55:00+00:00,0,1,0.5722522446909882
2026-05-08 16:00:00+00:00,0,1,0.5296050959315111
2026-05-08 16:05:00+00:00,0,1,0.522795726840306
2026-05-08 16:10:00+00:00,0,1,0.5314087754298188
2026-05-08 16:20:00+00:00,1,1,0.5118362175729176
2026-05-08 16:25:00+00:00,1,1,0.5616877608698106
2026-05-08 16:30:00+00:00,1,1,0.5545414456200916
2026-05-08 16:35:00+00:00,1,1,0.5614561325459854
2026-05-08 16:40:00+00:00,1,1,0.5737934028981406
2026-05-08 16:45:00+00:00,1,1,0.5658341937059292
2026-05-08 16:50:00+00:00,1,1,0.5882453150158552
2026-05-08 16:55:00+00:00,1,1,0.5522155046711166
2026-05-08 17:00:00+00:00,1,1,0.5426422727664716
2026-05-08 17:15:00+00:00,1,1,0.5170311612946394
2026-05-08 17:25:00+00:00,0,0,0.482194553967572
2026-05-08 17:40:00+00:00,1,0,0.4948992640896926
2026-05-08 17:45:00+00:00,1,1,0.5388685715399815
2026-05-08 17:50:00+00:00,1,1,0.5512527000801942
2026-05-08 18:05:00+00:00,1,0,0.4966536932962634
2026-05-08 18:10:00+00:00,1,1,0.5124389045329264
2026-05-08 18:15:00+00:00,1,1,0.562023040256448
2026-05-08 18:30:00+00:00,1,1,0.5351575507087432
2026-05-08 18:35:00+00:00,1,1,0.5587008022532223
2026-05-08 18:40:00+00:00,1,1,0.5529940207598559
2026-05-08 18:45:00+00:00,1,1,0.5693128861414921
2026-05-08 18:50:00+00:00,1,1,0.5768313507013852
2026-05-08 18:55:00+00:00,1,1,0.5741074844964649
2026-05-08 19:00:00+00:00,1,1,0.613019464680945
2026-05-08 19:05:00+00:00,1,1,0.6286940010143556
2026-05-08 19:10:00+00:00,1,1,0.5881522089654652
2026-05-08 19:15:00+00:00,1,1,0.5892119042653621
2026-05-08 19:20:00+00:00,1,1,0.5960861412674753
2026-05-08 19:35:00+00:00,0,1,0.5573174113744537
2026-05-08 19:40:00+00:00,0,1,0.5636445118814646
2026-05-08 20:00:00+00:00,0,1,0.5167315187849408
2026-05-08 20:05:00+00:00,0,1,0.5049746438683309
2026-05-08 20:10:00+00:00,0,1,0.5111252973622645
2026-05-08 20:15:00+00:00,0,1,0.5614216649731747
2026-05-08 20:20:00+00:00,0,1,0.574448432606749
2026-05-08 20:35:00+00:00,1,1,0.5646996685484861
2026-05-08 20:40:00+00:00,1,1,0.5878125148120373
2026-05-08 20:45:00+00:00,1,1,0.5233472004900799
2026-05-08 20:50:00+00:00,1,1,0.5378186214310996
2026-05-08 21:00:00+00:00,1,1,0.5694542389012943
2026-05-08 21:05:00+00:00,1,1,0.6110304853889459
2026-05-08 21:10:00+00:00,1,1,0.6113627581336699
2026-05-08 21:15:00+00:00,1,1,0.5796923216593524
2026-05-08 21:20:00+00:00,1,1,0.5744655327270095
2026-05-08 21:25:00+00:00,1,1,0.6048336480389036
2026-05-08 21:30:00+00:00,1,1,0.5829225572788477
2026-05-08 21:35:00+00:00,1,1,0.5530688369224243
2026-05-08 21:40:00+00:00,1,1,0.5043661379632379
2026-05-08 21:45:00+00:00,1,1,0.5174849008281664
2026-05-08 21:50:00+00:00,1,1,0.5203186289437887
2026-05-08 21:55:00+00:00,1,1,0.537407310961327
2026-05-08 22:00:00+00:00,1,1,0.541832957418035
2026-05-08 22:05:00+00:00,1,1,0.5488295372469157
2026-05-08 22:20:00+00:00,0,1,0.5770744457149833
2026-05-08 22:25:00+00:00,0,1,0.5568025319820407
2026-05-08 22:30:00+00:00,0,1,0.5560574523183239
2026-05-08 22:35:00+00:00,0,1,0.5267597762172361
2026-05-08 22:40:00+00:00,0,1,0.5591710453503421
2026-05-08 22:45:00+00:00,0,1,0.54213619990086
2026-05-08 22:50:00+00:00,0,1,0.5444734099413323
2026-05-08 22:55:00+00:00,0,0,0.48941065046035
2026-05-08 23:00:00+00:00,0,0,0.2322601377716571
2026-05-08 23:05:00+00:00,0,0,0.22321530225417144
2026-05-08 23:10:00+00:00,0,0,0.4995998557925645
2026-05-08 23:15:00+00:00,0,0,0.49516812425386303
2026-05-08 23:20:00+00:00,0,0,0.3440590543490954
2026-05-08 23:25:00+00:00,0,0,0.32600062065139984
2026-05-08 23:30:00+00:00,0,0,0.30787372389675094
2026-05-08 23:35:00+00:00,0,0,0.380517672927027
2026-05-08 23:40:00+00:00,0,0,0.3494363832391206
2026-05-08 23:45:00+00:00,0,0,0.3951788957099813
2026-05-08 23:55:00+00:00,1,0,0.22502601231744274
2026-05-11 00:00:00+00:00,1,1,0.9239071090823255
2026-05-11 00:05:00+00:00,1,1,0.9142311671449047
2026-05-11 00:10:00+00:00,1,1,0.9170565409242613
2026-05-11 00:15:00+00:00,1,1,0.8985840943168801
2026-05-11 00:20:00+00:00,1,1,0.9117696108619348
2026-05-11 00:25:00+00:00,1,1,0.9016660866346313
2026-05-11 00:30:00+00:00,1,1,0.8785677140535679
2026-05-11 00:35:00+00:00,1,1,0.8587044276829496
2026-05-11 00:40:00+00:00,1,1,0.8515835844060617
2026-05-11 00:45:00+00:00,1,1,0.7287797147109774
2026-05-11 00:50:00+00:00,1,1,0.7268634940451256
2026-05-11 00:55:00+00:00,1,1,0.7956139917725635
2026-05-11 01:00:00+00:00,1,0,0.4275647343521719
2026-05-11 01:25:00+00:00,1,1,0.6206529755381277
2026-05-11 01:40:00+00:00,0,1,0.6175227537758262
2026-05-11 01:45:00+00:00,0,1,0.5894535235716606
2026-05-11 01:50:00+00:00,0,1,0.5356471441093514
2026-05-11 01:55:00+00:00,0,1,0.5472973683709544
2026-05-11 02:30:00+00:00,1,1,0.5191217322346928
2026-05-11 02:35:00+00:00,1,0,0.4946760425027006
2026-05-11 02:40:00+00:00,1,0,0.4860914323025718
2026-05-11 02:45:00+00:00,1,0,0.4752219429467603
2026-05-11 02:50:00+00:00,1,1,0.5620805906755088
2026-05-11 02:55:00+00:00,1,0,0.47044392334519586
2026-05-11 03:00:00+00:00,1,0,0.4745372473574676
2026-05-11 03:05:00+00:00,1,0,0.453259933687445
2026-05-11 03:10:00+00:00,1,0,0.4840110027306691
2026-05-11 03:15:00+00:00,1,1,0.5111848463450152
2026-05-11 03:20:00+00:00,1,0,0.47071514121786984
2026-05-11 03:25:00+00:00,1,0,0.4939679141262303
2026-05-11 03:30:00+00:00,1,0,0.4759527344405803
2026-05-11 03:35:00+00:00,1,0,0.47679440276166224
2026-05-11 03:40:00+00:00,1,0,0.4730461220788925
2026-05-11 03:45:00+00:00,1,0,0.49386242748040526
2026-05-11 03:50:00+00:00,1,1,0.5141197215547152
2026-05-11 03:55:00+00:00,1,1,0.5200079131425535
2026-05-11 04:00:00+00:00,1,1,0.5107201910236483
2026-05-11 04:05:00+00:00,1,1,0.505842493012193
2026-05-11 04:10:00+00:00,1,1,0.5001836890054361
2026-05-11 04:15:00+00:00,1,0,0.49526221281136457
2026-05-11 04:20:00+00:00,1,0,0.4960680281311551
2026-05-11 04:25:00+00:00,1,1,0.5000309361230906
2026-05-11 04:30:00+00:00,1,0,0.4884142501850766
2026-05-11 04:35:00+00:00,1,0,0.49530446226960567
2026-05-11 04:40:00+00:00,1,1,0.5090384945090431
2026-05-11 04:45:00+00:00,1,0,0.42018547992279903
2026-05-11 04:50:00+00:00,1,0,0.4267370854448667
2026-05-11 04:55:00+00:00,1,0,0.40870307532260725
2026-05-11 05:00:00+00:00,1,0,0.380356969034167
2026-05-11 05:05:00+00:00,1,0,0.3944569493421927
2026-05-11 05:10:00+00:00,1,0,0.3707836709454373
2026-05-11 05:15:00+00:00,1,0,0.37258087527121053
2026-05-11 05:20:00+00:00,1,0,0.35099308051904343
2026-05-11 05:25:00+00:00,1,0,0.3767071920922039
2026-05-11 05:30:00+00:00,1,0,0.4150105492227403
2026-05-11 05:35:00+00:00,1,0,0.3635879911835116
2026-05-11 05:40:00+00:00,0,0,0.36442196204624794
2026-05-11 05:45:00+00:00,1,0,0.38943663916728516
2026-05-11 05:50:00+00:00,1,0,0.3952217506752886
2026-05-11 05:55:00+00:00,1,0,0.4097603084271223
2026-05-11 06:20:00+00:00,0,0,0.39868080196855465
2026-05-11 06:35:00+00:00,1,0,0.209972124779196
2026-05-11 06:40:00+00:00,1,0,0.27631581770888713
2026-05-11 06:45:00+00:00,0,0,0.28344044625125714
2026-05-11 06:50:00+00:00,0,0,0.29158024164565377
2026-05-11 06:55:00+00:00,0,0,0.25148088789633477
2026-05-11 07:00:00+00:00,0,0,0.22741833845637666
2026-05-11 07:05:00+00:00,0,0,0.23255201014454613
2026-05-11 07:10:00+00:00,0,0,0.23710360234731273
2026-05-11 07:15:00+00:00,0,0,0.4190962459888841
2026-05-11 07:20:00+00:00,0,0,0.4151285661775566
2026-05-11 07:25:00+00:00,0,0,0.4451529820115544
2026-05-11 07:30:00+00:00,0,0,0.4382566923423788
2026-05-11 07:35:00+00:00,0,0,0.4939872883254596
2026-05-11 07:40:00+00:00,0,0,0.4851419614205507
2026-05-11 07:45:00+00:00,1,1,0.519523000855376
2026-05-11 07:50:00+00:00,1,1,0.5195426724403261
2026-05-11 07:55:00+00:00,1,0,0.4965667726848808
2026-05-11 08:00:00+00:00,1,1,0.5638472224041504
2026-05-11 08:05:00+00:00,1,1,0.5396290331154477
2026-05-11 08:15:00+00:00,1,1,0.5544691139542943
2026-05-11 08:25:00+00:00,0,1,0.5570496465125732
2026-05-11 08:30:00+00:00,0,1,0.5577087848524541
2026-05-11 08:35:00+00:00,0,0,0.48277082150083855
2026-05-11 08:40:00+00:00,0,1,0.504014727453101
2026-05-11 08:45:00+00:00,0,1,0.5327630528460559
2026-05-11 08:50:00+00:00,0,1,0.5375747919859168
2026-05-11 08:55:00+00:00,0,1,0.547082568824917
2026-05-11 09:00:00+00:00,0,1,0.5430167822720445
2026-05-11 09:05:00+00:00,0,1,0.5852875122616297
2026-05-11 09:15:00+00:00,0,1,0.6008557737621009
2026-05-11 09:20:00+00:00,0,1,0.5365964668878122
2026-05-11 09:30:00+00:00,1,1,0.5497087618223612
2026-05-11 09:35:00+00:00,1,1,0.6286725914577682
2026-05-11 09:40:00+00:00,1,1,0.5814429299503509
2026-05-11 09:45:00+00:00,1,1,0.5387048786794475
2026-05-11 09:50:00+00:00,1,1,0.5401912392261201
2026-05-11 09:55:00+00:00,1,1,0.5784550214731902
2026-05-11 10:00:00+00:00,1,1,0.534734090222201
2026-05-11 10:05:00+00:00,1,1,0.5130806813763659
2026-05-11 10:15:00+00:00,0,0,0.4931210076289751
2026-05-11 10:20:00+00:00,0,1,0.5204935936294359
2026-05-11 10:25:00+00:00,0,1,0.5188608572589957
2026-05-11 10:30:00+00:00,0,1,0.5313274778061945
2026-05-11 10:35:00+00:00,0,1,0.5246832704268184
2026-05-11 10:40:00+00:00,0,1,0.5187920134777451
2026-05-11 10:45:00+00:00,0,0,0.48175071719877544
2026-05-11 10:50:00+00:00,0,1,0.516644809675339
2026-05-11 10:55:00+00:00,0,0,0.4872157744920125
2026-05-11 11:00:00+00:00,0,0,0.49708543412505396
2026-05-11 11:05:00+00:00,0,1,0.5220402435286324
2026-05-11 11:15:00+00:00,1,1,0.5087002442540443
2026-05-11 11:20:00+00:00,1,1,0.5040473028919645
2026-05-11 11:25:00+00:00,1,0,0.496237885518868
2026-05-11 11:30:00+00:00,1,1,0.5251142499003262
2026-05-11 11:35:00+00:00,1,1,0.5434872625977698
2026-05-11 11:40:00+00:00,1,1,0.5395698331130392
2026-05-11 11:45:00+00:00,1,1,0.5113591442524656
2026-05-11 11:50:00+00:00,1,0,0.4928327358753958
2026-05-11 11:55:00+00:00,1,0,0.4750825177591091
2026-05-11 12:00:00+00:00,1,0,0.4944470193236683
2026-05-11 12:05:00+00:00,1,1,0.5094525989876144
2026-05-11 12:10:00+00:00,1,0,0.4735610593181561
2026-05-11 12:30:00+00:00,0,0,0.42539596233257393
2026-05-11 12:40:00+00:00,1,1,0.5397040542530807
2026-05-11 12:45:00+00:00,1,1,0.5294577997452171
2026-05-11 13:05:00+00:00,0,0,0.49322436037359807
2026-05-11 13:15:00+00:00,0,1,0.5232539453461517
2026-05-11 13:25:00+00:00,0,1,0.5289247857801467
2026-05-11 13:35:00+00:00,0,1,0.5106648033315783
2026-05-11 13:55:00+00:00,0,0,0.4889243602370296
2026-05-11 14:00:00+00:00,0,0,0.46849746995676583
2026-05-11 14:05:00+00:00,1,1,0.5348579345842356
2026-05-11 14:10:00+00:00,1,1,0.5222564231179233
2026-05-11 14:15:00+00:00,1,1,0.5417497576028074
2026-05-11 14:30:00+00:00,0,1,0.5507486352213353
2026-05-11 14:35:00+00:00,0,1,0.5694529258923138
2026-05-11 14:40:00+00:00,0,1,0.5488124174145205
2026-05-11 15:00:00+00:00,0,1,0.5971227014655897
2026-05-11 15:05:00+00:00,0,1,0.5996240525476307
2026-05-11 15:10:00+00:00,0,1,0.5993581868003054
2026-05-11 15:15:00+00:00,0,1,0.6532591513939664
2026-05-11 15:20:00+00:00,0,1,0.6002706097702208
2026-05-11 15:25:00+00:00,0,1,0.6020737700290026
2026-05-11 15:35:00+00:00,0,1,0.614289271164678
2026-05-11 15:40:00+00:00,0,1,0.6119137839017971
2026-05-11 15:45:00+00:00,0,1,0.5991162916657239
2026-05-11 15:50:00+00:00,0,1,0.5925708538043702
2026-05-11 15:55:00+00:00,0,1,0.5831338230876827
2026-05-11 16:00:00+00:00,0,1,0.5434860794562133
2026-05-11 16:05:00+00:00,0,1,0.5744507698291842
2026-05-11 16:10:00+00:00,0,1,0.5529952452682015
2026-05-11 16:15:00+00:00,0,1,0.6034861091901847
2026-05-11 16:20:00+00:00,0,1,0.614807562512617
2026-05-11 16:25:00+00:00,0,1,0.6298566563216783
2026-05-11 16:35:00+00:00,0,1,0.6102427212502785
2026-05-11 16:40:00+00:00,1,1,0.678705908700009
2026-05-11 16:45:00+00:00,1,1,0.6722566756565734
2026-05-11 16:50:00+00:00,1,1,0.6590696027183036
2026-05-11 16:55:00+00:00,0,1,0.6101545149957633
2026-05-11 17:00:00+00:00,0,1,0.6163237186713851
2026-05-11 17:05:00+00:00,0,1,0.5875210923080416
2026-05-11 17:10:00+00:00,1,1,0.6404578159684852
2026-05-11 17:15:00+00:00,1,1,0.657944262261539
2026-05-11 17:20:00+00:00,0,1,0.6282402641456358
2026-05-11 17:25:00+00:00,0,1,0.645680266461173
2026-05-11 17:30:00+00:00,0,1,0.5512532031302375
2026-05-11 17:35:00+00:00,0,1,0.5593476371523288
2026-05-11 17:45:00+00:00,0,1,0.6236420744424398
2026-05-11 17:55:00+00:00,1,1,0.5811914376267933
2026-05-11 18:00:00+00:00,1,1,0.6293132226221292
2026-05-11 18:05:00+00:00,1,1,0.6091020601143405
2026-05-11 18:10:00+00:00,1,1,0.6088557917836661
2026-05-11 18:15:00+00:00,1,1,0.6185871495080891
2026-05-11 18:20:00+00:00,1,1,0.5525483399320723
2026-05-11 18:25:00+00:00,1,1,0.5570401908792749
2026-05-11 18:30:00+00:00,1,1,0.551667703999939
2026-05-11 18:35:00+00:00,1,1,0.5620783537320608
2026-05-11 18:40:00+00:00,1,1,0.582595151109286
2026-05-11 18:45:00+00:00,1,1,0.5660998580944911
2026-05-11 18:50:00+00:00,1,1,0.5798578998080114
2026-05-11 18:55:00+00:00,1,1,0.5833972525759186
2026-05-11 19:00:00+00:00,1,1,0.6181961628398809
2026-05-11 19:05:00+00:00,1,1,0.6269308971294862
2026-05-11 19:10:00+00:00,1,1,0.5968951510506121
2026-05-11 19:15:00+00:00,1,1,0.5571015767380986
2026-05-11 19:20:00+00:00,1,1,0.5150500529877702
2026-05-11 19:25:00+00:00,1,1,0.5370504488496403
2026-05-11 19:30:00+00:00,1,1,0.5709977135426273
2026-05-11 19:35:00+00:00,1,1,0.5403673651921875
2026-05-11 19:45:00+00:00,0,0,0.4996169372658237
2026-05-11 19:50:00+00:00,0,1,0.5074439395392161
2026-05-11 19:55:00+00:00,0,0,0.4967849072432743
2026-05-11 20:00:00+00:00,0,1,0.5342987897420113
2026-05-11 20:05:00+00:00,0,0,0.494960252517163
2026-05-11 20:10:00+00:00,0,1,0.5494532482068889
2026-05-11 20:15:00+00:00,0,1,0.5388494008476663
2026-05-11 20:30:00+00:00,1,1,0.570843086885502
2026-05-11 20:35:00+00:00,1,1,0.5407997868817483
2026-05-11 20:40:00+00:00,1,1,0.5451277862170077
2026-05-11 20:45:00+00:00,1,1,0.5701223729503699
2026-05-11 20:50:00+00:00,1,1,0.639222681064264
2026-05-11 20:55:00+00:00,1,1,0.6385656183910488
2026-05-11 21:00:00+00:00,1,1,0.6702127465161164
2026-05-11 21:05:00+00:00,1,1,0.6898308215634931
2026-05-11 21:10:00+00:00,1,1,0.6271213088381516
2026-05-11 21:15:00+00:00,1,1,0.6506074447089859
2026-05-11 21:20:00+00:00,1,1,0.602562993665206
2026-05-11 21:25:00+00:00,1,1,0.6217993244484494
2026-05-11 21:30:00+00:00,1,1,0.6627781657899867
2026-05-11 21:35:00+00:00,1,1,0.6529665641664325
2026-05-11 21:40:00+00:00,1,1,0.5742591221456708
2026-05-11 21:45:00+00:00,1,1,0.5497954924997964
2026-05-11 21:50:00+00:00,1,1,0.5844358133167263
2026-05-11 21:55:00+00:00,1,1,0.6328537972188012
2026-05-11 22:00:00+00:00,1,1,0.624450388970074
2026-05-11 22:05:00+00:00,1,1,0.6158786081257904
2026-05-11 22:15:00+00:00,1,1,0.5604121599517274
2026-05-11 22:20:00+00:00,1,0,0.4073149169265057
2026-05-11 22:25:00+00:00,0,0,0.368696153427572
2026-05-11 22:30:00+00:00,0,0,0.4046279344648121
2026-05-11 22:35:00+00:00,0,0,0.28808890711926805
2026-05-11 22:40:00+00:00,0,0,0.3017368908823209
2026-05-11 22:45:00+00:00,0,0,0.29578636107066875
2026-05-11 22:50:00+00:00,0,0,0.28197947402051704
2026-05-11 22:55:00+00:00,0,0,0.2610874209617579
2026-05-11 23:00:00+00:00,0,0,0.054455745004598044
2026-05-11 23:05:00+00:00,0,0,0.04858488832502118
2026-05-11 23:10:00+00:00,0,0,0.06493614611940993
2026-05-11 23:15:00+00:00,0,0,0.07102445395000306
2026-05-11 23:20:00+00:00,0,0,0.0705746188717148
2026-05-11 23:25:00+00:00,0,0,0.0498408981247263
2026-05-11 23:30:00+00:00,0,0,0.05767757372246085
2026-05-11 23:35:00+00:00,0,0,0.05320376792298919
2026-05-11 23:40:00+00:00,0,0,0.06876812772248335
2026-05-11 23:45:00+00:00,0,0,0.06413287424666479
2026-05-11 23:50:00+00:00,0,0,0.06383720423972421
2026-05-11 23:55:00+00:00,0,0,0.4129076596450749
2026-05-12 00:00:00+00:00,1,1,0.7679673574228938
2026-05-12 00:05:00+00:00,1,1,0.8795982449085034
2026-05-12 00:10:00+00:00,1,1,0.8073617440905455
2026-05-12 00:15:00+00:00,1,1,0.7972195473674201
2026-05-12 00:20:00+00:00,1,1,0.8293428557906523
2026-05-12 00:25:00+00:00,1,1,0.8178421889290307
2026-05-12 00:30:00+00:00,1,1,0.8166126666738048
2026-05-12 00:35:00+00:00,1,1,0.7908203480332928
2026-05-12 00:40:00+00:00,1,1,0.779576028971685
2026-05-12 00:45:00+00:00,1,1,0.8648350950402632
2026-05-12 00:50:00+00:00,1,1,0.9552646026783664
2026-05-12 00:55:00+00:00,1,1,0.9156838430714928
2026-05-12 01:00:00+00:00,1,1,0.671506768256851
2026-05-12 01:05:00+00:00,1,1,0.6846823817590165
2026-05-12 01:10:00+00:00,1,1,0.659326020015843
2026-05-12 01:15:00+00:00,1,1,0.6621122417626965
2026-05-12 01:20:00+00:00,1,1,0.6200613900270449
2026-05-12 01:25:00+00:00,1,1,0.5920712633976434
2026-05-12 01:30:00+00:00,1,1,0.6517988199844142
2026-05-12 01:35:00+00:00,1,1,0.6624616258949487
2026-05-12 01:40:00+00:00,1,1,0.6599983631943533
2026-05-12 01:45:00+00:00,1,1,0.6896220764340534
2026-05-12 01:50:00+00:00,1,1,0.5853228456213729
2026-05-12 01:55:00+00:00,1,1,0.5909136014113907
2026-05-12 02:00:00+00:00,1,1,0.5776738688232891
2026-05-12 02:05:00+00:00,1,1,0.5784300751831158
2026-05-12 02:10:00+00:00,1,0,0.4388412060551074
2026-05-12 02:15:00+00:00,1,1,0.5553619856701743
2026-05-12 02:20:00+00:00,1,0,0.44594933047983615
2026-05-12 02:25:00+00:00,1,0,0.4618978571831599
2026-05-12 02:30:00+00:00,1,0,0.4742030179195395
2026-05-12 02:35:00+00:00,1,0,0.4861014067437974
2026-05-12 02:40:00+00:00,1,0,0.4699476079675175
2026-05-12 02:45:00+00:00,1,0,0.4718537820085566
2026-05-12 02:50:00+00:00,1,1,0.5006337802128316
2026-05-12 02:55:00+00:00,1,1,0.560211990706072
2026-05-12 03:00:00+00:00,1,1,0.5968247499213863
2026-05-12 03:05:00+00:00,1,1,0.6182795220442736
2026-05-12 03:10:00+00:00,1,1,0.5723477635694206
2026-05-12 03:15:00+00:00,1,1,0.6075651807755155
2026-05-12 03:20:00+00:00,1,1,0.605712609993611
2026-05-12 03:25:00+00:00,1,1,0.5619394702331502
2026-05-12 03:30:00+00:00,1,1,0.5601442291335595
2026-05-12 03:35:00+00:00,1,1,0.5686890493842106
2026-05-12 03:40:00+00:00,1,1,0.5626004142096598
2026-05-12 03:45:00+00:00,1,1,0.5810208249193473
2026-05-12 03:50:00+00:00,1,0,0.49306774486306687
2026-05-12 03:55:00+00:00,1,0,0.4473470315745156
2026-05-12 04:00:00+00:00,1,0,0.4863647649301557
2026-05-12 04:05:00+00:00,1,0,0.4953258707423461
2026-05-12 04:10:00+00:00,1,0,0.4092138418312411
2026-05-12 04:15:00+00:00,1,0,0.4012788106251966
2026-05-12 04:20:00+00:00,1,0,0.4544557725107357
2026-05-12 04:25:00+00:00,1,0,0.4565906534190034
2026-05-12 04:30:00+00:00,1,0,0.4356046978675954
2026-05-12 04:35:00+00:00,1,0,0.4510547666302478
2026-05-12 04:40:00+00:00,1,1,0.5080128819840808
2026-05-12 04:45:00+00:00,1,1,0.5459463919650145
2026-05-12 04:50:00+00:00,1,0,0.46040918840943407
2026-05-12 04:55:00+00:00,1,0,0.45576868889710864
2026-05-12 05:00:00+00:00,1,0,0.4666359682693005
2026-05-12 05:05:00+00:00,1,0,0.488163463289494
2026-05-12 05:10:00+00:00,1,0,0.47865168458482477
2026-05-12 05:30:00+00:00,0,1,0.5211267337908809
2026-05-12 05:35:00+00:00,0,1,0.5402672492907724
2026-05-12 05:40:00+00:00,0,0,0.46852841147130303
2026-05-12 05:50:00+00:00,1,1,0.5427005717572307
2026-05-12 05:55:00+00:00,1,1,0.5281425978911909
2026-05-12 06:05:00+00:00,1,1,0.5369726842407713
2026-05-12 06:10:00+00:00,1,0,0.4755097419741918
2026-05-12 06:15:00+00:00,1,0,0.2575815556381211
2026-05-12 06:20:00+00:00,1,0,0.19125434707940753
2026-05-12 06:25:00+00:00,1,0,0.18770021723378905
2026-05-12 06:30:00+00:00,1,0,0.1857489718618046
2026-05-12 06:35:00+00:00,0,0,0.19108732226427505
2026-05-12 06:40:00+00:00,0,0,0.1807334364714908
2026-05-12 06:45:00+00:00,0,0,0.18974591400048615
2026-05-12 06:50:00+00:00,0,0,0.19345582433977188
2026-05-12 06:55:00+00:00,0,0,0.199236096076197
2026-05-12 07:10:00+00:00,1,0,0.23761971661444203
2026-05-12 07:15:00+00:00,1,0,0.232038641297905
2026-05-12 07:20:00+00:00,1,0,0.232038641297905
2026-05-12 07:25:00+00:00,1,0,0.27055344358426314
2026-05-12 07:30:00+00:00,1,0,0.26554292470112173
2026-05-12 07:35:00+00:00,1,1,0.5436775691251092
2026-05-12 07:40:00+00:00,1,0,0.4867593256466529
2026-05-12 07:45:00+00:00,1,1,0.5004883046730231
2026-05-12 07:50:00+00:00,1,1,0.5334437197048183
2026-05-12 07:55:00+00:00,0,0,0.49510844130704285
2026-05-12 08:00:00+00:00,0,0,0.44563582961335196
2026-05-12 08:05:00+00:00,0,0,0.46633003815202767
2026-05-12 08:10:00+00:00,0,0,0.4806274301337058
2026-05-12 08:15:00+00:00,0,0,0.48175829869382664
2026-05-12 08:20:00+00:00,0,0,0.4432462459747002
2026-05-12 08:25:00+00:00,0,0,0.450867951826271
2026-05-12 08:30:00+00:00,0,1,0.5215271302469514
2026-05-12 08:35:00+00:00,0,0,0.44487259866481255
2026-05-12 08:40:00+00:00,0,0,0.4672622345500104
2026-05-12 08:45:00+00:00,0,0,0.3509539597015448
2026-05-12 08:50:00+00:00,0,0,0.3666295406789706
2026-05-12 08:55:00+00:00,1,1,0.674646618950926
2026-05-12 09:00:00+00:00,1,1,0.5322149219170432
2026-05-12 09:05:00+00:00,1,1,0.5052791649685292
2026-05-12 09:10:00+00:00,1,0,0.4818959901903854
2026-05-12 09:15:00+00:00,1,0,0.4976945711392116
2026-05-12 09:20:00+00:00,1,0,0.4290726586067377
2026-05-12 09:30:00+00:00,1,0,0.4061263492212644
2026-05-12 09:35:00+00:00,1,0,0.4140230145809766
2026-05-12 09:40:00+00:00,1,0,0.31752427481544127
2026-05-12 09:45:00+00:00,1,0,0.4167061425478273
2026-05-12 09:50:00+00:00,1,0,0.35931803099625886
2026-05-12 10:10:00+00:00,1,0,0.4912757180643398
2026-05-12 10:15:00+00:00,1,1,0.5297798567102995
2026-05-12 10:20:00+00:00,1,1,0.5173192724312593
2026-05-12 10:25:00+00:00,1,1,0.5251874397355316
2026-05-12 10:30:00+00:00,1,1,0.5809279201237688
2026-05-12 10:35:00+00:00,1,1,0.5948480701410404
2026-05-12 10:40:00+00:00,1,1,0.5050242289464216
2026-05-12 10:45:00+00:00,1,1,0.507569558816444
2026-05-12 10:50:00+00:00,1,1,0.5085009989246992
2026-05-12 10:55:00+00:00,1,1,0.5265599254134922
2026-05-12 11:00:00+00:00,1,1,0.5336353459448089
2026-05-12 11:05:00+00:00,1,1,0.5305278630641107
2026-05-12 11:10:00+00:00,1,1,0.515450010796048
2026-05-12 11:15:00+00:00,1,1,0.5127980772387644
2026-05-12 11:30:00+00:00,0,0,0.49264429541548727
2026-05-12 11:35:00+00:00,0,0,0.4976661848060103
2026-05-12 11:40:00+00:00,0,1,0.5053758346359835
2026-05-12 11:50:00+00:00,0,1,0.5243311172131117
2026-05-12 11:55:00+00:00,0,1,0.5296389390050307
2026-05-12 12:00:00+00:00,0,1,0.5092494498025103
2026-05-12 12:05:00+00:00,0,1,0.5191100024756714
2026-05-12 12:10:00+00:00,0,1,0.5280442103930898
2026-05-12 12:15:00+00:00,0,1,0.5292797059941572
2026-05-12 12:20:00+00:00,0,1,0.5246282287857518
2026-05-12 12:25:00+00:00,0,1,0.5336206539255297
2026-05-12 12:30:00+00:00,0,1,0.504467727718231
2026-05-12 12:35:00+00:00,0,1,0.5356098747197344
2026-05-12 12:40:00+00:00,0,1,0.539870484379018
2026-05-12 12:45:00+00:00,0,1,0.5505338093037407
2026-05-12 12:50:00+00:00,0,1,0.566054474430082
2026-05-12 13:05:00+00:00,0,1,0.5258609473015905
2026-05-12 13:10:00+00:00,0,1,0.5315157650719552
2026-05-12 13:15:00+00:00,0,1,0.5242862757589203
2026-05-12 13:20:00+00:00,0,1,0.5298008994505696
2026-05-12 13:35:00+00:00,0,1,0.5500047180998412
2026-05-12 14:00:00+00:00,0,1,0.5040488321343499
2026-05-12 14:05:00+00:00,1,1,0.5196137882207599
2026-05-12 14:10:00+00:00,1,0,0.48498860855827736
2026-05-12 14:15:00+00:00,1,1,0.5034141108295563
2026-05-12 14:20:00+00:00,1,0,0.4922610718720812
2026-05-12 14:30:00+00:00,1,1,0.52927285205572
2026-05-12 14:35:00+00:00,1,1,0.5147400717764509
2026-05-12 14:40:00+00:00,1,1,0.5517753892863977
2026-05-12 14:45:00+00:00,1,1,0.5550050841796728
2026-05-12 14:50:00+00:00,0,0,0.485014386123031
2026-05-12 14:55:00+00:00,0,0,0.4861225741434038
2026-05-12 15:05:00+00:00,0,0,0.4673450366343249
2026-05-12 15:15:00+00:00,1,0,0.47338101667811683
2026-05-12 15:20:00+00:00,0,1,0.5040002996957936
2026-05-12 15:30:00+00:00,1,0,0.45873717969608735
2026-05-12 15:35:00+00:00,1,0,0.4501312599013874
2026-05-12 15:40:00+00:00,1,0,0.4680505731638023
2026-05-12 15:45:00+00:00,1,0,0.4684156090373651
2026-05-12 15:50:00+00:00,1,0,0.47992830763571204
2026-05-12 15:55:00+00:00,1,0,0.46770081214767795
2026-05-12 16:00:00+00:00,1,0,0.4881993258056633
2026-05-12 16:05:00+00:00,1,0,0.49879598299985956
2026-05-12 16:20:00+00:00,1,0,0.46056420827372213
2026-05-12 16:25:00+00:00,1,0,0.4641088774673156
2026-05-12 16:30:00+00:00,0,0,0.45925410388968824
2026-05-12 16:45:00+00:00,0,0,0.4597055950802651
2026-05-12 16:50:00+00:00,0,0,0.4685671141602499
2026-05-12 16:55:00+00:00,0,0,0.46744907180600404
2026-05-12 17:05:00+00:00,1,0,0.4962343396082582
2026-05-12 17:10:00+00:00,1,0,0.4991887868953008
2026-05-12 17:15:00+00:00,1,0,0.4897186614995927
2026-05-12 17:20:00+00:00,1,1,0.506373115369796
2026-05-12 17:25:00+00:00,1,0,0.4891675278354971
2026-05-12 17:30:00+00:00,1,1,0.5053980568438204
2026-05-12 17:35:00+00:00,1,0,0.48644136773426633
2026-05-12 17:40:00+00:00,1,0,0.476460348290165
2026-05-12 17:45:00+00:00,1,0,0.47915975052818194
2026-05-12 17:50:00+00:00,1,0,0.47044995424077607
2026-05-12 17:55:00+00:00,1,0,0.4882211369923079
2026-05-12 18:00:00+00:00,1,1,0.5212400607718737
2026-05-12 18:05:00+00:00,1,0,0.48585621560894343
2026-05-12 18:10:00+00:00,1,0,0.4882945408637186
2026-05-12 18:20:00+00:00,0,1,0.5031566224779758
2026-05-12 18:25:00+00:00,0,0,0.4997878042714292
2026-05-12 18:30:00+00:00,0,0,0.49881346662557435
2026-05-12 18:35:00+00:00,0,0,0.4966438699754078
2026-05-12 18:40:00+00:00,1,0,0.4993756894870259
2026-05-12 18:45:00+00:00,1,0,0.4948204216205381
2026-05-12 18:50:00+00:00,1,1,0.5192563284368078
2026-05-12 18:55:00+00:00,1,1,0.5087962262188943
2026-05-12 19:10:00+00:00,1,1,0.5359884595926043
2026-05-12 19:15:00+00:00,1,1,0.5347285057813717
2026-05-12 19:40:00+00:00,0,1,0.5360841760656351
2026-05-12 19:45:00+00:00,0,1,0.5076513285295617
2026-05-12 19:50:00+00:00,0,1,0.5227522864186943
2026-05-12 19:55:00+00:00,0,1,0.5053199452139268
2026-05-12 20:10:00+00:00,0,1,0.5694409657677306
2026-05-12 20:15:00+00:00,0,1,0.5529882913350669
2026-05-12 20:20:00+00:00,0,1,0.6128181446762917
2026-05-12 20:25:00+00:00,0,1,0.5768059725527052
2026-05-12 20:30:00+00:00,0,1,0.5545494908698738
2026-05-12 20:35:00+00:00,0,1,0.6037675563833518
2026-05-12 20:40:00+00:00,0,1,0.6062917319007287
2026-05-12 20:45:00+00:00,0,1,0.6001562433243368
2026-05-12 20:50:00+00:00,0,1,0.6520551828272366
2026-05-12 20:55:00+00:00,0,1,0.6254410887625083
2026-05-12 21:00:00+00:00,0,1,0.5634584810933934
2026-05-12 21:05:00+00:00,0,1,0.6113183878918627
2026-05-12 21:10:00+00:00,0,1,0.6062347515433635
2026-05-12 21:15:00+00:00,0,1,0.7110928674868073
2026-05-12 21:20:00+00:00,0,1,0.6846800658085253
2026-05-12 21:25:00+00:00,0,1,0.736677663982405
2026-05-12 21:30:00+00:00,0,1,0.6931201572509121
2026-05-12 21:35:00+00:00,0,1,0.6785399868370053
2026-05-12 21:40:00+00:00,0,1,0.6712370694991682
2026-05-12 21:45:00+00:00,0,1,0.6574174891630225
2026-05-12 21:50:00+00:00,0,1,0.6439646137209363
2026-05-12 21:55:00+00:00,1,1,0.7141856393008897
2026-05-12 22:00:00+00:00,1,1,0.6864363907507788
2026-05-12 22:05:00+00:00,1,1,0.750600345879407
2026-05-12 22:10:00+00:00,1,1,0.7742518394441743
2026-05-12 22:15:00+00:00,1,1,0.806593796826028
2026-05-12 22:20:00+00:00,1,1,0.7791474067306071
2026-05-12 22:25:00+00:00,1,1,0.7965414941069638
2026-05-12 22:30:00+00:00,1,1,0.8014941590286283
2026-05-12 22:35:00+00:00,1,1,0.7986680202354616
2026-05-12 22:40:00+00:00,1,1,0.7227138153635199
2026-05-12 22:45:00+00:00,1,1,0.7105512392772875
2026-05-12 22:50:00+00:00,1,1,0.7531333601406714
2026-05-12 22:55:00+00:00,0,1,0.6406472372574721
2026-05-12 23:00:00+00:00,0,0,0.13843358750279916
2026-05-12 23:05:00+00:00,0,0,0.10544687869271731
2026-05-12 23:10:00+00:00,0,0,0.11428752779637152
2026-05-12 23:15:00+00:00,0,0,0.11475170528211151
2026-05-12 23:20:00+00:00,0,0,0.11372871059185041
2026-05-12 23:25:00+00:00,0,0,0.10442803195906222
2026-05-12 23:30:00+00:00,0,0,0.088135263864648
2026-05-12 23:35:00+00:00,0,0,0.08996731274900709
2026-05-12 23:40:00+00:00,0,0,0.09376372574190166
2026-05-12 23:45:00+00:00,0,0,0.07326493743715856
2026-05-12 23:50:00+00:00,0,0,0.11778270340712214
2026-05-12 23:55:00+00:00,0,0,0.09229542728392764
2026-05-13 00:05:00+00:00,1,1,0.7797214896723312
2026-05-13 00:10:00+00:00,1,1,0.788998652560421
2026-05-13 00:15:00+00:00,1,1,0.7755133110702542
2026-05-13 00:20:00+00:00,1,1,0.8022084989878561
2026-05-13 00:25:00+00:00,1,1,0.8031052061440932
2026-05-13 00:30:00+00:00,1,1,0.8261954998446492
2026-05-13 00:35:00+00:00,1,1,0.6590628114497891
2026-05-13 00:40:00+00:00,1,1,0.665535043465922
2026-05-13 00:45:00+00:00,1,1,0.6555787691276717
2026-05-13 00:50:00+00:00,1,1,0.7983953503526264
2026-05-13 00:55:00+00:00,1,1,0.8411991743884073
2026-05-13 01:10:00+00:00,0,1,0.5782053966404385
2026-05-13 01:20:00+00:00,1,1,0.5441354429795232
2026-05-13 01:30:00+00:00,0,1,0.6127954422232669
2026-05-13 01:35:00+00:00,0,1,0.6092711351525926
2026-05-13 01:40:00+00:00,1,1,0.591349169189797
2026-05-13 01:45:00+00:00,1,1,0.5986888537129936
2026-05-13 01:50:00+00:00,1,1,0.6013287683164129
2026-05-13 01:55:00+00:00,1,1,0.5294238550097986
2026-05-13 02:00:00+00:00,1,1,0.5037016995371796
2026-05-13 02:05:00+00:00,1,1,0.5466656115957744
2026-05-13 02:10:00+00:00,1,0,0.49591947612574716
2026-05-13 02:15:00+00:00,1,1,0.5204911406675792
2026-05-13 02:20:00+00:00,1,0,0.4929030105623841
2026-05-13 02:25:00+00:00,1,1,0.5045554351988858
2026-05-13 02:30:00+00:00,1,1,0.6875680078527994
2026-05-13 02:35:00+00:00,1,1,0.5246683955072566
2026-05-13 02:40:00+00:00,1,1,0.5025433426699996
2026-05-13 02:45:00+00:00,1,1,0.595502857418435
2026-05-13 02:50:00+00:00,1,1,0.5941136627915686
2026-05-13 02:55:00+00:00,1,1,0.6044278771026528
2026-05-13 03:00:00+00:00,1,1,0.6434235631158172
2026-05-13 03:05:00+00:00,1,1,0.6176866298382788
2026-05-13 03:10:00+00:00,1,1,0.6324706865619383
2026-05-13 03:15:00+00:00,1,1,0.6090151039030809
2026-05-13 03:30:00+00:00,0,1,0.5045791260134793
2026-05-13 03:35:00+00:00,0,1,0.5306191437513739
2026-05-13 03:40:00+00:00,0,1,0.5300012227345267
2026-05-13 03:45:00+00:00,0,1,0.5404037590429849
2026-05-13 03:50:00+00:00,0,1,0.5696395429473718
2026-05-13 03:55:00+00:00,0,1,0.5508171916284811
2026-05-13 04:00:00+00:00,0,1,0.5750761444330734
2026-05-13 04:05:00+00:00,0,1,0.5290403985022667
2026-05-13 04:10:00+00:00,0,1,0.522637306785029
2026-05-13 04:15:00+00:00,0,1,0.5397174373644529
2026-05-13 04:20:00+00:00,1,1,0.5362111385989865
2026-05-13 04:30:00+00:00,1,1,0.5552686339047687
2026-05-13 04:35:00+00:00,1,1,0.5594932391809689
2026-05-13 04:40:00+00:00,1,1,0.5755316495146566
2026-05-13 04:45:00+00:00,1,1,0.6106231911334962
2026-05-13 04:50:00+00:00,1,1,0.5517132634685942
2026-05-13 05:00:00+00:00,1,1,0.5659285806804676
2026-05-13 05:10:00+00:00,0,1,0.5236558285213375
2026-05-13 05:15:00+00:00,0,1,0.5089681907913554
2026-05-13 05:20:00+00:00,0,1,0.539451340926725
2026-05-13 05:25:00+00:00,0,1,0.5291867487792501
2026-05-13 05:30:00+00:00,0,1,0.5723048134994753
2026-05-13 05:35:00+00:00,0,1,0.5372487633935363
2026-05-13 05:45:00+00:00,1,1,0.5380616633070696
2026-05-13 05:55:00+00:00,1,1,0.5361466807331413
2026-05-13 06:05:00+00:00,1,1,0.5490318622815046
2026-05-13 06:10:00+00:00,1,1,0.5456012413684033
2026-05-13 06:15:00+00:00,1,1,0.5574486549617639
2026-05-13 06:20:00+00:00,1,1,0.5556811870025167
2026-05-13 06:25:00+00:00,1,1,0.5676539746666794
2026-05-13 06:30:00+00:00,1,1,0.5774614784932907
2026-05-13 06:35:00+00:00,1,1,0.5647887510005628
2026-05-13 06:40:00+00:00,1,1,0.6061750971150831
2026-05-13 06:45:00+00:00,1,1,0.6143724763808618
2026-05-13 06:50:00+00:00,1,1,0.5657269716620165
2026-05-13 06:55:00+00:00,1,1,0.6196965164820968
2026-05-13 07:00:00+00:00,1,1,0.5851144605931503
2026-05-13 07:05:00+00:00,1,1,0.5775990951690666
2026-05-13 07:10:00+00:00,1,1,0.5862228920570739
2026-05-13 07:15:00+00:00,1,1,0.5580724020524894
2026-05-13 07:20:00+00:00,1,1,0.5666403774307662
2026-05-13 07:30:00+00:00,0,1,0.5559751229117135
2026-05-13 07:35:00+00:00,0,1,0.5531378255616386
2026-05-13 07:40:00+00:00,0,1,0.5663081255560517
2026-05-13 07:45:00+00:00,0,1,0.5862347687741509
2026-05-13 07:55:00+00:00,0,1,0.5692905601675338
2026-05-13 08:00:00+00:00,0,1,0.5967231486899638
2026-05-13 08:05:00+00:00,1,1,0.599504295698224
2026-05-13 08:10:00+00:00,1,1,0.593301327263811
2026-05-13 08:15:00+00:00,1,1,0.5973797493027218
2026-05-13 08:20:00+00:00,1,1,0.6153802451562665
2026-05-13 08:25:00+00:00,1,1,0.6448176122775096
2026-05-13 08:30:00+00:00,1,1,0.6447306611443779
2026-05-13 08:35:00+00:00,1,1,0.6444490066664593
2026-05-13 08:40:00+00:00,1,1,0.6396560534765657
2026-05-13 08:45:00+00:00,1,1,0.6380866399585877
2026-05-13 08:50:00+00:00,1,1,0.5774644919390178
2026-05-13 08:55:00+00:00,1,1,0.7093411538132824
2026-05-13 09:00:00+00:00,1,1,0.6517187970640936
2026-05-13 09:10:00+00:00,0,1,0.5924512494380682
2026-05-13 09:15:00+00:00,0,1,0.6063916563542369
2026-05-13 09:20:00+00:00,0,1,0.5975437603833159
2026-05-13 09:25:00+00:00,0,1,0.5809968093221178
2026-05-13 09:30:00+00:00,0,1,0.6066411919086449
2026-05-13 09:35:00+00:00,1,1,0.6086914080587563
2026-05-13 09:40:00+00:00,1,1,0.6205130454352877
2026-05-13 09:45:00+00:00,1,1,0.5939925934924337
2026-05-13 09:50:00+00:00,1,1,0.6083011624963054
2026-05-13 09:55:00+00:00,1,1,0.5962565528460293
2026-05-13 10:00:00+00:00,1,1,0.6774183529148989
2026-05-13 10:05:00+00:00,1,1,0.6415013055195677
2026-05-13 10:10:00+00:00,1,1,0.6443875965097722
2026-05-13 10:15:00+00:00,1,1,0.6281054280598547
2026-05-13 10:20:00+00:00,1,1,0.6783146794405203
2026-05-13 10:25:00+00:00,1,1,0.6779692764291946
2026-05-13 10:30:00+00:00,1,1,0.6346558866408912
2026-05-13 10:35:00+00:00,1,1,0.569638331970938
2026-05-13 10:40:00+00:00,1,1,0.5426615113971011
2026-05-13 10:45:00+00:00,1,1,0.5508477403808927
2026-05-13 10:50:00+00:00,0,0,0.48715214260193385
2026-05-13 10:55:00+00:00,0,1,0.5042406862368606
2026-05-13 11:00:00+00:00,1,1,0.5084302465908747
2026-05-13 11:05:00+00:00,1,1,0.5119684736270246
2026-05-13 11:10:00+00:00,1,1,0.5247119664833955
2026-05-13 11:15:00+00:00,1,1,0.5217321067385724
2026-05-13 11:20:00+00:00,1,1,0.5332278739968987
2026-05-13 11:25:00+00:00,1,1,0.536527383771468
2026-05-13 11:30:00+00:00,1,1,0.5317303516026924
2026-05-13 11:35:00+00:00,1,1,0.5025176027113742
2026-05-13 11:40:00+00:00,1,1,0.5037200179939159
2026-05-13 11:45:00+00:00,1,1,0.535321829305588
2026-05-13 11:50:00+00:00,1,1,0.507255953114924
2026-05-13 11:55:00+00:00,1,1,0.5275698404661643
2026-05-13 12:05:00+00:00,0,0,0.4516843124929384
2026-05-13 12:10:00+00:00,0,0,0.3859462337321063
2026-05-13 12:15:00+00:00,0,0,0.3778251073116938
2026-05-13 12:20:00+00:00,0,0,0.3831379676683904
2026-05-13 12:25:00+00:00,0,0,0.38623669342469147
2026-05-13 12:30:00+00:00,0,0,0.3659528452716106
2026-05-13 12:35:00+00:00,0,0,0.4177022527343485
2026-05-13 12:40:00+00:00,0,0,0.43436848578679815
2026-05-13 12:45:00+00:00,0,0,0.44322997855353696
2026-05-13 12:50:00+00:00,0,1,0.5144589634584374
2026-05-13 12:55:00+00:00,0,0,0.44995720848414805
2026-05-13 13:05:00+00:00,1,1,0.5440701766594979
2026-05-13 13:15:00+00:00,0,0,0.4606962719146639
2026-05-13 13:20:00+00:00,0,0,0.4432557578888632
2026-05-13 13:25:00+00:00,0,0,0.4194275647254592
2026-05-13 13:30:00+00:00,0,0,0.4600828474355059
2026-05-13 13:35:00+00:00,0,0,0.4661087488800879
2026-05-13 13:40:00+00:00,0,0,0.465020716961392
2026-05-13 13:45:00+00:00,0,1,0.5339858070008427
2026-05-13 13:50:00+00:00,0,0,0.4722551517294011
2026-05-13 13:55:00+00:00,0,1,0.5607544630760952
2026-05-13 14:00:00+00:00,0,1,0.5442112443654503
2026-05-13 14:05:00+00:00,0,1,0.5460146858054421
2026-05-13 14:10:00+00:00,0,1,0.5788756888180614
2026-05-13 14:15:00+00:00,0,1,0.595813377272177
2026-05-13 14:20:00+00:00,1,1,0.647041040511725
2026-05-13 14:25:00+00:00,1,1,0.6502320916893661
2026-05-13 14:30:00+00:00,1,1,0.6438728455965648
2026-05-13 14:35:00+00:00,1,1,0.6619671066297037
2026-05-13 14:40:00+00:00,1,1,0.6668688406488222
2026-05-13 14:45:00+00:00,1,1,0.6150431197231134
2026-05-13 14:50:00+00:00,1,1,0.6632826416281019
2026-05-13 14:55:00+00:00,1,1,0.655096474379435
2026-05-13 15:00:00+00:00,1,1,0.6494821808689666
2026-05-13 15:05:00+00:00,1,1,0.651119841848834
2026-05-13 15:10:00+00:00,1,1,0.6173546042574002
2026-05-13 15:15:00+00:00,1,1,0.646740260856027
2026-05-13 15:20:00+00:00,1,1,0.6388170587788642
2026-05-13 15:30:00+00:00,0,1,0.5372835396934242
2026-05-13 15:35:00+00:00,0,0,0.4339862768024908
2026-05-13 15:40:00+00:00,0,0,0.48044020929630055
2026-05-13 15:45:00+00:00,0,0,0.47769668399511833
2026-05-13 15:50:00+00:00,0,0,0.4537239836104428
2026-05-13 15:55:00+00:00,0,0,0.460877489152795
2026-05-13 16:00:00+00:00,0,0,0.46875029455802775
2026-05-13 16:05:00+00:00,0,0,0.4793498366178027
2026-05-13 16:10:00+00:00,0,1,0.5175522136235904
2026-05-13 16:15:00+00:00,1,1,0.5135859451693658
2026-05-13 16:20:00+00:00,1,1,0.5829529675366754
2026-05-13 16:30:00+00:00,1,1,0.5632871249835688
2026-05-13 16:35:00+00:00,1,1,0.5543198947808671
2026-05-13 16:40:00+00:00,1,1,0.5437716239296954
2026-05-13 16:45:00+00:00,1,1,0.5827807044601908
2026-05-13 16:50:00+00:00,1,1,0.5446058296944339
2026-05-13 16:55:00+00:00,1,1,0.633475782426717
2026-05-13 17:00:00+00:00,1,1,0.5224626512148016
2026-05-13 17:05:00+00:00,1,1,0.5535733994960158
2026-05-13 17:10:00+00:00,1,1,0.5419909967674745
2026-05-13 17:15:00+00:00,1,0,0.49783275918183056
2026-05-13 17:20:00+00:00,1,0,0.4975448089240451
2026-05-13 17:25:00+00:00,1,1,0.5465596683548232
2026-05-13 17:30:00+00:00,0,1,0.5196618461983719
2026-05-13 17:35:00+00:00,0,1,0.5200255185068425
2026-05-13 17:40:00+00:00,0,1,0.5187471300954133
2026-05-13 17:45:00+00:00,0,1,0.5406327848101421
2026-05-13 17:50:00+00:00,0,1,0.5837890379641474
2026-05-13 17:55:00+00:00,0,1,0.5174943075224656
2026-05-13 18:00:00+00:00,0,1,0.5160074812681326
2026-05-13 18:05:00+00:00,0,1,0.5845856946399308
2026-05-13 18:10:00+00:00,0,1,0.5585841444776789
2026-05-13 18:15:00+00:00,0,1,0.5590795225111221
2026-05-13 18:20:00+00:00,0,1,0.5576173721594267
2026-05-13 18:25:00+00:00,0,1,0.5778360697051695
2026-05-13 18:30:00+00:00,0,1,0.6256548158844326
2026-05-13 18:35:00+00:00,1,1,0.5753170577425077
2026-05-13 18:40:00+00:00,1,1,0.5845498094424405
2026-05-13 18:45:00+00:00,1,1,0.5577507690064726
2026-05-13 18:50:00+00:00,1,1,0.5697989907878679
2026-05-13 18:55:00+00:00,1,1,0.5081116062614853
2026-05-13 19:00:00+00:00,1,1,0.5963951258100587
2026-05-13 19:05:00+00:00,1,1,0.6028185148559475
2026-05-13 19:10:00+00:00,1,1,0.6257419308072114
2026-05-13 19:20:00+00:00,1,1,0.5943616405624819
2026-05-13 19:25:00+00:00,1,1,0.6306401712324119
2026-05-13 19:30:00+00:00,1,1,0.6424624222929098
2026-05-13 19:35:00+00:00,1,1,0.585748894868161
2026-05-13 19:40:00+00:00,1,1,0.5620498419890908
2026-05-13 19:45:00+00:00,1,1,0.5444996487516672
2026-05-13 19:50:00+00:00,1,1,0.5420826592313219
2026-05-13 19:55:00+00:00,1,1,0.5120616760180348
2026-05-13 20:00:00+00:00,1,1,0.5301252911953186
2026-05-13 20:05:00+00:00,1,1,0.556308310136692
2026-05-13 20:10:00+00:00,1,1,0.5674937652863372
2026-05-13 20:15:00+00:00,1,1,0.5894099814169542
2026-05-13 20:20:00+00:00,1,1,0.5944454404994277
2026-05-13 20:25:00+00:00,1,1,0.5990302566870165
2026-05-13 20:30:00+00:00,1,1,0.582625178541819
2026-05-13 20:40:00+00:00,0,1,0.5736390294916053
2026-05-13 20:45:00+00:00,1,1,0.6136733107627075
2026-05-13 20:50:00+00:00,0,1,0.5534319331697918
2026-05-13 20:55:00+00:00,0,1,0.5551513472983081
2026-05-13 21:05:00+00:00,0,1,0.5962143017587103
2026-05-13 21:10:00+00:00,0,1,0.5845957337246686
2026-05-13 21:15:00+00:00,0,1,0.6440313315017825
2026-05-13 21:20:00+00:00,0,1,0.5926179229170996
2026-05-13 21:25:00+00:00,0,1,0.568372896555722
2026-05-13 21:30:00+00:00,0,1,0.5935221481770839
2026-05-13 21:40:00+00:00,1,1,0.6698255845552512
2026-05-13 21:45:00+00:00,0,1,0.6033116547682188
2026-05-13 21:50:00+00:00,1,1,0.6990762431335448
2026-05-13 21:55:00+00:00,0,1,0.6101599045632163
2026-05-13 22:00:00+00:00,1,1,0.6041671344454421
2026-05-13 22:25:00+00:00,1,1,0.7382815130360462
2026-05-13 22:30:00+00:00,1,1,0.7199702305823141
2026-05-13 22:55:00+00:00,0,1,0.7315222538497439
2026-05-13 23:00:00+00:00,0,0,0.06714557959216663
2026-05-13 23:05:00+00:00,0,0,0.0876135486047053
2026-05-13 23:10:00+00:00,0,0,0.08976997809239627
2026-05-13 23:15:00+00:00,0,0,0.10379906147269391
2026-05-13 23:20:00+00:00,0,0,0.122025943703128
2026-05-13 23:25:00+00:00,0,0,0.12777182323606398
2026-05-13 23:30:00+00:00,0,0,0.10280460904264842
2026-05-13 23:35:00+00:00,0,0,0.1089650880201163
2026-05-13 23:40:00+00:00,0,0,0.10870113002489008
2026-05-13 23:45:00+00:00,0,0,0.10560052741794192
2026-05-13 23:50:00+00:00,0,0,0.08103159261946202
2026-05-13 23:55:00+00:00,0,0,0.19444999989458936
2026-05-14 00:20:00+00:00,1,1,0.8124055078727019
2026-05-14 00:25:00+00:00,1,1,0.7758095947471245
2026-05-14 00:30:00+00:00,1,1,0.753379891150118
2026-05-14 00:35:00+00:00,1,1,0.7744557308665209
2026-05-14 00:45:00+00:00,0,1,0.5639337545313056
2026-05-14 00:50:00+00:00,0,1,0.631233516195397
2026-05-14 01:05:00+00:00,0,1,0.5616340530371413
2026-05-14 01:10:00+00:00,0,1,0.5719084764607831
2026-05-14 01:15:00+00:00,0,1,0.5872518222883563
2026-05-14 01:20:00+00:00,0,1,0.59845790994773
2026-05-14 01:30:00+00:00,1,1,0.5100913579711714
2026-05-14 01:35:00+00:00,1,1,0.5783118904383997
2026-05-14 01:40:00+00:00,1,1,0.568419697047206
2026-05-14 01:45:00+00:00,1,1,0.5656579849379784
2026-05-14 01:50:00+00:00,1,1,0.5573060494070526
2026-05-14 01:55:00+00:00,1,1,0.5579037847076378
2026-05-14 02:00:00+00:00,1,1,0.5752518925205247
2026-05-14 02:05:00+00:00,1,1,0.5629530761544548
2026-05-14 02:10:00+00:00,1,1,0.5799799676161931
2026-05-14 02:15:00+00:00,1,1,0.58935876690287
2026-05-14 02:20:00+00:00,1,1,0.5857991308319956
2026-05-14 02:25:00+00:00,1,1,0.5915527657742172
2026-05-14 02:45:00+00:00,0,1,0.5795325726989831
2026-05-14 03:05:00+00:00,1,1,0.602118668958699
2026-05-14 03:10:00+00:00,1,1,0.6299045398778943
2026-05-14 03:15:00+00:00,1,1,0.6164327934359832
2026-05-14 03:20:00+00:00,1,1,0.5885873830939692
2026-05-14 03:25:00+00:00,1,1,0.6020620615367219
2026-05-14 03:30:00+00:00,1,1,0.6244932552744074
2026-05-14 03:35:00+00:00,1,1,0.615253467722141
2026-05-14 03:40:00+00:00,1,1,0.5908914188044689
2026-05-14 03:45:00+00:00,1,0,0.497896145517837
2026-05-14 03:50:00+00:00,1,1,0.6226514388225411
2026-05-14 03:55:00+00:00,1,1,0.6296539343934195
2026-05-14 04:00:00+00:00,1,1,0.5724958513567279
2026-05-14 04:05:00+00:00,1,1,0.5979520790262803
2026-05-14 04:10:00+00:00,1,1,0.5998914481594867
2026-05-14 04:15:00+00:00,1,1,0.6106118960040208
2026-05-14 04:20:00+00:00,1,1,0.5921051780692157
2026-05-14 04:25:00+00:00,1,1,0.5645199183855157
2026-05-14 04:30:00+00:00,1,1,0.6286105235117225
2026-05-14 04:35:00+00:00,1,1,0.6500647479414412
2026-05-14 04:40:00+00:00,1,0,0.4889085982489249
2026-05-14 04:45:00+00:00,1,1,0.5670894916852968
2026-05-14 04:50:00+00:00,1,1,0.5444248820072589
2026-05-14 04:55:00+00:00,1,0,0.4850562035863877
2026-05-14 05:00:00+00:00,1,1,0.6269497471571005
2026-05-14 05:05:00+00:00,1,1,0.5722492999702927
2026-05-14 05:10:00+00:00,1,1,0.5624893382798242
2026-05-14 05:25:00+00:00,1,1,0.6146203659663393
2026-05-14 05:30:00+00:00,1,1,0.5855028482417034
2026-05-14 05:35:00+00:00,1,0,0.4034724806174818
2026-05-14 05:40:00+00:00,1,0,0.4202590949549048
2026-05-14 05:45:00+00:00,1,0,0.40601174791413863
2026-05-14 05:50:00+00:00,1,0,0.4152070748503829
2026-05-14 05:55:00+00:00,1,0,0.43371641901099545
2026-05-14 06:00:00+00:00,0,1,0.5479586929761643
2026-05-14 06:05:00+00:00,0,1,0.5480948543865565
2026-05-14 06:10:00+00:00,0,1,0.5987286491320103
2026-05-14 06:15:00+00:00,0,1,0.5814025233870773
2026-05-14 06:20:00+00:00,0,1,0.5808430364120871
2026-05-14 06:25:00+00:00,0,1,0.5649787997029828
2026-05-14 06:30:00+00:00,0,1,0.5910372089556761
2026-05-14 06:35:00+00:00,0,1,0.5795742123296106
2026-05-14 06:40:00+00:00,0,1,0.5702917589424227
2026-05-14 06:45:00+00:00,0,0,0.4342695032317671
2026-05-14 06:50:00+00:00,0,0,0.4099163386192618
2026-05-14 06:55:00+00:00,0,0,0.4316756852689239
2026-05-14 07:00:00+00:00,0,1,0.6420019681978526
2026-05-14 07:05:00+00:00,1,1,0.5715409668980737
2026-05-14 07:10:00+00:00,1,1,0.5500840684822434
2026-05-14 07:15:00+00:00,1,1,0.5312061767308253
2026-05-14 07:20:00+00:00,1,1,0.5094055404408441
2026-05-14 07:25:00+00:00,1,1,0.5401938592895557
2026-05-14 07:30:00+00:00,1,0,0.49350014706984763
2026-05-14 07:35:00+00:00,1,1,0.5003678381790323
2026-05-14 07:40:00+00:00,1,1,0.5060757407426505
2026-05-14 07:45:00+00:00,1,1,0.5427949556159859
2026-05-14 07:50:00+00:00,1,1,0.5356734402204117
2026-05-14 07:55:00+00:00,1,0,0.4993726464526468
2026-05-14 08:00:00+00:00,0,0,0.4974190361333903
2026-05-14 08:05:00+00:00,0,1,0.5155746930807804
2026-05-14 08:15:00+00:00,0,1,0.5088920708966584
2026-05-14 08:20:00+00:00,0,1,0.5276386155600323
2026-05-14 08:25:00+00:00,0,1,0.5259290941499525
2026-05-14 08:30:00+00:00,0,1,0.5290520249733587
2026-05-14 08:35:00+00:00,0,1,0.5065130757449183
2026-05-14 08:40:00+00:00,0,1,0.573933485113848
2026-05-14 08:45:00+00:00,0,1,0.5819815403501838
2026-05-14 08:50:00+00:00,0,1,0.5625179396779025
2026-05-14 08:55:00+00:00,0,1,0.560626757312009
2026-05-14 09:05:00+00:00,1,1,0.5898526743679063
2026-05-14 09:15:00+00:00,1,1,0.5744315315191414
2026-05-14 09:20:00+00:00,1,1,0.5670248482617947
2026-05-14 09:25:00+00:00,1,1,0.584816127201782
2026-05-14 09:45:00+00:00,1,1,0.5724915206990113
2026-05-14 09:55:00+00:00,1,1,0.5836188626665921
2026-05-14 10:00:00+00:00,1,1,0.6006493653793017
2026-05-14 10:05:00+00:00,1,1,0.569331197379434
2026-05-14 10:15:00+00:00,0,1,0.5432202809828927
2026-05-14 10:20:00+00:00,0,1,0.5271007159179345
2026-05-14 10:25:00+00:00,0,1,0.5624781859168766
2026-05-14 10:35:00+00:00,1,1,0.5694750595584791
2026-05-14 10:40:00+00:00,1,1,0.5779100461268689
2026-05-14 10:45:00+00:00,1,1,0.6008407576318955
2026-05-14 10:50:00+00:00,1,1,0.5812535671505243
2026-05-14 10:55:00+00:00,0,1,0.5515510636224904
2026-05-14 11:00:00+00:00,0,1,0.5481505099242231
2026-05-14 11:05:00+00:00,0,1,0.52341362522054
2026-05-14 11:20:00+00:00,1,1,0.5783868058544459
2026-05-14 11:25:00+00:00,1,1,0.5849172496788838
2026-05-14 11:30:00+00:00,1,1,0.5837949276249135
2026-05-14 11:35:00+00:00,0,1,0.5426544624379396
2026-05-14 11:45:00+00:00,0,1,0.5212570168792507
2026-05-14 12:00:00+00:00,1,0,0.49056460102685534
2026-05-14 12:20:00+00:00,0,1,0.5042893980090187
2026-05-14 12:40:00+00:00,1,1,0.5642255211542709
2026-05-14 12:45:00+00:00,1,1,0.5834803737465388
2026-05-14 12:50:00+00:00,1,1,0.6057423612512529
2026-05-14 12:55:00+00:00,1,1,0.5801627785723329
2026-05-14 13:00:00+00:00,1,1,0.5456121960033277
2026-05-14 13:05:00+00:00,1,1,0.5425371328244508
2026-05-14 13:10:00+00:00,1,1,0.5456174800436078
2026-05-14 13:15:00+00:00,1,1,0.6111241823256852
2026-05-14 13:20:00+00:00,1,1,0.6318269789245557
2026-05-14 13:25:00+00:00,1,1,0.6298082002832586
2026-05-14 13:30:00+00:00,1,1,0.6312884446646813
2026-05-14 13:35:00+00:00,1,1,0.6337708136210551
2026-05-14 13:40:00+00:00,1,1,0.5806757041720944
2026-05-14 13:45:00+00:00,1,1,0.6195232130973902
2026-05-14 13:50:00+00:00,1,1,0.5978560697555417
2026-05-14 13:55:00+00:00,1,1,0.5749132483615569
2026-05-14 14:05:00+00:00,1,1,0.6447992318366106
2026-05-14 14:10:00+00:00,1,1,0.6381276228796889
2026-05-14 14:20:00+00:00,0,1,0.6381276228796889
2026-05-14 14:25:00+00:00,0,1,0.6659326284084756
2026-05-14 14:30:00+00:00,1,1,0.6614659520843414
2026-05-14 14:35:00+00:00,1,1,0.6337757576027373
2026-05-14 14:40:00+00:00,1,1,0.6422052365798312
2026-05-14 14:45:00+00:00,1,0,0.4429952265457681
2026-05-14 14:50:00+00:00,1,1,0.5855050428179183
2026-05-14 15:00:00+00:00,1,1,0.6523879956493976
2026-05-14 15:05:00+00:00,1,1,0.6477645763555371
2026-05-14 15:10:00+00:00,1,1,0.6415501302529234
2026-05-14 15:15:00+00:00,1,1,0.6406402448584001
2026-05-14 15:20:00+00:00,1,1,0.7123374957787041
2026-05-14 15:25:00+00:00,1,1,0.7144639370917457
2026-05-14 15:30:00+00:00,1,1,0.6847211942091355
2026-05-14 15:35:00+00:00,1,1,0.5904112450212069
2026-05-14 15:40:00+00:00,0,1,0.5838832768939459
2026-05-14 15:45:00+00:00,0,1,0.6184495297753825
2026-05-14 15:50:00+00:00,0,1,0.6218719789810662
2026-05-14 15:55:00+00:00,0,1,0.6230996365876658
2026-05-14 16:00:00+00:00,0,1,0.6071014035970088
2026-05-14 16:05:00+00:00,0,1,0.6178448585065335
2026-05-14 16:10:00+00:00,0,1,0.5864255766259994
2026-05-14 16:15:00+00:00,0,1,0.5217506727132615
2026-05-14 16:20:00+00:00,0,1,0.5575640705667279
2026-05-14 16:25:00+00:00,0,1,0.5966484014279082
2026-05-14 16:30:00+00:00,0,1,0.5766512108242116
2026-05-14 16:35:00+00:00,0,1,0.6240915411898558
2026-05-14 16:40:00+00:00,1,1,0.5231714795007146
2026-05-14 16:45:00+00:00,1,0,0.3854026969461677
2026-05-14 16:50:00+00:00,1,0,0.41395830250009386
2026-05-14 16:55:00+00:00,1,0,0.4432155481750764
2026-05-14 17:00:00+00:00,1,0,0.44983170753298546
2026-05-14 17:05:00+00:00,1,0,0.4538668810458206
2026-05-14 17:10:00+00:00,1,0,0.4180036241464122
2026-05-14 17:15:00+00:00,1,0,0.4419937916612625
2026-05-14 17:20:00+00:00,1,0,0.45111552374864855
2026-05-14 17:25:00+00:00,1,0,0.4902015377361416
2026-05-14 17:30:00+00:00,1,0,0.4723528232821693
2026-05-14 17:35:00+00:00,1,1,0.5026391089721399
2026-05-14 17:40:00+00:00,1,1,0.5655448462493785
2026-05-14 17:45:00+00:00,1,1,0.584482367193568
2026-05-14 17:50:00+00:00,1,1,0.5214383999173082
2026-05-14 17:55:00+00:00,0,1,0.5404781606438815
2026-05-14 18:00:00+00:00,0,1,0.5199422006012456
2026-05-14 18:05:00+00:00,0,1,0.5455266528999214
2026-05-14 18:25:00+00:00,1,1,0.6302431501105531
2026-05-14 18:30:00+00:00,1,1,0.6194410236223113
2026-05-14 18:35:00+00:00,1,1,0.5400463090627379
2026-05-14 18:40:00+00:00,1,1,0.5250045798423005
2026-05-14 18:45:00+00:00,1,1,0.5676483067793768
2026-05-14 18:50:00+00:00,1,1,0.5540237996753072
2026-05-14 18:55:00+00:00,1,1,0.5270656708524913
2026-05-14 19:00:00+00:00,1,0,0.4917264676290098
2026-05-14 19:05:00+00:00,1,0,0.4734363933941276
2026-05-14 19:10:00+00:00,1,0,0.49086236637436165
2026-05-14 19:15:00+00:00,1,1,0.5059073047074243
2026-05-14 19:25:00+00:00,0,0,0.4872599730186104
2026-05-14 19:30:00+00:00,0,1,0.5120125937384877
2026-05-14 19:35:00+00:00,0,0,0.43100648206010767
2026-05-14 19:40:00+00:00,0,0,0.42778762584419006
2026-05-14 19:45:00+00:00,0,0,0.46878697135982716
2026-05-14 19:50:00+00:00,1,0,0.4729863082833468
2026-05-14 19:55:00+00:00,1,0,0.46335751888320265
2026-05-14 20:00:00+00:00,1,1,0.5322053170841409
2026-05-14 20:05:00+00:00,1,0,0.49484811876188944
2026-05-14 20:15:00+00:00,0,0,0.4729831284569917
2026-05-14 20:25:00+00:00,1,0,0.4930842635528549
2026-05-14 20:30:00+00:00,1,0,0.4675918836761839
2026-05-14 20:35:00+00:00,1,0,0.45294484243633987
2026-05-14 20:40:00+00:00,1,1,0.5796003441357251
2026-05-14 20:45:00+00:00,1,1,0.5831204824985641
2026-05-14 21:15:00+00:00,1,1,0.5750073051480562
2026-05-14 21:20:00+00:00,1,1,0.5730406290858441
2026-05-14 21:25:00+00:00,1,1,0.6001846867764191
2026-05-14 21:30:00+00:00,1,1,0.6043733416070856
2026-05-14 21:35:00+00:00,1,1,0.589833426601863
2026-05-14 21:40:00+00:00,1,1,0.6004170636304659
2026-05-14 21:45:00+00:00,1,0,0.4245167308181404
2026-05-14 21:50:00+00:00,1,0,0.41241399204471263
2026-05-14 21:55:00+00:00,1,0,0.3157920070289181
2026-05-14 22:00:00+00:00,1,0,0.2649712072493061
2026-05-14 22:05:00+00:00,1,0,0.2470638705248822
2026-05-14 22:10:00+00:00,1,0,0.228419721497137
2026-05-14 22:15:00+00:00,1,1,0.5001434012676915
2026-05-14 22:20:00+00:00,1,1,0.5196118889535065
2026-05-14 22:25:00+00:00,1,0,0.43190720201058735
2026-05-14 22:30:00+00:00,1,0,0.48054331710247433
2026-05-14 22:35:00+00:00,1,1,0.5228374562984226
2026-05-14 22:40:00+00:00,1,0,0.3932519319732431
2026-05-14 22:45:00+00:00,1,0,0.4239727763302611
2026-05-14 22:50:00+00:00,1,0,0.39730136319082565
2026-05-14 23:00:00+00:00,0,0,0.048663618803234485
2026-05-14 23:05:00+00:00,0,0,0.035873094454724024
2026-05-14 23:10:00+00:00,0,0,0.03521373076420601
2026-05-14 23:15:00+00:00,0,0,0.030362418669589025
2026-05-14 23:20:00+00:00,0,0,0.028288460497798915
2026-05-14 23:25:00+00:00,0,0,0.028725728003790463
2026-05-14 23:30:00+00:00,0,0,0.03289975529945511
2026-05-14 23:35:00+00:00,0,0,0.029713033297648055
2026-05-14 23:40:00+00:00,0,0,0.03940178663528545
2026-05-14 23:45:00+00:00,0,0,0.05223388251920892
2026-05-14 23:50:00+00:00,0,0,0.04646600906301611
2026-05-14 23:55:00+00:00,0,0,0.043630512041831125
2026-05-15 00:00:00+00:00,1,1,0.66462787944343
2026-05-15 00:05:00+00:00,1,1,0.691617771057677
2026-05-15 00:10:00+00:00,1,1,0.7651246223600986
2026-05-15 00:15:00+00:00,1,1,0.7968879928269123
2026-05-15 00:20:00+00:00,1,1,0.8373554147531828
2026-05-15 00:25:00+00:00,1,1,0.8260375810945458
2026-05-15 00:30:00+00:00,1,1,0.7449873776466882
2026-05-15 00:35:00+00:00,1,1,0.8225192810073834
2026-05-15 00:40:00+00:00,1,1,0.5252574347919906
2026-05-15 00:45:00+00:00,1,1,0.5971944668604708
2026-05-15 00:50:00+00:00,1,1,0.5236319141044307
2026-05-15 00:55:00+00:00,1,1,0.6710628004467173
2026-05-15 01:00:00+00:00,1,1,0.5234221064454075
2026-05-15 01:05:00+00:00,1,1,0.5367324008022957
2026-05-15 01:10:00+00:00,1,1,0.5330899941670713
2026-05-15 01:15:00+00:00,1,0,0.4801241643908502
2026-05-15 01:20:00+00:00,1,1,0.5144542101269801
2026-05-15 01:25:00+00:00,1,1,0.5151881847452872
2026-05-15 01:30:00+00:00,1,0,0.4965888251741725
2026-05-15 01:35:00+00:00,1,1,0.5085902507786829
2026-05-15 01:40:00+00:00,1,1,0.5140989031916323
2026-05-15 01:45:00+00:00,0,1,0.5134735773578482
2026-05-15 01:50:00+00:00,0,0,0.4788343813064853
2026-05-15 02:00:00+00:00,1,1,0.5125745070632801
2026-05-15 02:10:00+00:00,0,0,0.47448914132097275
2026-05-15 02:15:00+00:00,0,1,0.5123323700807502
2026-05-15 02:20:00+00:00,0,1,0.519447854090269
2026-05-15 02:25:00+00:00,0,1,0.5607750841346966
2026-05-15 02:30:00+00:00,1,1,0.5487907232663692
2026-05-15 02:35:00+00:00,1,1,0.5649548846653616
2026-05-15 02:40:00+00:00,1,1,0.5540050599851702
2026-05-15 02:45:00+00:00,1,1,0.7157365441994757
2026-05-15 02:50:00+00:00,1,1,0.6231221027810936
2026-05-15 02:55:00+00:00,1,0,0.49661588227744435
2026-05-15 03:00:00+00:00,1,0,0.49434971286553325
2026-05-15 03:05:00+00:00,1,1,0.5381244684315873
2026-05-15 03:10:00+00:00,1,1,0.5499043470119371
2026-05-15 03:15:00+00:00,1,1,0.5351765573022583
2026-05-15 03:20:00+00:00,1,1,0.5239511163003147
2026-05-15 03:25:00+00:00,1,1,0.5425591497118143
2026-05-15 03:30:00+00:00,1,1,0.5123342570167646
2026-05-15 03:35:00+00:00,1,1,0.52720077428374
2026-05-15 03:40:00+00:00,1,1,0.5333003237024422
2026-05-15 03:45:00+00:00,1,1,0.5315618838074622
2026-05-15 03:55:00+00:00,1,1,0.560919800068498
2026-05-15 04:00:00+00:00,1,1,0.5675292375218495
2026-05-15 04:05:00+00:00,1,1,0.5600928062347614
2026-05-15 04:10:00+00:00,1,1,0.5629699049877123
2026-05-15 04:15:00+00:00,1,1,0.551352866661187
2026-05-15 04:20:00+00:00,1,1,0.5443807672574847
2026-05-15 04:25:00+00:00,0,1,0.5516176378653548
2026-05-15 04:30:00+00:00,1,1,0.5553539086952863
2026-05-15 04:35:00+00:00,1,1,0.5497183873341116
2026-05-15 04:45:00+00:00,0,1,0.5630265034407097
2026-05-15 05:00:00+00:00,0,1,0.628733776318189
2026-05-15 05:40:00+00:00,1,1,0.5429451162936205
2026-05-15 05:55:00+00:00,0,0,0.49836419131838827
2026-05-15 06:00:00+00:00,0,1,0.5257723924999714
2026-05-15 06:05:00+00:00,0,1,0.5158071942162739
2026-05-15 06:10:00+00:00,0,1,0.5409636582845224
2026-05-15 06:15:00+00:00,0,1,0.535929854405875
2026-05-15 06:20:00+00:00,0,1,0.5294362949653466
2026-05-15 06:30:00+00:00,1,1,0.539028215449177
2026-05-15 06:45:00+00:00,1,1,0.5717736449866562
2026-05-15 06:50:00+00:00,1,1,0.5697570923797768
2026-05-15 06:55:00+00:00,1,1,0.555980841522507
2026-05-15 07:00:00+00:00,1,1,0.5573076999765105
2026-05-15 07:05:00+00:00,1,1,0.5719313769915657
2026-05-15 07:10:00+00:00,1,1,0.5817121387064585
2026-05-15 07:15:00+00:00,1,1,0.6119831277119705
2026-05-15 07:20:00+00:00,1,1,0.6093370175937963
2026-05-15 07:25:00+00:00,1,1,0.5972379255105934
2026-05-15 07:30:00+00:00,1,1,0.648120137957135
2026-05-15 07:35:00+00:00,1,1,0.6120394978209287
2026-05-15 07:40:00+00:00,1,1,0.5927053438749037
2026-05-15 07:45:00+00:00,1,1,0.6410528566336953
2026-05-15 07:50:00+00:00,1,1,0.692452988363794
2026-05-15 07:55:00+00:00,1,1,0.6186687453945116
2026-05-15 08:00:00+00:00,1,1,0.6373320879785057
2026-05-15 08:05:00+00:00,1,1,0.5222983403894009
2026-05-15 08:20:00+00:00,1,1,0.5475075855523714
2026-05-15 08:25:00+00:00,1,1,0.6281992769319962
2026-05-15 08:30:00+00:00,0,1,0.5601030593025674
2026-05-15 08:35:00+00:00,0,1,0.5668836499757056
2026-05-15 08:40:00+00:00,0,1,0.5666816746172263
2026-05-15 08:45:00+00:00,0,1,0.5188730254131632
2026-05-15 08:50:00+00:00,0,1,0.5034367583888436
2026-05-15 08:55:00+00:00,0,0,0.49330801485258063
2026-05-15 09:00:00+00:00,0,0,0.4741797852988977
2026-05-15 09:05:00+00:00,0,1,0.5215133263073016
2026-05-15 09:10:00+00:00,0,1,0.519085919326449
2026-05-15 09:15:00+00:00,0,1,0.5386931340133353
2026-05-15 09:20:00+00:00,0,1,0.5072461350220364
2026-05-15 09:25:00+00:00,0,1,0.5328892385670271
2026-05-15 09:30:00+00:00,0,1,0.6122614198127811
2026-05-15 09:35:00+00:00,0,1,0.6162839600535943
2026-05-15 09:40:00+00:00,0,1,0.6092581330536065
2026-05-15 09:45:00+00:00,1,1,0.5447730076822703
2026-05-15 09:50:00+00:00,0,1,0.5735382127993487
2026-05-15 10:05:00+00:00,1,1,0.5094052070046979
2026-05-15 10:10:00+00:00,1,1,0.5350621933550409
2026-05-15 10:15:00+00:00,1,1,0.5494583562715513
2026-05-15 10:20:00+00:00,1,1,0.5165236231496816
2026-05-15 10:25:00+00:00,1,1,0.5406660129268188
2026-05-15 10:30:00+00:00,1,1,0.5006861944935503
2026-05-15 10:35:00+00:00,1,1,0.5240990699810553
2026-05-15 10:40:00+00:00,1,1,0.5360129592369185
2026-05-15 10:50:00+00:00,1,1,0.5638142260280541
2026-05-15 10:55:00+00:00,1,0,0.4923050846048997
2026-05-15 11:00:00+00:00,1,1,0.5329262336944784
2026-05-15 11:05:00+00:00,1,1,0.5178701070926762
2026-05-15 11:10:00+00:00,1,1,0.5194470614984942
2026-05-15 11:15:00+00:00,1,1,0.5218570567794456
2026-05-15 11:20:00+00:00,1,1,0.5046203026913301
2026-05-15 11:25:00+00:00,1,1,0.5265487110368269
2026-05-15 11:30:00+00:00,1,1,0.5575966508687787
2026-05-15 11:35:00+00:00,1,1,0.5149951783329366
2026-05-15 11:40:00+00:00,1,1,0.5518653610957194
2026-05-15 11:45:00+00:00,1,1,0.5075416634386613
2026-05-15 11:50:00+00:00,0,1,0.5133485503980554
2026-05-15 11:55:00+00:00,0,1,0.5160238512876333
2026-05-15 12:00:00+00:00,0,0,0.4945728759321693
2026-05-15 12:05:00+00:00,0,0,0.4908658142892368
2026-05-15 12:10:00+00:00,0,1,0.5001910168923508
2026-05-15 12:15:00+00:00,0,1,0.5379840563529604
2026-05-15 12:20:00+00:00,0,1,0.5121545203305337
2026-05-15 12:25:00+00:00,0,1,0.5490031059960809
2026-05-15 12:30:00+00:00,0,1,0.5052485240817202
2026-05-15 12:35:00+00:00,0,1,0.5058532060472494
2026-05-15 12:40:00+00:00,0,1,0.5348605858374728
2026-05-15 12:45:00+00:00,0,1,0.5254087148619151
2026-05-15 12:50:00+00:00,0,1,0.5190742040730459
2026-05-15 12:55:00+00:00,0,0,0.4860185356725239
2026-05-15 13:00:00+00:00,0,1,0.5126594493916461
2026-05-15 13:05:00+00:00,0,1,0.5390787137546026
2026-05-15 13:10:00+00:00,0,1,0.5726281093796848
2026-05-15 13:15:00+00:00,0,1,0.5399027067945201
2026-05-15 13:25:00+00:00,1,1,0.5473063110583686
2026-05-15 13:30:00+00:00,1,1,0.5652368781252946
2026-05-15 13:35:00+00:00,1,1,0.520543862793884
2026-05-15 13:40:00+00:00,1,1,0.5658219742181011
2026-05-15 13:45:00+00:00,1,1,0.5163558687808942
2026-05-15 13:50:00+00:00,1,1,0.5250777451940078
2026-05-15 13:55:00+00:00,1,0,0.48955320635280086
2026-05-15 14:00:00+00:00,1,1,0.5627473085950212
2026-05-15 14:05:00+00:00,1,1,0.5611156956635269
2026-05-15 14:10:00+00:00,1,1,0.5542119954582789
2026-05-15 14:15:00+00:00,1,1,0.5708769374928147
2026-05-15 14:20:00+00:00,1,1,0.5355029421294342
2026-05-15 14:35:00+00:00,1,1,0.5328718103486776
2026-05-15 14:40:00+00:00,1,1,0.5650037693310067
2026-05-15 14:45:00+00:00,1,1,0.5578903065669664
2026-05-15 15:10:00+00:00,0,1,0.5067162110085284
2026-05-15 15:15:00+00:00,1,1,0.5123248316952927
2026-05-15 15:20:00+00:00,1,1,0.5025762926077727
2026-05-15 15:25:00+00:00,1,1,0.511122489465838
2026-05-15 15:30:00+00:00,1,0,0.4979713458575179
2026-05-15 15:35:00+00:00,1,0,0.4846203883296642
2026-05-15 15:40:00+00:00,1,0,0.4911684775721789
2026-05-15 15:45:00+00:00,1,1,0.5037071022474223
2026-05-15 15:50:00+00:00,1,0,0.4710820403752661
2026-05-15 15:55:00+00:00,1,0,0.4507189109236123
2026-05-15 16:00:00+00:00,1,0,0.47133047012536683
2026-05-15 16:05:00+00:00,1,0,0.4885290866914507
2026-05-15 16:10:00+00:00,1,0,0.49883232845211806
2026-05-15 16:15:00+00:00,1,0,0.4658765176328928
2026-05-15 16:20:00+00:00,1,0,0.4731062144874068
2026-05-15 16:25:00+00:00,1,0,0.46799130783116394
2026-05-15 16:30:00+00:00,1,0,0.46979917650051806
2026-05-15 16:35:00+00:00,1,0,0.4739985121442333
2026-05-15 16:45:00+00:00,1,0,0.4524693787784204
2026-05-15 16:50:00+00:00,0,0,0.4783585529589698
2026-05-15 16:55:00+00:00,0,0,0.48723891094237576
2026-05-15 17:00:00+00:00,0,0,0.4632358548450638
2026-05-15 17:05:00+00:00,0,0,0.48338605462558354
2026-05-15 17:10:00+00:00,0,0,0.47646602486322237
2026-05-15 17:15:00+00:00,1,1,0.5114371240220056
2026-05-15 17:20:00+00:00,1,1,0.500359007827416
2026-05-15 17:30:00+00:00,1,1,0.5149276615302071
2026-05-15 17:50:00+00:00,1,0,0.4869851863363769
2026-05-15 17:55:00+00:00,1,1,0.5792391277171339
2026-05-15 18:00:00+00:00,1,1,0.5726580488665337
2026-05-15 18:05:00+00:00,1,1,0.5853427137939891
2026-05-15 18:10:00+00:00,1,1,0.5668917065360952
2026-05-15 18:15:00+00:00,1,1,0.5736635235172081
2026-05-15 18:35:00+00:00,0,0,0.489102854113859
2026-05-15 18:45:00+00:00,0,0,0.45262972240386046
2026-05-15 18:50:00+00:00,0,1,0.5225444394720349
2026-05-15 19:05:00+00:00,0,1,0.545657491724372
2026-05-15 19:10:00+00:00,0,1,0.5480679845462884
2026-05-15 19:15:00+00:00,0,1,0.5376606059140616
2026-05-15 19:20:00+00:00,0,1,0.5430593250186879
2026-05-15 19:25:00+00:00,0,1,0.5383164772875552
2026-05-15 19:30:00+00:00,0,1,0.5469415555525023
2026-05-15 19:45:00+00:00,1,1,0.5326398917993004
2026-05-15 19:50:00+00:00,1,1,0.5350655698943548
2026-05-15 19:55:00+00:00,1,1,0.5515726578916749
2026-05-15 20:00:00+00:00,1,1,0.5795304518083496
2026-05-15 20:05:00+00:00,1,1,0.5278670808849942
2026-05-15 20:10:00+00:00,1,1,0.7000304101987846
2026-05-15 20:15:00+00:00,1,1,0.6454290499407639
2026-05-15 20:20:00+00:00,1,1,0.6786043166525296
2026-05-15 20:25:00+00:00,1,1,0.6391688053909133
2026-05-15 20:30:00+00:00,1,1,0.6404745128925292
2026-05-15 20:35:00+00:00,1,1,0.6277495220694592
2026-05-15 20:40:00+00:00,1,1,0.5668622182905838
2026-05-15 20:45:00+00:00,1,1,0.5389670820800373
2026-05-15 20:55:00+00:00,0,1,0.5550929332865348
2026-05-15 21:00:00+00:00,0,1,0.5544969257496991
2026-05-15 21:05:00+00:00,0,1,0.5989036006944833
2026-05-15 21:10:00+00:00,0,1,0.6372513890845056
2026-05-15 21:15:00+00:00,0,1,0.5701557558947123
2026-05-15 21:25:00+00:00,1,1,0.5929124038657395
2026-05-15 21:30:00+00:00,0,1,0.5997795213471724
2026-05-15 21:35:00+00:00,0,1,0.590639804944313
2026-05-15 21:40:00+00:00,1,1,0.5787758918164603
2026-05-15 21:45:00+00:00,1,1,0.5635819481312043
2026-05-15 21:50:00+00:00,1,1,0.5602899337204937
2026-05-15 21:55:00+00:00,1,1,0.6336398730503088
2026-05-15 22:00:00+00:00,1,1,0.6711795466946364
2026-05-15 22:05:00+00:00,1,1,0.6653833564555595
2026-05-15 22:10:00+00:00,1,0,0.3572042103980417
2026-05-15 22:15:00+00:00,1,0,0.3996321295186354
2026-05-15 22:20:00+00:00,1,0,0.4691127282332478
2026-05-15 22:25:00+00:00,1,0,0.49995879450102026
2026-05-15 22:30:00+00:00,1,1,0.5440813738753163
2026-05-15 22:35:00+00:00,1,1,0.5748197614624905
2026-05-15 22:45:00+00:00,1,0,0.2886563122399845
2026-05-15 22:50:00+00:00,1,0,0.29220336771938404
2026-05-15 22:55:00+00:00,0,0,0.2622531694192738
2026-05-15 23:00:00+00:00,0,0,0.3624285978034013
2026-05-15 23:05:00+00:00,0,0,0.38226343217916386
2026-05-15 23:10:00+00:00,0,0,0.37319396301825875
2026-05-15 23:15:00+00:00,0,0,0.28421111443390384
2026-05-15 23:20:00+00:00,0,0,0.44762059011156086
2026-05-15 23:25:00+00:00,0,0,0.4926918959358085
2026-05-15 23:30:00+00:00,0,1,0.7485109978728727
2026-05-15 23:35:00+00:00,0,1,0.6491767784256501
2026-05-15 23:40:00+00:00,0,1,0.7073040728119111
2026-05-15 23:45:00+00:00,0,1,0.6574699327951677
2026-05-15 23:50:00+00:00,0,1,0.6547356602855791
2026-05-15 23:55:00+00:00,0,1,0.7689387604185057
2026-05-18 00:00:00+00:00,1,1,0.9379584903746844
2026-05-18 00:05:00+00:00,1,1,0.9458957678597507
2026-05-18 00:10:00+00:00,1,1,0.9269234236400612
2026-05-18 00:15:00+00:00,1,1,0.9350286476332069
2026-05-18 00:20:00+00:00,1,1,0.9265340750254969
2026-05-18 00:25:00+00:00,1,1,0.9285145300652841
2026-05-18 00:30:00+00:00,1,1,0.9218976004551785
2026-05-18 00:35:00+00:00,1,1,0.9298270486813666
2026-05-18 00:40:00+00:00,1,1,0.8487881875941884
2026-05-18 00:45:00+00:00,1,1,0.907338058977648
2026-05-18 00:50:00+00:00,1,1,0.9407080741155713
2026-05-18 00:55:00+00:00,1,1,0.9321850583778336
2026-05-18 01:00:00+00:00,1,1,0.634645291273706
2026-05-18 01:05:00+00:00,1,1,0.5464079032312852
2026-05-18 01:10:00+00:00,1,1,0.6632478313377692
2026-05-18 01:20:00+00:00,1,1,0.66367638659035
2026-05-18 01:25:00+00:00,1,1,0.5785827964718343
2026-05-18 01:30:00+00:00,1,1,0.6231293426038126
2026-05-18 01:35:00+00:00,1,1,0.579190965398466
2026-05-18 01:40:00+00:00,1,1,0.6388066291378844
2026-05-18 01:45:00+00:00,1,1,0.6887204443895896
2026-05-18 01:50:00+00:00,1,1,0.6506356573321035
2026-05-18 01:55:00+00:00,1,1,0.6319078982634748
2026-05-18 02:05:00+00:00,1,1,0.5336964423669119
2026-05-18 02:10:00+00:00,1,1,0.506562032897881
2026-05-18 02:15:00+00:00,1,1,0.513530824691389
2026-05-18 02:20:00+00:00,1,0,0.48213721231198103
2026-05-18 02:40:00+00:00,1,0,0.48862661582984807
2026-05-18 02:45:00+00:00,1,1,0.5016922906283666
2026-05-18 02:50:00+00:00,1,1,0.5281570460052292
2026-05-18 02:55:00+00:00,1,1,0.5452605504032804
2026-05-18 03:00:00+00:00,1,0,0.48612121610450115
2026-05-18 03:05:00+00:00,1,0,0.4697650611945738
2026-05-18 03:10:00+00:00,1,0,0.49057816330424636
2026-05-18 03:15:00+00:00,1,0,0.4745387201850622
2026-05-18 03:20:00+00:00,1,0,0.48128008284919943
2026-05-18 03:25:00+00:00,1,0,0.47421469738487193
2026-05-18 03:30:00+00:00,1,0,0.47595214042457756
2026-05-18 03:35:00+00:00,1,0,0.46629023746966614
2026-05-18 03:40:00+00:00,1,0,0.47393362212786283
2026-05-18 03:45:00+00:00,1,1,0.5048263576870171
2026-05-18 03:50:00+00:00,0,0,0.4584353406223149
2026-05-18 04:10:00+00:00,0,0,0.48140003070704307
2026-05-18 04:20:00+00:00,1,1,0.5064295637863631
2026-05-18 04:25:00+00:00,0,0,0.49399383121528195
2026-05-18 04:40:00+00:00,0,1,0.5014421693065017
2026-05-18 04:45:00+00:00,1,1,0.5038425569452997
2026-05-18 04:50:00+00:00,1,1,0.5105842970161751
2026-05-18 04:55:00+00:00,0,0,0.49403830142861416
2026-05-18 05:05:00+00:00,1,0,0.48604153527605354
2026-05-18 05:10:00+00:00,1,0,0.4967071328618854
2026-05-18 05:15:00+00:00,1,0,0.4788109466861003
2026-05-18 05:20:00+00:00,1,0,0.48520582355970165
2026-05-18 05:25:00+00:00,1,0,0.46112487337945024
2026-05-18 05:30:00+00:00,1,0,0.471668737653179
2026-05-18 05:35:00+00:00,1,0,0.4777337416767296
2026-05-18 05:40:00+00:00,1,0,0.47189806887074764
2026-05-18 05:45:00+00:00,1,0,0.4791544192759661
2026-05-18 05:50:00+00:00,1,0,0.48307719031538116
2026-05-18 05:55:00+00:00,1,0,0.49982950459832587
2026-05-18 06:00:00+00:00,1,0,0.4911035371390372
2026-05-18 06:05:00+00:00,1,1,0.5447222206872243
2026-05-18 06:10:00+00:00,1,1,0.5447222206872243
2026-05-18 06:15:00+00:00,1,1,0.5592280985756914
2026-05-18 06:20:00+00:00,1,1,0.5030327671460836
2026-05-18 06:25:00+00:00,1,1,0.5397844165609705
2026-05-18 06:30:00+00:00,1,0,0.3646388674978525
2026-05-18 06:35:00+00:00,1,0,0.3337571179355401
2026-05-18 06:40:00+00:00,1,0,0.3535980549008343
2026-05-18 06:50:00+00:00,0,0,0.25906946913786183
2026-05-18 06:55:00+00:00,0,0,0.4998041027780115
2026-05-18 07:00:00+00:00,0,0,0.46411188957859395
2026-05-18 07:05:00+00:00,0,1,0.5107470895768564
2026-05-18 07:10:00+00:00,0,0,0.47358310888653926
2026-05-18 07:15:00+00:00,0,0,0.4316570678457639
2026-05-18 07:20:00+00:00,0,0,0.48134357096562486
2026-05-18 07:25:00+00:00,0,0,0.46780045966184824
2026-05-18 07:35:00+00:00,0,0,0.4660850670328626
2026-05-18 07:45:00+00:00,0,0,0.47696069880310105
2026-05-18 07:55:00+00:00,0,0,0.47219347520583455
2026-05-18 08:00:00+00:00,0,0,0.4851384954117749
2026-05-18 08:05:00+00:00,0,0,0.4705577868780803
2026-05-18 08:10:00+00:00,0,0,0.47993674323948815
2026-05-18 08:15:00+00:00,0,1,0.5154141590004608
2026-05-18 08:20:00+00:00,0,1,0.5372350048731507
2026-05-18 08:25:00+00:00,0,0,0.48718091604740776
2026-05-18 08:30:00+00:00,0,1,0.5037208634330691
2026-05-18 08:35:00+00:00,0,1,0.543254488687233
2026-05-18 08:40:00+00:00,0,1,0.5127631262289208
2026-05-18 08:45:00+00:00,0,1,0.5345900451100113
2026-05-18 08:50:00+00:00,0,1,0.5103842554972183
2026-05-18 08:55:00+00:00,0,1,0.506723028832528
2026-05-18 09:00:00+00:00,0,1,0.5220413747399161
2026-05-18 09:10:00+00:00,1,1,0.5346224352367684
2026-05-18 09:15:00+00:00,1,1,0.587672953803894
2026-05-18 09:20:00+00:00,1,1,0.5946556674845586
2026-05-18 09:25:00+00:00,0,1,0.5344558432161369
2026-05-18 09:30:00+00:00,0,1,0.5389722376532792
2026-05-18 09:40:00+00:00,0,1,0.5327443828803647
2026-05-18 09:50:00+00:00,1,1,0.5480290034183681
2026-05-18 09:55:00+00:00,1,1,0.5270714538133969
2026-05-18 10:00:00+00:00,0,0,0.49627752634827627
2026-05-18 10:10:00+00:00,0,0,0.47020751060907406
2026-05-18 10:15:00+00:00,0,0,0.4644346986714326
2026-05-18 10:20:00+00:00,0,0,0.4965031974255112
2026-05-18 10:30:00+00:00,0,1,0.5049338018770058
2026-05-18 10:35:00+00:00,0,1,0.5502641885799503
2026-05-18 10:45:00+00:00,0,1,0.5315355481820914
2026-05-18 10:50:00+00:00,0,1,0.5334909036258395
2026-05-18 10:55:00+00:00,0,0,0.4886681261974658
2026-05-18 11:00:00+00:00,0,1,0.5211175776241733
2026-05-18 11:05:00+00:00,0,1,0.5854048407028282
2026-05-18 11:10:00+00:00,0,1,0.5213747102644246
2026-05-18 11:25:00+00:00,1,1,0.567893921795921
2026-05-18 11:30:00+00:00,1,1,0.5553003082918094
2026-05-18 11:35:00+00:00,1,1,0.5179210399575463
2026-05-18 11:45:00+00:00,1,1,0.5348065493567629
2026-05-18 11:50:00+00:00,1,1,0.5405972573310536
2026-05-18 11:55:00+00:00,1,1,0.5399081967225642
2026-05-18 12:00:00+00:00,1,0,0.49579283580979966
2026-05-18 12:05:00+00:00,1,1,0.5153543214128176
2026-05-18 12:10:00+00:00,1,1,0.5234759124377275
2026-05-18 12:15:00+00:00,1,1,0.5238255654939766
2026-05-18 12:20:00+00:00,1,1,0.5418421971259332
2026-05-18 12:25:00+00:00,1,1,0.5317363794570639
2026-05-18 12:30:00+00:00,1,1,0.5422141013142774
2026-05-18 12:35:00+00:00,1,1,0.5244743541727662
2026-05-18 12:40:00+00:00,1,1,0.5396688497107899
2026-05-18 12:45:00+00:00,1,1,0.5359275725055344
2026-05-18 12:50:00+00:00,1,1,0.5313218506724176
2026-05-18 13:05:00+00:00,1,0,0.49553632917805596
2026-05-18 13:10:00+00:00,1,1,0.5183537821671005
2026-05-18 13:15:00+00:00,1,1,0.5391279494069461
2026-05-18 13:25:00+00:00,1,1,0.5371569890936728
2026-05-18 13:30:00+00:00,0,1,0.5322772474925266
2026-05-18 13:35:00+00:00,0,1,0.5426694047507713
2026-05-18 13:40:00+00:00,0,1,0.5531765288600199
2026-05-18 13:45:00+00:00,0,1,0.5849233248855386
2026-05-18 13:50:00+00:00,0,1,0.5800855133036699
2026-05-18 13:55:00+00:00,0,1,0.5407311361042435
2026-05-18 14:00:00+00:00,0,1,0.5617263370111846
2026-05-18 14:05:00+00:00,0,1,0.5385300634691725
2026-05-18 14:10:00+00:00,0,1,0.529061508999647
2026-05-18 14:15:00+00:00,0,1,0.5621649542718823
2026-05-18 14:20:00+00:00,0,1,0.6215233177474729
2026-05-18 14:25:00+00:00,0,1,0.5434272174531998
2026-05-18 14:30:00+00:00,0,1,0.5946403526453544
2026-05-18 14:35:00+00:00,0,1,0.6367886850376759
2026-05-18 14:40:00+00:00,0,1,0.6113392068371044
2026-05-18 14:45:00+00:00,0,1,0.5891211082349048
2026-05-18 14:50:00+00:00,0,1,0.5896590151327029
2026-05-18 14:55:00+00:00,0,1,0.5993056051049357
2026-05-18 15:00:00+00:00,0,1,0.5943825869789763
2026-05-18 15:05:00+00:00,0,1,0.5992585949221153
2026-05-18 15:10:00+00:00,0,1,0.6097027336194681
2026-05-18 15:15:00+00:00,0,1,0.5755833552077881
2026-05-18 15:20:00+00:00,0,1,0.6044036587730389
2026-05-18 15:25:00+00:00,0,1,0.5642714335763653
2026-05-18 15:30:00+00:00,0,1,0.5747472383760154
2026-05-18 15:40:00+00:00,1,1,0.5660101228069939
2026-05-18 15:50:00+00:00,0,1,0.522360800638088
2026-05-18 15:55:00+00:00,1,1,0.5105828839532583
2026-05-18 16:00:00+00:00,1,1,0.5309369996000834
2026-05-18 16:05:00+00:00,1,1,0.5071213606921335
2026-05-18 16:10:00+00:00,1,1,0.5104380739991378
2026-05-18 16:15:00+00:00,1,1,0.5612428507917775
2026-05-18 16:20:00+00:00,1,0,0.46629047131093154
2026-05-18 16:25:00+00:00,1,1,0.5511815412494552
2026-05-18 16:30:00+00:00,1,0,0.496231643908192
2026-05-18 16:35:00+00:00,1,0,0.49889343333596975
2026-05-18 16:40:00+00:00,1,0,0.4964437912758289
2026-05-18 16:45:00+00:00,1,1,0.5104183859167613
2026-05-18 16:50:00+00:00,1,1,0.5064122142019899
2026-05-18 16:55:00+00:00,1,0,0.4866220588304282
2026-05-18 17:00:00+00:00,1,1,0.5142539471247349
2026-05-18 17:05:00+00:00,1,0,0.4986094361338966
2026-05-18 17:10:00+00:00,1,0,0.49291446860966526
2026-05-18 17:15:00+00:00,1,0,0.4746483074336539
2026-05-18 17:20:00+00:00,1,0,0.46113525407686184
2026-05-18 17:30:00+00:00,0,1,0.5032974108102581
2026-05-18 17:35:00+00:00,0,0,0.4930634925513613
2026-05-18 17:40:00+00:00,0,0,0.4976204392955633
2026-05-18 18:00:00+00:00,0,1,0.5188534399622645
2026-05-18 18:05:00+00:00,0,0,0.49327104934598287
2026-05-18 18:10:00+00:00,0,1,0.5011047996366512
2026-05-18 18:15:00+00:00,0,1,0.5320354115738529
2026-05-18 18:20:00+00:00,0,1,0.5121220965811237
2026-05-18 18:25:00+00:00,1,1,0.5215660906483833
2026-05-18 18:30:00+00:00,1,1,0.5401684820847072
2026-05-18 18:35:00+00:00,1,1,0.5363137392876733
2026-05-18 18:40:00+00:00,1,1,0.5359092138210741
2026-05-18 18:45:00+00:00,1,1,0.5220216753578132
2026-05-18 18:50:00+00:00,1,1,0.5532663318388445
2026-05-18 18:55:00+00:00,1,1,0.545574499202504
2026-05-18 19:00:00+00:00,1,1,0.5551213584662772
2026-05-18 19:05:00+00:00,1,1,0.5777029636786913
2026-05-18 19:10:00+00:00,1,1,0.6211989839667208
2026-05-18 19:15:00+00:00,1,1,0.6023338706798161
2026-05-18 19:20:00+00:00,1,1,0.5256944645795658
2026-05-18 19:45:00+00:00,1,1,0.5208394386087182
2026-05-18 19:50:00+00:00,0,1,0.5517244467451118
2026-05-18 19:55:00+00:00,0,1,0.552297094051502
2026-05-18 20:00:00+00:00,1,1,0.5621988287249183
2026-05-18 20:05:00+00:00,1,1,0.5662888875165084
2026-05-18 20:10:00+00:00,1,1,0.5840351283984883
2026-05-18 20:15:00+00:00,1,1,0.5738719525308053
2026-05-18 20:20:00+00:00,1,1,0.5651248931815365
2026-05-18 20:25:00+00:00,1,1,0.5665155405075587
2026-05-18 20:30:00+00:00,1,1,0.562292042711963
2026-05-18 20:35:00+00:00,1,1,0.5786098877575735
2026-05-18 20:40:00+00:00,1,1,0.58888660355773
2026-05-18 20:45:00+00:00,1,1,0.567682422177894
2026-05-18 20:50:00+00:00,1,1,0.570518593099039
2026-05-18 20:55:00+00:00,1,1,0.5646034030543308
2026-05-18 21:00:00+00:00,0,1,0.5467938078472017
2026-05-18 21:05:00+00:00,0,1,0.5517720643260773
2026-05-18 21:10:00+00:00,0,1,0.5520009218819555
2026-05-18 21:15:00+00:00,0,1,0.5479747632324776
2026-05-18 21:20:00+00:00,0,1,0.5645656111182243
2026-05-18 21:25:00+00:00,0,1,0.5375719790860469
2026-05-18 21:30:00+00:00,0,1,0.5111469100636217
2026-05-18 21:35:00+00:00,0,1,0.508607057711644
2026-05-18 21:40:00+00:00,0,1,0.5204472381146255
2026-05-18 21:45:00+00:00,0,1,0.5184096764946727
2026-05-18 21:50:00+00:00,0,1,0.5212556823735981
2026-05-18 21:55:00+00:00,0,1,0.5207230682889359
2026-05-18 22:00:00+00:00,0,1,0.6812587614505488
2026-05-18 22:05:00+00:00,0,1,0.6511245535929424
2026-05-18 22:10:00+00:00,0,1,0.6390518210233964
2026-05-18 22:15:00+00:00,0,1,0.6421579604487222
2026-05-18 22:20:00+00:00,0,1,0.5701908889519169
2026-05-18 22:25:00+00:00,0,1,0.6442074402979533
2026-05-18 22:30:00+00:00,0,1,0.626175915092076
2026-05-18 22:40:00+00:00,0,1,0.6402024385612196
2026-05-18 22:55:00+00:00,0,1,0.6282857469341595
2026-05-18 23:00:00+00:00,0,0,0.3690195965890603
2026-05-18 23:05:00+00:00,0,0,0.3407995959497893
2026-05-18 23:10:00+00:00,0,0,0.39515676175005476
2026-05-18 23:15:00+00:00,0,0,0.39498570047140036
2026-05-18 23:20:00+00:00,0,0,0.3443705316066676
2026-05-18 23:25:00+00:00,0,0,0.3586807208653541
2026-05-18 23:30:00+00:00,0,0,0.16437486154500283
2026-05-18 23:35:00+00:00,0,0,0.16231478201031713
2026-05-18 23:45:00+00:00,0,0,0.18370484178336988
2026-05-18 23:50:00+00:00,0,0,0.17592658357158572
2026-05-18 23:55:00+00:00,0,0,0.4099526079351444
2026-05-19 00:00:00+00:00,0,1,0.8407182126102569
2026-05-19 00:10:00+00:00,1,1,0.7479049708492158
2026-05-19 00:15:00+00:00,1,1,0.7686561681964026
2026-05-19 00:25:00+00:00,1,1,0.747352417318591
2026-05-19 00:30:00+00:00,1,1,0.7570576412347345
2026-05-19 00:35:00+00:00,1,1,0.7834584448954245
2026-05-19 00:40:00+00:00,1,1,0.7472487191475872
2026-05-19 00:45:00+00:00,1,1,0.6811190565692147
2026-05-19 00:50:00+00:00,1,1,0.7222780530541473
2026-05-19 00:55:00+00:00,1,1,0.7845034956124529
2026-05-19 01:00:00+00:00,1,0,0.4908326811848816
2026-05-19 01:05:00+00:00,1,0,0.4558858970691654
2026-05-19 01:10:00+00:00,1,0,0.4524892588009889
2026-05-19 01:15:00+00:00,1,0,0.4761197688224316
2026-05-19 01:20:00+00:00,1,0,0.4650080775377456
2026-05-19 01:30:00+00:00,1,0,0.4718568622330755
2026-05-19 01:35:00+00:00,1,0,0.413119379638078
2026-05-19 01:40:00+00:00,1,0,0.48731176968941614
2026-05-19 01:45:00+00:00,1,1,0.5387785028369907
2026-05-19 01:50:00+00:00,1,1,0.5542314625090733
2026-05-19 01:55:00+00:00,1,1,0.6039551926268389
2026-05-19 02:00:00+00:00,1,1,0.6215727569027374
2026-05-19 02:05:00+00:00,1,1,0.6201151740621837
2026-05-19 02:10:00+00:00,1,1,0.6191555788528219
2026-05-19 02:15:00+00:00,1,1,0.553833313224726
2026-05-19 02:20:00+00:00,1,1,0.5022832249584466
2026-05-19 02:25:00+00:00,1,0,0.4581174647108705
2026-05-19 02:30:00+00:00,1,1,0.5287356706312352
2026-05-19 02:35:00+00:00,1,1,0.504018623320308
2026-05-19 02:40:00+00:00,1,1,0.5091015095276112
2026-05-19 02:45:00+00:00,1,0,0.49982936547775286
2026-05-19 02:50:00+00:00,1,1,0.5247272513802985
2026-05-19 02:55:00+00:00,1,0,0.47374773873597265
2026-05-19 03:00:00+00:00,1,0,0.43190522208707277
2026-05-19 03:05:00+00:00,1,0,0.4623455800111033
2026-05-19 03:10:00+00:00,1,0,0.4208647266810018
2026-05-19 03:15:00+00:00,1,0,0.4925898385551669
2026-05-19 03:20:00+00:00,1,1,0.568210761052257
2026-05-19 03:25:00+00:00,1,1,0.5276611139288696
2026-05-19 03:35:00+00:00,0,0,0.4651487474945239
2026-05-19 03:40:00+00:00,0,1,0.5197128500885155
2026-05-19 03:45:00+00:00,0,1,0.5178891079617185
2026-05-19 03:50:00+00:00,0,1,0.5042279871995649
2026-05-19 03:55:00+00:00,0,0,0.48878345139252555
2026-05-19 04:05:00+00:00,1,0,0.49448171971428245
2026-05-19 04:10:00+00:00,1,0,0.49509191139093484
2026-05-19 04:15:00+00:00,0,1,0.5025071285440688
2026-05-19 04:20:00+00:00,0,0,0.4350823655358085
2026-05-19 04:30:00+00:00,0,1,0.5029196943872595
2026-05-19 04:35:00+00:00,1,1,0.5173191915616179
2026-05-19 04:40:00+00:00,1,1,0.6324222543073106
2026-05-19 04:45:00+00:00,1,1,0.5062928911161879
2026-05-19 04:50:00+00:00,1,1,0.5013227235255915
2026-05-19 04:55:00+00:00,0,0,0.4935397660880623
2026-05-19 05:05:00+00:00,0,0,0.49867177263281887
2026-05-19 05:10:00+00:00,0,1,0.5164423439424873
2026-05-19 05:15:00+00:00,0,1,0.52088961330329
2026-05-19 05:20:00+00:00,0,1,0.5077547894031467
2026-05-19 05:25:00+00:00,0,1,0.5134667780902004
2026-05-19 05:35:00+00:00,0,1,0.5210218403543739
2026-05-19 05:40:00+00:00,0,1,0.5226521708538792
2026-05-19 05:50:00+00:00,0,1,0.5221623605620916
2026-05-19 06:00:00+00:00,0,1,0.516366775755641
2026-05-19 06:05:00+00:00,0,1,0.5495954190294179
2026-05-19 06:10:00+00:00,0,1,0.5398595504806553
2026-05-19 06:15:00+00:00,0,1,0.5877916811556491
2026-05-19 06:40:00+00:00,1,1,0.5835249708692407
2026-05-19 06:45:00+00:00,1,1,0.5844813153742561
2026-05-19 06:50:00+00:00,1,1,0.5829254135653681
2026-05-19 06:55:00+00:00,1,1,0.5724963947238877
2026-05-19 07:00:00+00:00,1,1,0.6173474560394316
2026-05-19 07:05:00+00:00,1,1,0.6009558072969666
2026-05-19 07:10:00+00:00,1,1,0.537579324343527
2026-05-19 07:15:00+00:00,1,0,0.4922083279654809
2026-05-19 07:20:00+00:00,1,0,0.4716398266837892
2026-05-19 07:25:00+00:00,1,0,0.485910622673621
2026-05-19 07:30:00+00:00,1,0,0.43955993435701685
2026-05-19 07:35:00+00:00,1,0,0.4694550187211426
2026-05-19 07:40:00+00:00,1,0,0.3643735999272273
2026-05-19 07:45:00+00:00,1,0,0.37561031792766814
2026-05-19 07:50:00+00:00,1,0,0.34587545964336586
2026-05-19 07:55:00+00:00,1,0,0.43127902584556804
2026-05-19 08:00:00+00:00,1,0,0.45880590818882583
2026-05-19 08:05:00+00:00,1,1,0.5719079939644943
2026-05-19 08:10:00+00:00,1,1,0.5597349479690239
2026-05-19 08:15:00+00:00,1,1,0.5248406901757929
2026-05-19 08:20:00+00:00,1,1,0.5310851294125354
2026-05-19 08:25:00+00:00,1,1,0.5222692626450526
2026-05-19 08:30:00+00:00,1,1,0.521268131661438
2026-05-19 08:35:00+00:00,1,1,0.5577368858869408
2026-05-19 08:40:00+00:00,1,1,0.5459335899193478
2026-05-19 08:45:00+00:00,1,1,0.5591381687501104
2026-05-19 08:50:00+00:00,1,1,0.5173004283245548
2026-05-19 08:55:00+00:00,1,1,0.5510583250064379
2026-05-19 09:00:00+00:00,1,1,0.5053042790246439
2026-05-19 09:05:00+00:00,1,0,0.48800961334938464
2026-05-19 09:10:00+00:00,1,1,0.5209745122742193
2026-05-19 09:15:00+00:00,1,1,0.5235510359952329
2026-05-19 09:20:00+00:00,1,1,0.5122199590324173
2026-05-19 09:25:00+00:00,1,1,0.5040801655084479
2026-05-19 09:30:00+00:00,1,0,0.4857982190704337
2026-05-19 09:35:00+00:00,1,1,0.5194886413469317
2026-05-19 09:40:00+00:00,1,1,0.5236040439173311
2026-05-19 09:45:00+00:00,0,0,0.4724967847968624
2026-05-19 09:55:00+00:00,0,0,0.3845684690230163
2026-05-19 10:00:00+00:00,0,0,0.4187361220325508
2026-05-19 10:05:00+00:00,0,0,0.37794030627595687
2026-05-19 10:10:00+00:00,0,0,0.4090979643566974
2026-05-19 10:15:00+00:00,0,0,0.37085957413689663
2026-05-19 10:20:00+00:00,0,0,0.37224408312237306
2026-05-19 10:25:00+00:00,0,0,0.41786373964261236
2026-05-19 10:30:00+00:00,0,0,0.4671310707739219
2026-05-19 10:35:00+00:00,1,1,0.517560146650848
2026-05-19 10:45:00+00:00,1,1,0.5424527406527447
2026-05-19 10:50:00+00:00,1,1,0.5532109110840352
2026-05-19 10:55:00+00:00,1,1,0.5327252037170386
2026-05-19 11:00:00+00:00,1,1,0.5544000763353318
2026-05-19 11:05:00+00:00,1,0,0.4833575257444812
2026-05-19 11:10:00+00:00,1,0,0.4928884374439663
2026-05-19 11:15:00+00:00,1,0,0.46588957981558
2026-05-19 11:20:00+00:00,1,0,0.48377050191134274
2026-05-19 11:25:00+00:00,1,0,0.4974393075972169
2026-05-19 11:30:00+00:00,1,1,0.538222677791761
2026-05-19 11:35:00+00:00,1,1,0.5015148272311698
2026-05-19 11:40:00+00:00,1,1,0.5018704123696629
2026-05-19 11:45:00+00:00,1,1,0.5095993767985992
2026-05-19 11:55:00+00:00,0,0,0.4711955432549655
2026-05-19 12:00:00+00:00,0,1,0.5255492225665656
2026-05-19 12:05:00+00:00,0,1,0.529877233111091
2026-05-19 12:10:00+00:00,0,0,0.4925148429162729
2026-05-19 12:15:00+00:00,0,0,0.4999405864116915
2026-05-19 12:20:00+00:00,0,0,0.49975078562417957
2026-05-19 12:25:00+00:00,0,0,0.4992262679582705
2026-05-19 12:30:00+00:00,0,0,0.4968695569493787
2026-05-19 12:40:00+00:00,1,0,0.4881339865285477
2026-05-19 12:50:00+00:00,1,1,0.5072520794069884
2026-05-19 13:00:00+00:00,1,1,0.5417188038121085
2026-05-19 13:05:00+00:00,1,1,0.5534078301141886
2026-05-19 13:10:00+00:00,1,1,0.5885986290153823
2026-05-19 13:15:00+00:00,1,1,0.5581343336468383
2026-05-19 13:20:00+00:00,1,1,0.5896276114387649
2026-05-19 13:25:00+00:00,1,1,0.5894182803403327
2026-05-19 13:30:00+00:00,1,1,0.5430181950784114
2026-05-19 13:40:00+00:00,0,0,0.44391949098713895
2026-05-19 13:45:00+00:00,0,0,0.4896432441378019
2026-05-19 13:50:00+00:00,0,0,0.47672790653126834
2026-05-19 13:55:00+00:00,1,1,0.5231442368031111
2026-05-19 14:05:00+00:00,0,1,0.5165184638640022
2026-05-19 14:10:00+00:00,0,1,0.5062096923584055
2026-05-19 14:40:00+00:00,0,1,0.5467318369066162
2026-05-19 14:45:00+00:00,0,1,0.5690287801574131
2026-05-19 14:50:00+00:00,0,1,0.5699831031705225
2026-05-19 14:55:00+00:00,0,1,0.5277759009063502
2026-05-19 15:00:00+00:00,0,1,0.5560937395611465
2026-05-19 15:05:00+00:00,1,1,0.5581476041709559
2026-05-19 15:10:00+00:00,1,1,0.5768361598248826
2026-05-19 15:15:00+00:00,1,1,0.5801219511735625
2026-05-19 15:20:00+00:00,1,1,0.5588885421273989
2026-05-19 15:25:00+00:00,1,1,0.5696206328639738
2026-05-19 15:30:00+00:00,1,1,0.5599358548295463
2026-05-19 15:40:00+00:00,1,1,0.613711549629497
2026-05-19 15:45:00+00:00,1,1,0.5572539554813104
2026-05-19 16:00:00+00:00,0,1,0.5449584127179021
2026-05-19 16:15:00+00:00,0,1,0.5199322661298792
2026-05-19 16:20:00+00:00,1,1,0.5410255265663678
2026-05-19 16:35:00+00:00,1,1,0.5617212089697506
2026-05-19 16:40:00+00:00,1,1,0.5394595138218669
2026-05-19 16:45:00+00:00,1,1,0.5135576287286618
2026-05-19 16:50:00+00:00,1,1,0.5424559704822811
2026-05-19 17:05:00+00:00,0,1,0.5028531729552835
2026-05-19 17:10:00+00:00,0,0,0.4773810180882389
2026-05-19 17:15:00+00:00,0,0,0.47547613731867694
2026-05-19 17:20:00+00:00,0,0,0.44974623999095426
2026-05-19 17:25:00+00:00,0,0,0.43479535002677444
2026-05-19 17:40:00+00:00,0,1,0.5091394725745861
2026-05-19 17:45:00+00:00,0,1,0.5024130514984226
2026-05-19 17:55:00+00:00,1,1,0.5731905131396414
2026-05-19 18:00:00+00:00,1,1,0.5650856360971189
2026-05-19 18:10:00+00:00,0,1,0.5682476988313327
2026-05-19 18:15:00+00:00,0,1,0.562992405994604
2026-05-19 18:20:00+00:00,0,1,0.5129972710310085
2026-05-19 18:25:00+00:00,0,0,0.4864442950442057
2026-05-19 18:30:00+00:00,0,0,0.48204625594818923
2026-05-19 18:35:00+00:00,0,1,0.5239447880390028
2026-05-19 18:40:00+00:00,0,1,0.5382291563466834
2026-05-19 18:45:00+00:00,0,1,0.5577905281652978
2026-05-19 18:50:00+00:00,0,1,0.5629042973486739
2026-05-19 18:55:00+00:00,0,1,0.558832108964534
2026-05-19 19:00:00+00:00,0,1,0.5631078504141178
2026-05-19 19:05:00+00:00,0,1,0.6165486620410082
2026-05-19 19:10:00+00:00,0,1,0.6746583355735469
2026-05-19 19:15:00+00:00,0,1,0.6466313698716569
2026-05-19 19:20:00+00:00,0,1,0.6312539181414827
2026-05-19 19:25:00+00:00,0,1,0.6396303972514918
2026-05-19 19:35:00+00:00,1,1,0.6206520771827927
2026-05-19 19:45:00+00:00,0,1,0.6505342139687764
2026-05-19 19:55:00+00:00,1,1,0.6512436583593455
2026-05-19 20:00:00+00:00,1,1,0.6823045499438608
2026-05-19 20:05:00+00:00,1,1,0.7214089339726474
2026-05-19 20:10:00+00:00,1,1,0.7182925105739792
2026-05-19 20:15:00+00:00,1,1,0.6858415221455252
2026-05-19 20:20:00+00:00,1,1,0.6948177493562682
2026-05-19 20:25:00+00:00,1,1,0.6733890576808503
2026-05-19 20:30:00+00:00,1,1,0.689885060769942
2026-05-19 20:35:00+00:00,1,1,0.6942846151219203
2026-05-19 20:40:00+00:00,1,1,0.6420971346814058
2026-05-19 20:45:00+00:00,1,1,0.6396967947860226
2026-05-19 20:50:00+00:00,1,1,0.6517424421985579
2026-05-19 20:55:00+00:00,1,1,0.6782731455599686
2026-05-19 21:00:00+00:00,1,1,0.6498349440684489
2026-05-19 21:05:00+00:00,1,1,0.6316625035123499
2026-05-19 21:10:00+00:00,1,1,0.5741068868220104
2026-05-19 21:15:00+00:00,1,1,0.5886936750740319
2026-05-19 21:20:00+00:00,1,1,0.5293596048466328
2026-05-19 21:25:00+00:00,1,1,0.5157154931426814
2026-05-19 21:30:00+00:00,1,1,0.5146203877328808
2026-05-19 21:40:00+00:00,1,1,0.5812601878972065
2026-05-19 21:45:00+00:00,0,1,0.5854199607418343
2026-05-19 21:50:00+00:00,0,1,0.5752771442893866
2026-05-19 22:00:00+00:00,1,1,0.5147708210738429
2026-05-19 22:05:00+00:00,1,1,0.5410150117555593
2026-05-19 22:10:00+00:00,1,1,0.528589214183901
2026-05-19 22:15:00+00:00,1,1,0.5181953744079624
2026-05-19 22:20:00+00:00,1,1,0.5201996814214399
2026-05-19 22:25:00+00:00,1,1,0.5088521809509309
2026-05-19 22:30:00+00:00,1,0,0.48810129198020935
2026-05-19 22:35:00+00:00,1,0,0.4903128745661088
2026-05-19 22:40:00+00:00,1,1,0.5276127207686224
2026-05-19 22:45:00+00:00,1,1,0.5034922561041644
2026-05-19 22:50:00+00:00,1,1,0.5036676641705446
2026-05-19 23:00:00+00:00,0,0,0.11524614886928303
2026-05-19 23:05:00+00:00,0,0,0.09510700680421753
2026-05-19 23:10:00+00:00,0,0,0.07351880300733182
2026-05-19 23:15:00+00:00,0,0,0.07334213565627681
2026-05-19 23:20:00+00:00,0,0,0.07358857564138682
2026-05-19 23:25:00+00:00,0,0,0.07586141762122617
2026-05-19 23:30:00+00:00,0,0,0.0762454881434979
2026-05-19 23:35:00+00:00,0,0,0.06424735552762036
2026-05-19 23:40:00+00:00,0,0,0.07239742196788548
2026-05-19 23:45:00+00:00,0,0,0.07183891601046745
2026-05-19 23:50:00+00:00,0,0,0.07371051851862545
2026-05-20 00:00:00+00:00,1,1,0.7698135761413798
2026-05-20 00:05:00+00:00,1,1,0.7590943056399803
2026-05-20 00:10:00+00:00,1,1,0.7995645795344088
2026-05-20 00:15:00+00:00,1,1,0.81189430933944
2026-05-20 00:20:00+00:00,1,1,0.71898711262114
2026-05-20 00:25:00+00:00,1,1,0.664886289946909
2026-05-20 00:30:00+00:00,1,1,0.5867529806030175
2026-05-20 00:35:00+00:00,1,1,0.6315402521312732
2026-05-20 00:40:00+00:00,1,1,0.6516416494966399
2026-05-20 00:45:00+00:00,1,1,0.6775434017189327
2026-05-20 00:50:00+00:00,1,1,0.6507002233941737
2026-05-20 00:55:00+00:00,1,1,0.6644676365296491
2026-05-20 01:00:00+00:00,0,1,0.6479462367753305
2026-05-20 01:05:00+00:00,0,1,0.5652308125309942
2026-05-20 01:10:00+00:00,0,1,0.5869669639647289
2026-05-20 01:15:00+00:00,0,1,0.5914593223584141
2026-05-20 01:20:00+00:00,0,1,0.5649002388017836
2026-05-20 01:25:00+00:00,0,1,0.5665515812707129
2026-05-20 01:30:00+00:00,0,1,0.556114479479102
2026-05-20 01:35:00+00:00,0,1,0.583606512797889
2026-05-20 01:40:00+00:00,0,1,0.5895172944641572
2026-05-20 01:45:00+00:00,0,1,0.5792009375808997
2026-05-20 01:50:00+00:00,0,1,0.5981888427350517
2026-05-20 01:55:00+00:00,0,1,0.6131795120771547
2026-05-20 02:00:00+00:00,1,1,0.6278326153734766
2026-05-20 02:05:00+00:00,1,1,0.6218177881760716
2026-05-20 02:10:00+00:00,1,1,0.6138799782880474
2026-05-20 02:15:00+00:00,1,1,0.6358015946812783
2026-05-20 02:20:00+00:00,1,1,0.5856493903216483
2026-05-20 02:25:00+00:00,1,1,0.587557428658258
2026-05-20 02:30:00+00:00,1,1,0.6441238351845257
2026-05-20 02:35:00+00:00,1,1,0.6181977435595966
2026-05-20 02:40:00+00:00,1,1,0.6783266456889699
2026-05-20 02:45:00+00:00,1,1,0.6178486502508698
2026-05-20 02:50:00+00:00,0,1,0.5726388311943708
2026-05-20 02:55:00+00:00,0,0,0.49224009093613263
2026-05-20 03:00:00+00:00,0,1,0.6867471510927692
2026-05-20 03:05:00+00:00,0,1,0.6314016007504379
2026-05-20 03:10:00+00:00,0,1,0.6370847599820999
2026-05-20 03:15:00+00:00,0,1,0.6686211126477394
2026-05-20 03:20:00+00:00,0,1,0.6741267426962365
2026-05-20 03:25:00+00:00,1,1,0.6690690099244374
2026-05-20 03:30:00+00:00,1,1,0.6677320205781425
2026-05-20 03:35:00+00:00,1,1,0.6416978962251058
2026-05-20 03:40:00+00:00,0,1,0.6405419170835368
2026-05-20 03:50:00+00:00,1,1,0.5797318569123968
2026-05-20 03:55:00+00:00,1,1,0.5608085190309666
2026-05-20 04:00:00+00:00,1,1,0.5864441433312978
2026-05-20 04:10:00+00:00,0,1,0.5177428322151876
2026-05-20 04:15:00+00:00,0,1,0.5321548919251448
2026-05-20 04:20:00+00:00,0,1,0.5755763592536806
2026-05-20 04:25:00+00:00,0,1,0.5077733632899953
2026-05-20 04:30:00+00:00,0,0,0.48447573874473276
2026-05-20 04:35:00+00:00,0,1,0.5288239291316998
2026-05-20 04:40:00+00:00,0,1,0.5457245967314001
2026-05-20 04:45:00+00:00,0,1,0.6143559781067924
2026-05-20 04:50:00+00:00,0,0,0.4882304569156732
2026-05-20 04:55:00+00:00,0,1,0.5417735068847768
2026-05-20 05:00:00+00:00,0,1,0.5407349014938186
2026-05-20 05:05:00+00:00,0,1,0.5622839348167081
2026-05-20 05:10:00+00:00,0,1,0.5624826138914519
2026-05-20 05:15:00+00:00,0,1,0.6684722583452217
2026-05-20 05:20:00+00:00,0,1,0.5040699580018053
2026-05-20 05:25:00+00:00,0,1,0.5448497861366067
2026-05-20 05:30:00+00:00,0,1,0.5320278086512698
2026-05-20 05:35:00+00:00,0,1,0.5517428801058972
2026-05-20 05:40:00+00:00,0,1,0.5382369762596058
2026-05-20 05:45:00+00:00,0,1,0.5580411940278995
2026-05-20 05:50:00+00:00,0,1,0.5246235859620387
2026-05-20 05:55:00+00:00,0,1,0.5760954795891547
2026-05-20 06:00:00+00:00,0,1,0.5650458969866212
2026-05-20 06:05:00+00:00,0,1,0.5416964540254352
2026-05-20 06:10:00+00:00,0,1,0.5657574009210657
2026-05-20 06:15:00+00:00,0,1,0.6114828560575554
2026-05-20 06:20:00+00:00,0,1,0.6405808505092637
2026-05-20 06:30:00+00:00,1,1,0.5468368512018464
2026-05-20 06:35:00+00:00,1,1,0.5588088948145006
2026-05-20 06:40:00+00:00,1,1,0.5485401672166065
2026-05-20 06:45:00+00:00,1,1,0.5525336514855707
2026-05-20 06:50:00+00:00,1,1,0.6207012978573249
2026-05-20 06:55:00+00:00,1,1,0.5484149698450241
2026-05-20 07:00:00+00:00,1,1,0.5826927985622561
2026-05-20 07:05:00+00:00,1,1,0.6270318677882928
2026-05-20 07:10:00+00:00,1,1,0.6865558860821508
2026-05-20 07:15:00+00:00,1,1,0.692656988723375
2026-05-20 07:20:00+00:00,1,1,0.650607053619753
2026-05-20 07:25:00+00:00,1,1,0.6706472525458878
2026-05-20 07:35:00+00:00,0,1,0.5819346823061821
2026-05-20 07:40:00+00:00,0,0,0.41302116013886314
2026-05-20 07:45:00+00:00,0,0,0.4959315861948503
2026-05-20 08:00:00+00:00,1,0,0.45536327511094465
2026-05-20 08:15:00+00:00,0,1,0.5684394314644002
2026-05-20 08:20:00+00:00,0,1,0.5182145853709459
2026-05-20 08:25:00+00:00,0,1,0.5262216902778383
2026-05-20 08:35:00+00:00,1,1,0.5108385581116043
2026-05-20 08:40:00+00:00,1,1,0.5018849262307141
2026-05-20 08:45:00+00:00,1,1,0.554605744146506
2026-05-20 08:50:00+00:00,1,1,0.5487742133873439
2026-05-20 09:00:00+00:00,0,0,0.48952035980963915
2026-05-20 09:05:00+00:00,0,1,0.522759549572962
2026-05-20 09:15:00+00:00,1,1,0.5451242497081126
2026-05-20 09:20:00+00:00,1,1,0.6165695382690956
2026-05-20 09:25:00+00:00,1,1,0.6753311565266483
2026-05-20 09:30:00+00:00,1,1,0.546062771014402
2026-05-20 09:35:00+00:00,1,1,0.5128807943841603
2026-05-20 09:40:00+00:00,1,1,0.5108767318450828
2026-05-20 09:45:00+00:00,1,1,0.532583992420479
2026-05-20 09:50:00+00:00,1,1,0.5172328874394095
2026-05-20 09:55:00+00:00,1,1,0.5149445090729957
2026-05-20 10:00:00+00:00,1,1,0.5368979205432728
2026-05-20 10:05:00+00:00,1,1,0.5353005426444761
2026-05-20 10:10:00+00:00,1,1,0.5461765780535777
2026-05-20 10:15:00+00:00,1,1,0.5261662224376478
2026-05-20 10:20:00+00:00,1,1,0.5859605797531011
2026-05-20 10:25:00+00:00,1,1,0.5840575905905474
2026-05-20 10:30:00+00:00,1,1,0.5494182583071092
2026-05-20 10:35:00+00:00,1,1,0.5082874981143229
2026-05-20 10:45:00+00:00,1,0,0.4887449814966471
2026-05-20 10:50:00+00:00,1,1,0.5062339777751511
2026-05-20 10:55:00+00:00,0,1,0.5175868483449187
2026-05-20 11:00:00+00:00,0,1,0.543129278074155
2026-05-20 11:05:00+00:00,0,1,0.5228103252845544
2026-05-20 11:10:00+00:00,0,1,0.5251224309674427
2026-05-20 11:15:00+00:00,0,1,0.5115387830676017
2026-05-20 11:20:00+00:00,0,1,0.5148515253455087
2026-05-20 11:30:00+00:00,0,1,0.5173917041317866
2026-05-20 11:40:00+00:00,1,1,0.5292959881937841
2026-05-20 11:55:00+00:00,1,1,0.5228544460592619
2026-05-20 12:00:00+00:00,1,1,0.5296956290100496
2026-05-20 12:05:00+00:00,1,1,0.5014212672613507
2026-05-20 12:10:00+00:00,1,1,0.5099182515345095
2026-05-20 12:15:00+00:00,1,1,0.5154334868869115
2026-05-20 12:25:00+00:00,0,0,0.437028207375993
2026-05-20 12:35:00+00:00,0,0,0.4746084280818809
2026-05-20 12:40:00+00:00,0,0,0.49350297441680174
2026-05-20 12:45:00+00:00,0,0,0.48404852253121905
2026-05-20 12:50:00+00:00,0,0,0.4945027390617598
2026-05-20 12:55:00+00:00,0,1,0.5016834532036342
2026-05-20 13:00:00+00:00,0,0,0.49923077281137607
2026-05-20 13:10:00+00:00,0,1,0.5398762959615399
2026-05-20 13:15:00+00:00,0,1,0.5578616674453303
2026-05-20 13:20:00+00:00,0,1,0.5936776678381565
2026-05-20 13:25:00+00:00,0,1,0.5904702631448333
2026-05-20 13:30:00+00:00,0,1,0.6016313791306279
2026-05-20 13:45:00+00:00,1,1,0.6055480148189497
2026-05-20 13:50:00+00:00,1,1,0.6619801984339959
2026-05-20 13:55:00+00:00,1,1,0.6529135865784129
2026-05-20 14:05:00+00:00,0,0,0.4978258589700437
2026-05-20 14:10:00+00:00,0,1,0.5823441725348443
2026-05-20 14:30:00+00:00,0,1,0.6688933510547417
2026-05-20 14:35:00+00:00,1,1,0.6899056342362981
2026-05-20 14:50:00+00:00,0,1,0.555072685523748
2026-05-20 14:55:00+00:00,0,1,0.6070011792200035
2026-05-20 15:00:00+00:00,0,1,0.5819234022367945
2026-05-20 15:10:00+00:00,1,1,0.6275072361693032
2026-05-20 15:15:00+00:00,1,1,0.6390098709342379
2026-05-20 15:20:00+00:00,1,1,0.6416246192608656
2026-05-20 15:25:00+00:00,1,1,0.641468792650748
2026-05-20 15:30:00+00:00,1,1,0.6859815355018278
2026-05-20 15:35:00+00:00,1,1,0.6604447401265395
2026-05-20 15:40:00+00:00,1,1,0.6474522694170574
2026-05-20 15:45:00+00:00,1,1,0.6795951134192003
2026-05-20 15:50:00+00:00,1,1,0.6660469017181905
2026-05-20 15:55:00+00:00,1,1,0.6705280183668086
2026-05-20 16:00:00+00:00,1,1,0.678655696100797
2026-05-20 16:05:00+00:00,1,1,0.6556487258253393
2026-05-20 16:10:00+00:00,1,1,0.6634479225129593
2026-05-20 16:15:00+00:00,0,1,0.655950163141907
2026-05-20 16:20:00+00:00,0,1,0.6191440674763127
2026-05-20 16:25:00+00:00,0,1,0.6045125772132365
2026-05-20 16:30:00+00:00,0,1,0.7031005743359596
2026-05-20 16:35:00+00:00,0,1,0.5152869982142927
2026-05-20 16:40:00+00:00,0,1,0.5992988442976848
2026-05-20 16:45:00+00:00,0,1,0.5603903024145085
2026-05-20 16:50:00+00:00,0,1,0.59093227727197
2026-05-20 16:55:00+00:00,0,0,0.4921814466377094
2026-05-20 17:00:00+00:00,0,0,0.48432989823446043
2026-05-20 17:05:00+00:00,0,0,0.38137418760997704
2026-05-20 17:10:00+00:00,0,0,0.43768302394173597
2026-05-20 17:15:00+00:00,0,1,0.5842109375509681
2026-05-20 17:20:00+00:00,0,1,0.5615067268231285
2026-05-20 17:25:00+00:00,0,1,0.6033812763597537
2026-05-20 17:30:00+00:00,0,1,0.5982446535878072
2026-05-20 17:35:00+00:00,0,1,0.5606933274804334
2026-05-20 17:40:00+00:00,0,1,0.6169698843393236
2026-05-20 17:45:00+00:00,0,1,0.6043368808522637
2026-05-20 17:50:00+00:00,0,1,0.5847931553820911
2026-05-20 17:55:00+00:00,0,1,0.564170365974908
2026-05-20 18:00:00+00:00,0,1,0.610418883354148
2026-05-20 18:05:00+00:00,0,1,0.6277944863015977
2026-05-20 18:10:00+00:00,0,1,0.6126779712078653
2026-05-20 18:15:00+00:00,1,1,0.5804444106695976
2026-05-20 18:20:00+00:00,1,1,0.5756200725542546
2026-05-20 18:25:00+00:00,1,1,0.6156834452001831
2026-05-20 18:30:00+00:00,1,1,0.629997214352408
2026-05-20 18:35:00+00:00,1,1,0.6300658960148081
2026-05-20 18:40:00+00:00,1,1,0.608610576360781
2026-05-20 18:45:00+00:00,1,1,0.6373500206368382
2026-05-20 19:00:00+00:00,1,1,0.6325918867408736
2026-05-20 19:05:00+00:00,1,1,0.6279994744361886
2026-05-20 19:10:00+00:00,1,1,0.6008318871421467
2026-05-20 19:15:00+00:00,1,1,0.6753982805574908
2026-05-20 19:25:00+00:00,0,1,0.5760728406541888
2026-05-20 19:30:00+00:00,1,1,0.5802644583071477
2026-05-20 19:40:00+00:00,1,1,0.5792605379225955
2026-05-20 19:45:00+00:00,1,1,0.5879782226872525
2026-05-20 19:50:00+00:00,1,1,0.5470695819803827
2026-05-20 19:55:00+00:00,1,1,0.5432433408899846
2026-05-20 20:00:00+00:00,1,1,0.5678272888153353
2026-05-20 20:05:00+00:00,1,1,0.5452242184134776
2026-05-20 20:10:00+00:00,1,1,0.5522755934714116
2026-05-20 20:30:00+00:00,0,1,0.5536823471565477
2026-05-20 20:35:00+00:00,0,1,0.533692943327531
2026-05-20 20:40:00+00:00,0,1,0.5751345948935932
2026-05-20 20:45:00+00:00,0,1,0.5590478947076551
2026-05-20 20:50:00+00:00,0,1,0.5687717442423368
2026-05-20 20:55:00+00:00,0,1,0.5469482395371819
2026-05-20 21:00:00+00:00,0,1,0.5294332229851564
2026-05-20 21:05:00+00:00,0,1,0.5545690069903395
2026-05-20 21:10:00+00:00,0,1,0.5418853010370435
2026-05-20 21:20:00+00:00,0,1,0.5979295777325873
2026-05-20 21:25:00+00:00,0,1,0.6659421544443357
2026-05-20 21:40:00+00:00,0,1,0.6058891544742799
2026-05-20 21:45:00+00:00,1,1,0.6565048860576579
2026-05-20 21:50:00+00:00,1,1,0.6596112804428816
2026-05-20 22:00:00+00:00,1,1,0.6110548897239078
2026-05-20 22:05:00+00:00,1,1,0.6758745530664139
2026-05-20 22:10:00+00:00,1,1,0.6952019943668586
2026-05-20 22:15:00+00:00,1,1,0.6491225006119808
2026-05-20 22:20:00+00:00,1,1,0.6515152052992853
2026-05-20 22:25:00+00:00,1,1,0.6922354157217337
2026-05-20 22:30:00+00:00,1,1,0.6484136576773488
2026-05-20 22:35:00+00:00,1,1,0.6769769118206906
2026-05-20 22:40:00+00:00,1,1,0.6371042732650302
2026-05-20 22:45:00+00:00,1,1,0.6216673418265564
2026-05-20 22:50:00+00:00,1,1,0.614100594836351
2026-05-20 22:55:00+00:00,1,1,0.6258446439724511
2026-05-20 23:00:00+00:00,0,0,0.10359978952929022
2026-05-20 23:05:00+00:00,0,0,0.09991454276536696
2026-05-20 23:10:00+00:00,0,0,0.09205829990379788
2026-05-20 23:15:00+00:00,0,0,0.09548570766144374
2026-05-20 23:20:00+00:00,0,0,0.07752310576608713
2026-05-20 23:25:00+00:00,0,0,0.07920196243973289
2026-05-20 23:30:00+00:00,0,0,0.06332181091675956
2026-05-20 23:35:00+00:00,0,0,0.06459573344077618
2026-05-20 23:40:00+00:00,0,0,0.05853958283672872
2026-05-20 23:45:00+00:00,0,0,0.05194773952204015
2026-05-20 23:50:00+00:00,0,0,0.05798226023447527
2026-05-20 23:55:00+00:00,0,0,0.061906463344670475
2026-05-21 00:15:00+00:00,1,1,0.7328407083488725
2026-05-21 00:20:00+00:00,1,1,0.647459163520168
2026-05-21 00:25:00+00:00,1,1,0.7761154658134571
2026-05-21 00:30:00+00:00,1,1,0.7745936536887276
2026-05-21 00:35:00+00:00,1,1,0.7588793692893592
2026-05-21 00:50:00+00:00,1,1,0.5676947169312304
2026-05-21 00:55:00+00:00,1,1,0.6198146854264975
2026-05-21 01:00:00+00:00,0,1,0.5644114702413187
2026-05-21 01:05:00+00:00,0,1,0.5670351667071029
2026-05-21 01:10:00+00:00,1,1,0.5937266477978442
2026-05-21 01:15:00+00:00,1,1,0.5406954822767601
2026-05-21 01:20:00+00:00,1,1,0.60120202336055
2026-05-21 01:25:00+00:00,1,1,0.5941869596564593
2026-05-21 01:30:00+00:00,1,1,0.6134540981395771
2026-05-21 01:35:00+00:00,1,1,0.6053717309874795
2026-05-21 01:40:00+00:00,1,1,0.6740120845267802
2026-05-21 01:45:00+00:00,1,1,0.6592924465505906
2026-05-21 01:50:00+00:00,1,1,0.5478004790973422
2026-05-21 01:55:00+00:00,1,1,0.5219519587645861
2026-05-21 02:00:00+00:00,1,0,0.4793474157166786
2026-05-21 02:05:00+00:00,1,1,0.5554653470473139
2026-05-21 02:10:00+00:00,1,1,0.5270201605425338
2026-05-21 02:15:00+00:00,1,0,0.4791841795860816
2026-05-21 02:30:00+00:00,0,0,0.39677742857648246
2026-05-21 02:35:00+00:00,0,0,0.46202147804470517
2026-05-21 02:40:00+00:00,0,0,0.3858633995234057
2026-05-21 02:55:00+00:00,0,1,0.5230628970122289
2026-05-21 03:00:00+00:00,0,1,0.662093872455464
2026-05-21 03:05:00+00:00,0,1,0.6330338577247232
2026-05-21 03:10:00+00:00,0,1,0.6210215746160301
2026-05-21 03:15:00+00:00,0,1,0.6632070736400333
2026-05-21 03:20:00+00:00,0,1,0.6679037010312248
2026-05-21 03:25:00+00:00,0,1,0.6577615327439402
2026-05-21 03:30:00+00:00,0,1,0.6511483962592044
2026-05-21 03:35:00+00:00,0,1,0.6596058243259175
2026-05-21 03:40:00+00:00,0,1,0.6740714428627914
2026-05-21 03:45:00+00:00,1,1,0.7017035208181328
2026-05-21 03:50:00+00:00,1,1,0.6701060330633263
2026-05-21 03:55:00+00:00,1,1,0.6956662154014033
2026-05-21 04:05:00+00:00,1,1,0.696699785679417
2026-05-21 04:10:00+00:00,1,1,0.7237941862395161
2026-05-21 04:15:00+00:00,1,1,0.7133369522409847
2026-05-21 04:20:00+00:00,1,1,0.724743720826459
2026-05-21 04:25:00+00:00,1,1,0.7117122681072505
2026-05-21 04:30:00+00:00,1,1,0.7186410149326622
2026-05-21 04:35:00+00:00,1,1,0.6720843653149516
2026-05-21 04:40:00+00:00,1,1,0.6532074866824619
2026-05-21 04:45:00+00:00,1,1,0.6065437707146248
2026-05-21 04:50:00+00:00,1,1,0.6090276631102943
2026-05-21 04:55:00+00:00,1,1,0.6270901531126689
2026-05-21 05:00:00+00:00,1,1,0.6623790481698941
2026-05-21 05:05:00+00:00,1,1,0.6356343656574422
2026-05-21 05:10:00+00:00,1,1,0.6113778269413233
2026-05-21 05:15:00+00:00,1,1,0.6061606751612468
2026-05-21 05:20:00+00:00,1,1,0.6066701370464266
2026-05-21 05:25:00+00:00,1,1,0.612698227834371
2026-05-21 05:30:00+00:00,1,1,0.6158425534750538
2026-05-21 05:35:00+00:00,1,1,0.6151044073461004
2026-05-21 05:40:00+00:00,1,1,0.6144029422167182
2026-05-21 05:45:00+00:00,1,1,0.5975785592450424
2026-05-21 05:50:00+00:00,1,1,0.543071972967439
2026-05-21 06:00:00+00:00,0,1,0.5170066606115845
2026-05-21 06:05:00+00:00,1,1,0.528313809042429
2026-05-21 06:15:00+00:00,1,1,0.6018645858119909
2026-05-21 06:20:00+00:00,1,1,0.5691000732151696
2026-05-21 06:25:00+00:00,1,1,0.6009825503054173
2026-05-21 06:30:00+00:00,1,1,0.6011059915228992
2026-05-21 06:35:00+00:00,1,1,0.5901244193872014
2026-05-21 06:40:00+00:00,1,1,0.6035926859808345
2026-05-21 06:45:00+00:00,1,1,0.6458267293574389
2026-05-21 06:50:00+00:00,1,1,0.5849785075408689
2026-05-21 06:55:00+00:00,1,1,0.5711151752823855
2026-05-21 07:00:00+00:00,1,1,0.5978456007416397
2026-05-21 07:05:00+00:00,1,1,0.5855447849249994
2026-05-21 07:10:00+00:00,1,1,0.5386717608095568
2026-05-21 07:15:00+00:00,1,1,0.6161302009279351
2026-05-21 07:20:00+00:00,1,1,0.5948848321624606
2026-05-21 07:25:00+00:00,1,1,0.5760656386280535
2026-05-21 07:30:00+00:00,1,1,0.5728645086638618
2026-05-21 07:35:00+00:00,1,1,0.5613500075298747
2026-05-21 07:40:00+00:00,1,0,0.4222984221603402
2026-05-21 07:45:00+00:00,1,0,0.43932080682419405
2026-05-21 07:55:00+00:00,1,0,0.4181642709646357
2026-05-21 08:00:00+00:00,1,0,0.4147992756885337
2026-05-21 08:05:00+00:00,1,0,0.4216091249831679
2026-05-21 08:10:00+00:00,1,0,0.43643002811818077
2026-05-21 08:15:00+00:00,1,0,0.3874998507699805
2026-05-21 08:25:00+00:00,1,0,0.3754172174397789
2026-05-21 08:30:00+00:00,1,0,0.37864436510332716
2026-05-21 08:35:00+00:00,1,1,0.5687427370470828
2026-05-21 08:40:00+00:00,1,1,0.5558622001938431
2026-05-21 08:45:00+00:00,1,1,0.584971805203297
2026-05-21 08:50:00+00:00,1,1,0.6141831764323469
2026-05-21 08:55:00+00:00,1,1,0.5851385863594619
2026-05-21 09:00:00+00:00,1,1,0.5936921633725156
2026-05-21 09:05:00+00:00,1,1,0.6322171581742414
2026-05-21 09:10:00+00:00,1,1,0.6003694491815201
2026-05-21 09:15:00+00:00,1,1,0.5758273777174899
2026-05-21 09:20:00+00:00,1,1,0.5651729679753298
2026-05-21 09:25:00+00:00,1,1,0.5446692271625091
2026-05-21 09:30:00+00:00,0,1,0.5392195091193325
2026-05-21 09:35:00+00:00,0,1,0.5208956336897529
2026-05-21 09:40:00+00:00,0,1,0.5376765352213113
2026-05-21 09:45:00+00:00,0,1,0.5772342347626023
2026-05-21 09:50:00+00:00,0,1,0.596403974170645
2026-05-21 09:55:00+00:00,0,1,0.5964687137594369
2026-05-21 10:00:00+00:00,0,1,0.5999734941945355
2026-05-21 10:05:00+00:00,0,1,0.6127685576468811
2026-05-21 10:10:00+00:00,0,1,0.6411604022018714
2026-05-21 10:15:00+00:00,0,1,0.6922805971308923
2026-05-21 10:20:00+00:00,0,1,0.6673549265042418
2026-05-21 10:25:00+00:00,0,1,0.6115092655013561
2026-05-21 10:30:00+00:00,0,1,0.7047927007635173
2026-05-21 10:35:00+00:00,0,1,0.6604946564376575
2026-05-21 10:40:00+00:00,0,1,0.6266033619863565
2026-05-21 10:45:00+00:00,0,1,0.6998433497409321
2026-05-21 10:50:00+00:00,0,1,0.6098901967804448
2026-05-21 10:55:00+00:00,0,1,0.6496360818193664
2026-05-21 11:05:00+00:00,0,1,0.6099660227673268
2026-05-21 11:10:00+00:00,1,1,0.638217091126449
2026-05-21 11:15:00+00:00,0,1,0.5776378636499562
2026-05-21 11:20:00+00:00,0,1,0.6035965998860418
2026-05-21 11:25:00+00:00,0,1,0.5973211703893883
2026-05-21 11:30:00+00:00,0,1,0.5688217750855801
2026-05-21 11:35:00+00:00,0,1,0.551467542932055
2026-05-21 11:40:00+00:00,0,1,0.5429893084689739
2026-05-21 11:45:00+00:00,0,1,0.5612829542928147
2026-05-21 11:50:00+00:00,1,1,0.5762505835371342
2026-05-21 12:15:00+00:00,1,1,0.50773709589219
2026-05-21 12:20:00+00:00,1,1,0.5346515998187717
2026-05-21 12:25:00+00:00,1,1,0.5441211055822277
2026-05-21 12:30:00+00:00,1,1,0.5169809997360759
2026-05-21 12:35:00+00:00,1,1,0.5282490027994582
2026-05-21 12:40:00+00:00,1,0,0.4907146046780938
2026-05-21 12:45:00+00:00,1,1,0.5225332143990643
2026-05-21 12:50:00+00:00,1,1,0.5121061880760237
2026-05-21 12:55:00+00:00,1,1,0.5293883841576883
2026-05-21 13:00:00+00:00,1,1,0.5076305600952253
2026-05-21 13:05:00+00:00,1,1,0.543379377240005
2026-05-21 13:10:00+00:00,1,1,0.5492914678259951
2026-05-21 13:15:00+00:00,1,1,0.5389424230362102
2026-05-21 13:20:00+00:00,1,1,0.5321634884210433
2026-05-21 13:30:00+00:00,1,0,0.4401061345806362
2026-05-21 13:35:00+00:00,1,0,0.44741208567970003
2026-05-21 13:50:00+00:00,1,0,0.4531698060193449
2026-05-21 13:55:00+00:00,1,0,0.4453015695574456
2026-05-21 14:00:00+00:00,1,0,0.45748715367170867
2026-05-21 14:05:00+00:00,1,0,0.462751766980672
2026-05-21 14:10:00+00:00,1,0,0.46183703267267767
2026-05-21 14:15:00+00:00,1,0,0.469084715117928
2026-05-21 14:20:00+00:00,1,0,0.48038830190821435
2026-05-21 14:25:00+00:00,1,0,0.46821354903000956
2026-05-21 14:30:00+00:00,1,0,0.45974917324583886
2026-05-21 14:40:00+00:00,1,0,0.4370063187301673
2026-05-21 14:50:00+00:00,0,0,0.4033329061098246
2026-05-21 15:05:00+00:00,1,0,0.45057837149318525
2026-05-21 15:10:00+00:00,1,0,0.4704166721893692
2026-05-21 15:15:00+00:00,1,0,0.48320556529621783
2026-05-21 15:20:00+00:00,1,0,0.4512863723230789
2026-05-21 15:25:00+00:00,1,0,0.4731604251137934
2026-05-21 15:30:00+00:00,1,0,0.4535153823606233
2026-05-21 15:35:00+00:00,1,0,0.48753429852288344
2026-05-21 15:40:00+00:00,1,0,0.4826075603718048
2026-05-21 15:45:00+00:00,1,0,0.4957979284670128
2026-05-21 15:50:00+00:00,1,0,0.49810202258190206
2026-05-21 15:55:00+00:00,1,0,0.4764445167253166
2026-05-21 16:00:00+00:00,1,0,0.47499649013564205
2026-05-21 16:05:00+00:00,1,0,0.4681072235095996
2026-05-21 16:10:00+00:00,1,0,0.4727872416347234
2026-05-21 16:30:00+00:00,0,0,0.4445876228105705
2026-05-21 16:35:00+00:00,0,0,0.47534016735826506
2026-05-21 16:40:00+00:00,0,0,0.4101047189567007
2026-05-21 16:45:00+00:00,0,0,0.4227256865922247
2026-05-21 16:50:00+00:00,0,1,0.5717969455690314
2026-05-21 16:55:00+00:00,0,1,0.5339819797701512
2026-05-21 17:00:00+00:00,0,1,0.5908085066203759
2026-05-21 17:10:00+00:00,0,1,0.5754005477295376
2026-05-21 17:15:00+00:00,0,1,0.587788613787404
2026-05-21 17:20:00+00:00,0,1,0.5710399153201169
2026-05-21 17:25:00+00:00,0,1,0.5700192907632053
2026-05-21 17:30:00+00:00,0,1,0.5912732430141667
2026-05-21 17:45:00+00:00,1,1,0.6032390250583657
2026-05-21 17:50:00+00:00,1,1,0.5641730470640864
2026-05-21 18:00:00+00:00,0,1,0.5397706976950102
2026-05-21 18:05:00+00:00,0,1,0.504813045905829
2026-05-21 18:10:00+00:00,0,1,0.5482828945664578
2026-05-21 18:20:00+00:00,0,1,0.533925889121682
2026-05-21 18:25:00+00:00,0,1,0.5427794956280135
2026-05-21 18:40:00+00:00,0,1,0.5212648002832222
2026-05-21 18:45:00+00:00,0,1,0.5235107146712557
2026-05-21 18:50:00+00:00,0,1,0.5309326051087776
2026-05-21 18:55:00+00:00,0,1,0.5491511814017666
2026-05-21 19:05:00+00:00,1,1,0.6086495752143343
2026-05-21 19:10:00+00:00,0,1,0.6244574936709008
2026-05-21 19:15:00+00:00,0,1,0.6329134485655645
2026-05-21 19:20:00+00:00,0,1,0.6037172621577086
2026-05-21 19:25:00+00:00,0,1,0.6250303778813258
2026-05-21 19:30:00+00:00,0,1,0.6197055725462481
2026-05-21 19:35:00+00:00,0,1,0.6364056881206845
2026-05-21 19:40:00+00:00,0,1,0.6390619463054443
2026-05-21 19:45:00+00:00,0,1,0.6264275382970099
2026-05-21 19:50:00+00:00,0,1,0.6642975935241294
2026-05-21 19:55:00+00:00,0,1,0.6600168099895751
2026-05-21 20:00:00+00:00,0,1,0.6370247657537095
2026-05-21 20:05:00+00:00,0,1,0.6283223301054722
2026-05-21 20:10:00+00:00,0,1,0.6366255318822072
2026-05-21 20:15:00+00:00,0,1,0.6712410498712322
2026-05-21 20:20:00+00:00,0,1,0.6188925880722532
2026-05-21 20:25:00+00:00,0,1,0.6303604496533138
2026-05-21 20:30:00+00:00,0,1,0.6010838260253049
2026-05-21 20:35:00+00:00,0,1,0.6295981532631065
2026-05-21 20:45:00+00:00,1,1,0.6599917542928386
2026-05-21 20:50:00+00:00,1,1,0.6859265515186902
2026-05-21 20:55:00+00:00,1,1,0.7585205669898848
2026-05-21 21:00:00+00:00,1,1,0.7133104347107342
2026-05-21 21:05:00+00:00,1,1,0.7384415587898522
2026-05-21 21:10:00+00:00,1,1,0.7512592806149376
2026-05-21 21:15:00+00:00,1,1,0.7381184402200837
2026-05-21 21:20:00+00:00,1,1,0.7263349350788203
2026-05-21 21:25:00+00:00,1,1,0.7079006474190995
2026-05-21 21:35:00+00:00,0,1,0.7077349346266981
2026-05-21 21:40:00+00:00,1,1,0.6921939362438869
2026-05-21 21:45:00+00:00,0,1,0.6527979526393071
2026-05-21 21:50:00+00:00,0,1,0.5732368161680426
2026-05-21 21:55:00+00:00,0,1,0.5884593329852477
2026-05-21 22:00:00+00:00,0,1,0.604117827844215
2026-05-21 22:05:00+00:00,0,1,0.6186386723636585
2026-05-21 22:10:00+00:00,0,1,0.598062372723207
2026-05-21 22:15:00+00:00,0,1,0.6334499368185644
2026-05-21 22:30:00+00:00,1,1,0.6858619004537648
2026-05-21 22:35:00+00:00,1,1,0.6713071562033555
2026-05-21 22:40:00+00:00,1,1,0.6871670216116162
2026-05-21 22:45:00+00:00,1,1,0.6974731540007862
2026-05-21 22:55:00+00:00,1,1,0.6654762598151438
2026-05-21 23:00:00+00:00,0,0,0.18186385538200225
2026-05-21 23:05:00+00:00,0,0,0.18546689559279195
2026-05-21 23:10:00+00:00,0,0,0.16923894005292187
2026-05-21 23:15:00+00:00,0,0,0.17018257000563575
2026-05-21 23:20:00+00:00,0,0,0.14481135691624925
2026-05-21 23:25:00+00:00,0,0,0.19090968969214994
2026-05-21 23:30:00+00:00,0,0,0.13783847788290107
2026-05-21 23:35:00+00:00,0,0,0.14799123812567466
2026-05-21 23:40:00+00:00,0,0,0.13122208436601795
2026-05-21 23:45:00+00:00,0,0,0.13390528232736432
2026-05-21 23:50:00+00:00,0,0,0.13235570089870607
2026-05-22 00:00:00+00:00,1,1,0.6724649201830406
2026-05-22 00:05:00+00:00,1,1,0.5786369079881172
2026-05-22 00:10:00+00:00,1,1,0.7726419521930936
2026-05-22 00:15:00+00:00,1,1,0.810592459894138
2026-05-22 00:25:00+00:00,1,0,0.40242532219080507
2026-05-22 00:30:00+00:00,1,0,0.41334442765614715
2026-05-22 00:35:00+00:00,1,0,0.47841589085971303
2026-05-22 00:40:00+00:00,1,0,0.44047017242245884
2026-05-22 00:45:00+00:00,1,1,0.564628817229445
2026-05-22 00:50:00+00:00,1,0,0.48939759561771357
2026-05-22 00:55:00+00:00,1,0,0.4487704025017828
2026-05-22 01:00:00+00:00,1,1,0.5557291077051711
2026-05-22 01:05:00+00:00,1,1,0.525828864121716
2026-05-22 01:15:00+00:00,0,1,0.5063987222274403
2026-05-22 01:20:00+00:00,0,0,0.49290177784350364
2026-05-22 01:25:00+00:00,0,1,0.5814786464250037
2026-05-22 01:30:00+00:00,0,1,0.5694311114367266
2026-05-22 01:40:00+00:00,1,1,0.5274560865214725
2026-05-22 01:45:00+00:00,1,1,0.5479973119401064
2026-05-22 01:50:00+00:00,1,1,0.561527184486158
2026-05-22 01:55:00+00:00,1,0,0.418125341214865
2026-05-22 02:00:00+00:00,1,0,0.41130443148934
2026-05-22 02:05:00+00:00,1,0,0.45243909841434066
2026-05-22 02:10:00+00:00,1,0,0.4573804315626284
2026-05-22 02:15:00+00:00,1,0,0.4832408120441173
2026-05-22 02:20:00+00:00,1,0,0.495163897701892
2026-05-22 02:25:00+00:00,1,0,0.47770389343239095
2026-05-22 02:30:00+00:00,1,1,0.5976703013654401
2026-05-22 02:35:00+00:00,1,0,0.4532628855206458
2026-05-22 02:40:00+00:00,1,1,0.5060651116604673
2026-05-22 02:45:00+00:00,1,1,0.5200792577260568
2026-05-22 02:50:00+00:00,1,0,0.4868138452682151
2026-05-22 02:55:00+00:00,1,0,0.4863186572579457
2026-05-22 03:00:00+00:00,1,1,0.550960798114204
2026-05-22 03:05:00+00:00,1,1,0.644493364763996
2026-05-22 03:10:00+00:00,1,1,0.5948518028619648
2026-05-22 03:15:00+00:00,1,1,0.5659102746849621
2026-05-22 03:20:00+00:00,1,1,0.6212477496174847
2026-05-22 03:25:00+00:00,1,1,0.5946209278774354
2026-05-22 03:30:00+00:00,0,0,0.4793881786612059
2026-05-22 03:40:00+00:00,1,1,0.6450618190982564
2026-05-22 03:45:00+00:00,1,1,0.60569194965683
2026-05-22 03:50:00+00:00,0,1,0.6125656457516906
2026-05-22 04:00:00+00:00,0,1,0.5673021836880815
2026-05-22 04:05:00+00:00,0,1,0.5624439383757419
2026-05-22 04:10:00+00:00,0,1,0.5669035450190337
2026-05-22 04:15:00+00:00,0,1,0.5755940026091514
2026-05-22 04:20:00+00:00,0,1,0.6062878011572274
2026-05-22 04:25:00+00:00,0,1,0.6289013042803355
2026-05-22 04:30:00+00:00,0,1,0.6206641822789684
2026-05-22 04:35:00+00:00,0,1,0.6818753339488098
2026-05-22 04:40:00+00:00,0,1,0.6354613093113248
2026-05-22 04:45:00+00:00,0,1,0.6506647769387015
2026-05-22 04:50:00+00:00,0,1,0.6566357525720795
2026-05-22 04:55:00+00:00,0,1,0.5870106917689271
2026-05-22 05:00:00+00:00,0,1,0.6230624782570473
2026-05-22 05:05:00+00:00,0,0,0.47459000628088377
2026-05-22 05:10:00+00:00,0,0,0.4277293231558542
2026-05-22 05:15:00+00:00,0,0,0.45972782720299565
2026-05-22 05:20:00+00:00,0,0,0.45662483607812315
2026-05-22 05:25:00+00:00,0,1,0.5346403091101181
2026-05-22 05:30:00+00:00,0,1,0.5334457148672026
2026-05-22 05:45:00+00:00,1,1,0.6163945886948797
2026-05-22 05:50:00+00:00,1,1,0.5695171478306992
2026-05-22 06:05:00+00:00,0,0,0.4902993119389269
2026-05-22 06:10:00+00:00,0,1,0.5113278293312856
2026-05-22 06:15:00+00:00,0,0,0.494996307190545
2026-05-22 06:20:00+00:00,0,1,0.5030560717665566
2026-05-22 06:40:00+00:00,1,1,0.5095664465989711
2026-05-22 06:45:00+00:00,1,1,0.5953233281022864
2026-05-22 06:50:00+00:00,1,1,0.5953233281022864
2026-05-22 06:55:00+00:00,1,1,0.5122795383448265
2026-05-22 07:00:00+00:00,1,1,0.588236866336243
2026-05-22 07:05:00+00:00,1,1,0.5966925390758724
2026-05-22 07:10:00+00:00,1,1,0.5156384562315899
2026-05-22 07:15:00+00:00,1,1,0.519731535423603
2026-05-22 07:20:00+00:00,1,1,0.5495326052803539
2026-05-22 07:25:00+00:00,1,0,0.4560813356869857
2026-05-22 07:30:00+00:00,1,0,0.4862467155182188
2026-05-22 07:35:00+00:00,1,0,0.48221057804250855
2026-05-22 07:40:00+00:00,1,0,0.4847636623379362
2026-05-22 07:45:00+00:00,1,1,0.5266911261589423
2026-05-22 07:50:00+00:00,1,0,0.49378810892822006
2026-05-22 07:55:00+00:00,1,0,0.45047030549305783
2026-05-22 08:00:00+00:00,1,0,0.48111649191517986
2026-05-22 08:05:00+00:00,1,0,0.48562015228478694
2026-05-22 08:10:00+00:00,1,0,0.4497369050012785
2026-05-22 08:25:00+00:00,0,0,0.4082900192781761
2026-05-22 08:30:00+00:00,1,0,0.41204862471209563
2026-05-22 08:35:00+00:00,1,0,0.4507608211035661
2026-05-22 08:45:00+00:00,1,1,0.5648730377154212
2026-05-22 08:50:00+00:00,1,1,0.5856550964609666
2026-05-22 08:55:00+00:00,0,0,0.49880586123485976
2026-05-22 09:05:00+00:00,1,0,0.47889356188204163
2026-05-22 09:10:00+00:00,1,1,0.5610544258401537
2026-05-22 09:15:00+00:00,1,1,0.6009148753690426
2026-05-22 09:20:00+00:00,1,1,0.5709252604146079
2026-05-22 09:25:00+00:00,1,1,0.5994670619904173
2026-05-22 09:30:00+00:00,1,1,0.567394520994569
2026-05-22 09:35:00+00:00,1,1,0.5143673351414655
2026-05-22 09:40:00+00:00,1,1,0.510899930902514
2026-05-22 09:50:00+00:00,1,0,0.45738561101104497
2026-05-22 09:55:00+00:00,1,1,0.5914138088607398
2026-05-22 10:00:00+00:00,1,1,0.6352761435821467
2026-05-22 10:10:00+00:00,0,1,0.552280016735271
2026-05-22 10:15:00+00:00,0,1,0.6190310361915643
2026-05-22 10:20:00+00:00,0,1,0.6071285386451556
2026-05-22 10:25:00+00:00,0,1,0.6078722296001626
2026-05-22 10:30:00+00:00,0,1,0.6071285386451556
2026-05-22 10:35:00+00:00,0,1,0.6013446446738006
2026-05-22 10:40:00+00:00,0,0,0.45708232549660016
2026-05-22 10:45:00+00:00,0,1,0.5476996298552745
2026-05-22 10:50:00+00:00,0,1,0.5176525148353694
2026-05-22 10:55:00+00:00,0,1,0.5514963292932277
2026-05-22 11:00:00+00:00,0,1,0.5206426825145676
2026-05-22 11:05:00+00:00,0,1,0.5749450022195042
2026-05-22 11:10:00+00:00,0,1,0.5620032531836264
2026-05-22 11:15:00+00:00,1,1,0.7023310594426908
2026-05-22 11:20:00+00:00,1,1,0.6705638386383234
2026-05-22 11:25:00+00:00,1,1,0.6944254573620786
2026-05-22 11:30:00+00:00,1,1,0.6238359807901398
2026-05-22 11:35:00+00:00,1,1,0.671245940309139
2026-05-22 11:40:00+00:00,1,1,0.6332754773235334
2026-05-22 11:45:00+00:00,1,1,0.6379889505223365
2026-05-22 11:50:00+00:00,1,1,0.6624159633534915
2026-05-22 11:55:00+00:00,1,1,0.6699759176164057
2026-05-22 12:10:00+00:00,0,1,0.5786015435625368
2026-05-22 12:15:00+00:00,0,1,0.5590199359840173
2026-05-22 12:20:00+00:00,0,1,0.5716332784185392
2026-05-22 12:25:00+00:00,0,1,0.5893314026394789
2026-05-22 12:50:00+00:00,1,1,0.5946430839066458
2026-05-22 12:55:00+00:00,1,1,0.612396886114831
2026-05-22 13:00:00+00:00,1,1,0.6334917511323427
2026-05-22 13:05:00+00:00,1,1,0.6400277903690077
2026-05-22 13:10:00+00:00,1,1,0.6166072196244637
2026-05-22 13:15:00+00:00,1,1,0.6510226890146917
2026-05-22 13:20:00+00:00,1,1,0.6218875712238872
2026-05-22 13:25:00+00:00,1,1,0.6272650882173875
2026-05-22 13:35:00+00:00,1,1,0.6122827247999024
2026-05-22 13:40:00+00:00,1,0,0.3474166807111213
2026-05-22 13:55:00+00:00,1,0,0.4221010454937445
2026-05-22 14:00:00+00:00,1,0,0.42536458740471517
2026-05-22 14:10:00+00:00,0,0,0.3954048940354095
2026-05-22 14:15:00+00:00,0,0,0.42541662042846556
2026-05-22 14:20:00+00:00,0,0,0.4574489457959831
2026-05-22 14:25:00+00:00,0,0,0.46147262456697974
2026-05-22 14:30:00+00:00,0,0,0.4899299765179034
2026-05-22 14:35:00+00:00,0,0,0.44531288336449354
2026-05-22 14:40:00+00:00,0,0,0.4941223756669561
2026-05-22 14:45:00+00:00,0,1,0.5013383463809022
2026-05-22 14:50:00+00:00,0,0,0.4947957004796844
2026-05-22 14:55:00+00:00,0,0,0.4552369818773546
2026-05-22 15:00:00+00:00,0,0,0.3805845825721672
2026-05-22 15:05:00+00:00,0,0,0.38412358645191386
2026-05-22 15:10:00+00:00,0,1,0.6984438213082563
2026-05-22 15:15:00+00:00,0,1,0.6466551893084312
2026-05-22 15:20:00+00:00,0,1,0.6644113236124572
2026-05-22 15:25:00+00:00,0,1,0.6791529401625069
2026-05-22 15:30:00+00:00,0,1,0.6816429665303805
2026-05-22 15:35:00+00:00,0,1,0.6951943759428421
2026-05-22 15:40:00+00:00,0,1,0.6759355858211825
2026-05-22 15:45:00+00:00,1,1,0.6949070693571918
2026-05-22 16:00:00+00:00,1,1,0.7105697763724654
2026-05-22 16:05:00+00:00,1,1,0.7551875552071305
2026-05-22 16:10:00+00:00,1,1,0.606946716923279
2026-05-22 16:15:00+00:00,1,1,0.6138816703369969
2026-05-22 16:20:00+00:00,1,1,0.5075042117484373
2026-05-22 16:25:00+00:00,1,1,0.5232705265685683
2026-05-22 16:30:00+00:00,1,0,0.4972228970119881
2026-05-22 16:35:00+00:00,1,1,0.5278568561720363
2026-05-22 16:40:00+00:00,1,1,0.5549048739945676
2026-05-22 16:45:00+00:00,1,1,0.5124287215296663
2026-05-22 16:50:00+00:00,1,1,0.5638724658444889
2026-05-22 16:55:00+00:00,1,1,0.5065361885842488
2026-05-22 17:00:00+00:00,0,0,0.4685033277285925
2026-05-22 17:05:00+00:00,0,0,0.4497194531659317
2026-05-22 17:10:00+00:00,0,0,0.43787006792918853
2026-05-22 17:15:00+00:00,0,0,0.4706230899539246
2026-05-22 17:20:00+00:00,0,0,0.464221955535423
2026-05-22 17:25:00+00:00,0,0,0.4714982004748621
2026-05-22 17:30:00+00:00,1,0,0.49105265951804233
2026-05-22 17:35:00+00:00,1,0,0.48359921780911036
2026-05-22 17:40:00+00:00,1,1,0.5075049825992236
2026-05-22 17:45:00+00:00,1,0,0.47317321965607817
2026-05-22 17:50:00+00:00,1,1,0.5289045798061207
2026-05-22 17:55:00+00:00,1,1,0.540250246757877
2026-05-22 18:00:00+00:00,1,1,0.5775399177827419
2026-05-22 18:05:00+00:00,1,1,0.559030723544892
2026-05-22 18:10:00+00:00,1,1,0.5564258064207577
2026-05-22 18:15:00+00:00,1,1,0.5601324889110209
2026-05-22 18:20:00+00:00,1,1,0.5003145527823964
2026-05-22 18:25:00+00:00,1,1,0.5147220758165058
2026-05-22 18:30:00+00:00,1,0,0.45492693106313925
2026-05-22 18:35:00+00:00,1,0,0.4674785002639521
2026-05-22 18:50:00+00:00,0,0,0.4732403272492721
2026-05-22 18:55:00+00:00,0,0,0.48238567733463794
2026-05-22 19:00:00+00:00,0,1,0.5013612703254973
2026-05-22 19:05:00+00:00,0,1,0.5069528637871966
2026-05-22 19:10:00+00:00,0,1,0.5503708975969173
2026-05-22 19:15:00+00:00,0,1,0.5268915826914723
2026-05-22 19:20:00+00:00,0,1,0.5273809330269567
2026-05-22 19:25:00+00:00,0,1,0.5678196650796163
2026-05-22 19:30:00+00:00,0,1,0.533659209181939
2026-05-22 19:35:00+00:00,0,1,0.5075393132857874
2026-05-22 19:40:00+00:00,0,1,0.5129817079883893
2026-05-22 19:45:00+00:00,0,1,0.5391678026109058
2026-05-22 19:50:00+00:00,0,1,0.5286284141389722
2026-05-22 19:55:00+00:00,0,1,0.5721347148610423
2026-05-22 20:00:00+00:00,0,1,0.6608403763018025
2026-05-22 20:05:00+00:00,0,1,0.6541800665312547
2026-05-22 20:15:00+00:00,0,1,0.6106623449951658
2026-05-22 20:20:00+00:00,0,1,0.6443227836119091
2026-05-22 20:25:00+00:00,1,1,0.6722343999576026
2026-05-22 20:30:00+00:00,1,1,0.5836356725867217
2026-05-22 20:35:00+00:00,1,1,0.6245718510965554
2026-05-22 20:40:00+00:00,1,1,0.6236743218297304
2026-05-22 21:00:00+00:00,1,1,0.6827706947272908
2026-05-22 21:15:00+00:00,0,1,0.6049301664533758
2026-05-22 21:25:00+00:00,0,1,0.6884788719348199
2026-05-22 21:35:00+00:00,1,1,0.6848081427894718
2026-05-22 21:40:00+00:00,1,1,0.6981381297214707
2026-05-22 21:45:00+00:00,1,1,0.7371950141817609
2026-05-22 21:50:00+00:00,1,1,0.721389447524078
2026-05-22 21:55:00+00:00,1,1,0.7082418625310094
2026-05-22 22:00:00+00:00,1,1,0.685633972865422
2026-05-22 22:05:00+00:00,1,1,0.7275601135670838
2026-05-22 22:10:00+00:00,1,1,0.725291420065542
2026-05-22 22:15:00+00:00,1,1,0.7600239177096574
2026-05-22 22:20:00+00:00,1,1,0.786842575265348
2026-05-22 22:25:00+00:00,1,1,0.7418349052994131
2026-05-22 22:30:00+00:00,1,1,0.7640073171461427
2026-05-22 22:40:00+00:00,1,1,0.7038571693747606
2026-05-22 22:45:00+00:00,1,1,0.5094273476218077
2026-05-22 22:50:00+00:00,1,1,0.5693174814265025
2026-05-22 22:55:00+00:00,1,1,0.5239982593288451
2026-05-22 23:00:00+00:00,0,0,0.29601633143588624
2026-05-22 23:05:00+00:00,0,0,0.3039624858714714
2026-05-22 23:10:00+00:00,0,0,0.3497354548737926
2026-05-22 23:15:00+00:00,0,0,0.31402282226397465
2026-05-22 23:20:00+00:00,0,0,0.3172202046855818
2026-05-22 23:25:00+00:00,0,0,0.39843998407268466
2026-05-22 23:30:00+00:00,0,0,0.4256860625839711
2026-05-22 23:35:00+00:00,0,0,0.41284087361390315
2026-05-22 23:40:00+00:00,0,0,0.22214624793118282
2026-05-22 23:45:00+00:00,0,0,0.2563815011715138
2026-05-22 23:50:00+00:00,0,0,0.22256612109838955
2026-05-22 23:55:00+00:00,0,0,0.18081505617651294
2026-05-25 00:00:00+00:00,1,1,0.8545633724174558
2026-05-25 00:05:00+00:00,1,1,0.8200777885357363
2026-05-25 00:10:00+00:00,1,1,0.6860956518365134
2026-05-25 00:15:00+00:00,1,1,0.7466463182988833
2026-05-25 00:20:00+00:00,1,1,0.6191226503073616
2026-05-25 00:25:00+00:00,1,1,0.6077578290526132
2026-05-25 00:30:00+00:00,1,1,0.617542538374516
2026-05-25 00:35:00+00:00,0,1,0.628149579696614
2026-05-25 00:40:00+00:00,1,1,0.664913594706186
2026-05-25 00:45:00+00:00,1,1,0.6915621357354154
2026-05-25 00:50:00+00:00,1,1,0.7213302637938612
2026-05-25 00:55:00+00:00,1,1,0.7181552799046587
2026-05-25 01:15:00+00:00,0,0,0.4266268410952252
2026-05-25 01:20:00+00:00,0,1,0.5353287023167941
2026-05-25 01:30:00+00:00,1,0,0.49893581028896417
2026-05-25 01:35:00+00:00,1,0,0.4359911036990921
2026-05-25 01:40:00+00:00,1,0,0.42592313620120326
2026-05-25 01:45:00+00:00,1,0,0.43677676710740615
2026-05-25 01:50:00+00:00,1,0,0.4585782538400179
2026-05-25 01:55:00+00:00,1,0,0.42403435059816064
2026-05-25 02:00:00+00:00,1,0,0.390006092930076
2026-05-25 02:05:00+00:00,1,0,0.3912210344255345
2026-05-25 02:10:00+00:00,1,0,0.40132665674869133
2026-05-25 02:15:00+00:00,1,0,0.36776763404333834
2026-05-25 02:20:00+00:00,1,0,0.3833995203370299
2026-05-25 02:25:00+00:00,1,0,0.38436100487269015
2026-05-25 02:30:00+00:00,1,0,0.3692316981561598
2026-05-25 02:35:00+00:00,1,0,0.43038022416402466
2026-05-25 02:45:00+00:00,0,0,0.3665779861148906
2026-05-25 02:50:00+00:00,0,0,0.353819438247214
2026-05-25 02:55:00+00:00,0,0,0.36016161368216837
2026-05-25 03:00:00+00:00,0,0,0.3604182832501184
2026-05-25 03:05:00+00:00,0,0,0.41269878063189047
2026-05-25 03:10:00+00:00,0,0,0.4239344673759736
2026-05-25 03:15:00+00:00,0,0,0.40398848218821504
2026-05-25 03:20:00+00:00,0,0,0.3233285134593306
2026-05-25 03:25:00+00:00,0,0,0.31793010734192284
2026-05-25 03:30:00+00:00,0,0,0.33901158160797
2026-05-25 03:35:00+00:00,0,0,0.3770641842074791
2026-05-25 03:40:00+00:00,0,0,0.38489725022955446
2026-05-25 03:45:00+00:00,0,0,0.4955178763898117
2026-05-25 03:55:00+00:00,0,0,0.4410301918215901
2026-05-25 04:05:00+00:00,0,0,0.4993297648582966
2026-05-25 04:10:00+00:00,1,0,0.46485616967850235
2026-05-25 04:15:00+00:00,1,1,0.5218101017587262
2026-05-25 04:20:00+00:00,1,1,0.5003795060242832
2026-05-25 04:25:00+00:00,1,1,0.523410939163089
2026-05-25 04:30:00+00:00,1,1,0.5155090001867172
2026-05-25 04:35:00+00:00,1,1,0.5104106795019638
2026-05-25 04:40:00+00:00,1,0,0.47876466292813735
2026-05-25 04:50:00+00:00,0,0,0.4477397809456672
2026-05-25 04:55:00+00:00,0,0,0.44051659013514827
2026-05-25 05:00:00+00:00,0,0,0.4287753956174536
2026-05-25 05:05:00+00:00,1,0,0.494650705966137
2026-05-25 05:15:00+00:00,1,0,0.448371226576428
2026-05-25 05:20:00+00:00,1,0,0.4416700416995054
2026-05-25 05:25:00+00:00,1,0,0.4513804435759093
2026-05-25 05:30:00+00:00,1,0,0.48471771199110164
2026-05-25 05:35:00+00:00,1,0,0.4984892777107509
2026-05-25 05:40:00+00:00,1,1,0.5097342816916268
2026-05-25 05:45:00+00:00,1,1,0.5241889414846079
2026-05-25 05:50:00+00:00,1,1,0.5916330270382959
2026-05-25 05:55:00+00:00,1,1,0.5939820577099719
2026-05-25 06:00:00+00:00,1,1,0.5987117602941221
2026-05-25 06:05:00+00:00,1,1,0.6743970459733498
2026-05-25 06:10:00+00:00,1,1,0.617784139127359
2026-05-25 06:15:00+00:00,1,1,0.6112076446493474
2026-05-25 06:20:00+00:00,1,1,0.6073875773802677
2026-05-25 06:25:00+00:00,1,1,0.6114555955822498
2026-05-25 06:30:00+00:00,1,1,0.6643129305031259
2026-05-25 06:35:00+00:00,1,1,0.6157604930004881
2026-05-25 06:40:00+00:00,1,1,0.6525149937075142
2026-05-25 06:45:00+00:00,0,1,0.5817424815031479
2026-05-25 06:50:00+00:00,0,1,0.5873239266581394
2026-05-25 06:55:00+00:00,0,1,0.6105258148108043
2026-05-25 07:00:00+00:00,0,1,0.700830505006754
2026-05-25 07:05:00+00:00,0,1,0.5084697220366604
2026-05-25 07:10:00+00:00,0,1,0.5033169064962906
2026-05-25 07:15:00+00:00,0,0,0.46420962748271255
2026-05-25 07:20:00+00:00,0,0,0.4965951667212209
2026-05-25 07:25:00+00:00,0,1,0.5041828581894537
2026-05-25 07:30:00+00:00,0,0,0.4974875268550161
2026-05-25 07:35:00+00:00,0,0,0.4844208310404064
2026-05-25 07:40:00+00:00,0,1,0.5033811287558724
2026-05-25 07:45:00+00:00,1,1,0.6416900022209435
2026-05-25 07:50:00+00:00,1,1,0.6444891142013546
2026-05-25 07:55:00+00:00,1,1,0.6475494302653929
2026-05-25 08:00:00+00:00,1,1,0.6542722953871946
2026-05-25 08:05:00+00:00,1,1,0.7438923333926998
2026-05-25 08:10:00+00:00,1,1,0.7172627683173114
2026-05-25 08:15:00+00:00,1,1,0.7052120212927117
2026-05-25 08:20:00+00:00,1,1,0.6446624595092943
2026-05-25 08:25:00+00:00,1,1,0.6862971526451822
2026-05-25 08:30:00+00:00,1,1,0.6822240487653103
2026-05-25 08:35:00+00:00,1,1,0.7418612121949397
2026-05-25 08:40:00+00:00,1,1,0.5758663918889834
2026-05-25 08:45:00+00:00,1,1,0.5857644895312131
2026-05-25 08:50:00+00:00,1,1,0.6227964102640173
2026-05-25 08:55:00+00:00,0,0,0.45398818531110374
2026-05-25 09:00:00+00:00,1,1,0.5435635522524894
2026-05-25 09:05:00+00:00,1,0,0.47841073026269665
2026-05-25 09:10:00+00:00,1,0,0.48203636363580554
2026-05-25 09:15:00+00:00,1,1,0.5372795752186135
2026-05-25 09:20:00+00:00,1,1,0.5190061235376868
2026-05-25 09:25:00+00:00,1,1,0.5026680405150972
2026-05-25 09:30:00+00:00,1,1,0.5396298898245026
2026-05-25 09:35:00+00:00,1,1,0.5054683990598234
2026-05-25 09:40:00+00:00,1,0,0.4932512447036059
2026-05-25 09:45:00+00:00,1,1,0.6290692983293525
2026-05-25 09:50:00+00:00,1,1,0.614678830690793
2026-05-25 09:55:00+00:00,1,1,0.6031180067999824
2026-05-25 10:00:00+00:00,1,1,0.5303844871498579
2026-05-25 10:05:00+00:00,0,0,0.4703505311699117
2026-05-25 10:10:00+00:00,0,0,0.4675110468183198
2026-05-25 10:15:00+00:00,0,1,0.5662990043623418
2026-05-25 10:20:00+00:00,0,1,0.5091409516239939
2026-05-25 10:25:00+00:00,0,1,0.510301935565073
2026-05-25 10:30:00+00:00,0,1,0.5643230460353225
2026-05-25 10:35:00+00:00,0,1,0.5256397308374825
2026-05-25 10:40:00+00:00,0,1,0.5476873853764498
2026-05-25 10:45:00+00:00,0,1,0.541838079159661
2026-05-25 10:50:00+00:00,0,1,0.541838079159661
2026-05-25 10:55:00+00:00,0,1,0.6548215239794782
2026-05-25 11:00:00+00:00,0,1,0.5241079390647313
2026-05-25 11:05:00+00:00,0,1,0.7092048373487801
2026-05-25 11:15:00+00:00,0,1,0.651441509173798
2026-05-25 11:35:00+00:00,0,1,0.6651230638728961
2026-05-25 11:40:00+00:00,0,1,0.6594902594090873
2026-05-25 11:50:00+00:00,0,1,0.6541976497028466
2026-05-25 11:55:00+00:00,1,1,0.6787738757116919
2026-05-25 12:00:00+00:00,1,1,0.677564373500364
2026-05-25 12:05:00+00:00,1,1,0.6741952192934395
2026-05-25 12:10:00+00:00,0,1,0.6572923019959681
2026-05-25 12:30:00+00:00,1,1,0.6461829411804626
2026-05-25 12:35:00+00:00,1,1,0.6479612948434145
2026-05-25 12:40:00+00:00,1,1,0.643331449523493
2026-05-25 12:45:00+00:00,1,1,0.5466175263960326
2026-05-25 12:50:00+00:00,1,1,0.5485900760333884
2026-05-25 12:55:00+00:00,1,1,0.5509411954415565
2026-05-25 13:00:00+00:00,1,1,0.5704687436127619
2026-05-25 13:05:00+00:00,1,1,0.5819195846935261
2026-05-25 13:10:00+00:00,1,1,0.5839875307227568
2026-05-25 13:30:00+00:00,0,1,0.5875295581799236
2026-05-25 13:35:00+00:00,0,1,0.5911960783126432
2026-05-25 13:40:00+00:00,0,1,0.5820563833044683
2026-05-25 13:45:00+00:00,0,1,0.5934415029005162
2026-05-25 13:50:00+00:00,0,1,0.5785657460116311
2026-05-25 13:55:00+00:00,0,1,0.5553168618397317
2026-05-25 14:00:00+00:00,0,1,0.5587287073521604
2026-05-25 14:05:00+00:00,0,1,0.5959035543632413
2026-05-25 14:10:00+00:00,0,1,0.6068109414495866
2026-05-25 14:15:00+00:00,0,1,0.5731641704800646
2026-05-25 14:20:00+00:00,0,1,0.5762742983629511
2026-05-25 14:25:00+00:00,0,1,0.5772275458817061
2026-05-25 14:30:00+00:00,0,1,0.5897884676179681
2026-05-25 14:35:00+00:00,0,1,0.6386677026278832
2026-05-25 14:40:00+00:00,0,1,0.6349247837329072
2026-05-25 14:45:00+00:00,0,1,0.6062318667849503
2026-05-25 14:50:00+00:00,0,1,0.6290397196619429
2026-05-25 14:55:00+00:00,0,1,0.5431637974018978
2026-05-25 15:00:00+00:00,0,1,0.5541346813651872
2026-05-25 15:05:00+00:00,0,1,0.5297703868544109
2026-05-25 15:10:00+00:00,0,1,0.5987956861210934
2026-05-25 15:20:00+00:00,1,1,0.6048718622496069
2026-05-25 15:35:00+00:00,1,1,0.6224643315751287
2026-05-25 15:40:00+00:00,1,1,0.6147900229148686
2026-05-25 15:45:00+00:00,1,1,0.6982039482958938
2026-05-25 15:50:00+00:00,1,1,0.6236876295434085
2026-05-25 15:55:00+00:00,1,1,0.6255613943354484
2026-05-25 16:00:00+00:00,1,1,0.6551016965902263
2026-05-25 16:05:00+00:00,1,1,0.6562810985735908
2026-05-25 16:10:00+00:00,1,1,0.6861329662025288
2026-05-25 16:15:00+00:00,1,1,0.6513984169999517
2026-05-25 16:30:00+00:00,1,1,0.6692351164016415
2026-05-25 16:40:00+00:00,0,1,0.6451628327385873
2026-05-25 16:45:00+00:00,0,1,0.6332371604231071
2026-05-25 17:00:00+00:00,1,1,0.5699843164840083
2026-05-25 17:05:00+00:00,1,1,0.567914270766247
2026-05-25 17:10:00+00:00,1,1,0.561724314710726
2026-05-25 17:20:00+00:00,1,1,0.5764223796240422
2026-05-25 17:30:00+00:00,0,1,0.567914270766247
2026-05-25 17:35:00+00:00,0,1,0.567914270766247
2026-05-25 17:40:00+00:00,1,1,0.5664298306467266
2026-05-25 17:50:00+00:00,0,1,0.5471442870988001
2026-05-25 17:55:00+00:00,0,1,0.5422996942539947
2026-05-25 18:00:00+00:00,0,1,0.56583867980264
2026-05-25 18:05:00+00:00,0,0,0.4111951536698656
2026-05-25 18:10:00+00:00,0,1,0.510325831223299
2026-05-25 18:25:00+00:00,1,1,0.5229277667484752
2026-05-25 18:30:00+00:00,1,1,0.5375413981439896
2026-05-25 18:35:00+00:00,1,1,0.5573714758064758
2026-05-25 18:40:00+00:00,1,1,0.5516053486912799
2026-05-25 18:50:00+00:00,1,1,0.5960774643895593
2026-05-25 19:00:00+00:00,0,1,0.5040866227475648
2026-05-25 19:05:00+00:00,0,1,0.5411720722256341
2026-05-25 19:15:00+00:00,0,1,0.5549901054956674
2026-05-25 19:20:00+00:00,0,1,0.5763173932070877
2026-05-25 19:25:00+00:00,0,0,0.45961120802783134
2026-05-25 19:30:00+00:00,0,0,0.48008667886390566
2026-05-25 19:35:00+00:00,0,0,0.4308371204015727
2026-05-25 19:40:00+00:00,0,1,0.5469859222147612
2026-05-25 19:45:00+00:00,0,1,0.5690872545769501
2026-05-25 19:50:00+00:00,0,0,0.44386495705790285
2026-05-25 20:10:00+00:00,0,1,0.5814698464833866
2026-05-25 20:30:00+00:00,1,0,0.4848856037933642
2026-05-25 20:35:00+00:00,1,1,0.6174378219679542
2026-05-25 20:40:00+00:00,1,1,0.5301962283363163
2026-05-25 20:50:00+00:00,1,1,0.5103239613171091
2026-05-25 20:55:00+00:00,1,0,0.49701869008799837
2026-05-25 21:00:00+00:00,1,0,0.44041723985687586
2026-05-25 21:05:00+00:00,1,1,0.5103239613171091
2026-05-25 21:10:00+00:00,1,1,0.5103239613171091
2026-05-25 21:15:00+00:00,1,1,0.6655447059726852
2026-05-25 21:20:00+00:00,0,0,0.49772016044398937
2026-05-25 21:30:00+00:00,1,1,0.5164767499211382
2026-05-25 21:50:00+00:00,1,1,0.6110844423460446
2026-05-25 21:55:00+00:00,1,1,0.5013053814413583
2026-05-25 22:00:00+00:00,1,0,0.49661616453149504
2026-05-25 22:05:00+00:00,1,0,0.4923440363915112
2026-05-25 22:10:00+00:00,1,0,0.49661616453149504
2026-05-25 22:15:00+00:00,1,0,0.4923440363915112
2026-05-25 22:20:00+00:00,1,0,0.4898161053082777
2026-05-25 22:25:00+00:00,1,0,0.46594710098164627
2026-05-25 22:30:00+00:00,1,0,0.4746995134469808
2026-05-25 22:35:00+00:00,1,1,0.5015718156925706
2026-05-25 22:40:00+00:00,1,0,0.4923440363915112
2026-05-25 22:45:00+00:00,1,0,0.4811094642751459
2026-05-25 22:55:00+00:00,0,0,0.44193369235584556
2026-05-25 23:00:00+00:00,0,0,0.15974553079475987
2026-05-25 23:05:00+00:00,0,0,0.09211816043958211
2026-05-25 23:10:00+00:00,0,0,0.10454007515866462
2026-05-25 23:15:00+00:00,0,0,0.14963983879004086
2026-05-25 23:20:00+00:00,0,0,0.12246116563403955
2026-05-25 23:25:00+00:00,0,0,0.10428092002022346
2026-05-25 23:30:00+00:00,0,0,0.09035340964433376
2026-05-25 23:35:00+00:00,0,0,0.1332281167203528
2026-05-25 23:40:00+00:00,0,0,0.09415447527161719
2026-05-25 23:45:00+00:00,0,0,0.10538771665956335
2026-05-25 23:50:00+00:00,0,0,0.10991507578594303
2026-05-25 23:55:00+00:00,0,0,0.1809659339891289
2026-05-26 00:00:00+00:00,1,1,0.860276498778456
2026-05-26 00:05:00+00:00,1,1,0.8949951080201232
2026-05-26 00:10:00+00:00,1,1,0.848598308802485
2026-05-26 00:15:00+00:00,1,1,0.8431007958010354
2026-05-26 00:20:00+00:00,1,1,0.8386617316574133
2026-05-26 00:25:00+00:00,1,1,0.8456014405887845
2026-05-26 00:30:00+00:00,1,1,0.8439715745264661
2026-05-26 00:35:00+00:00,1,1,0.8815889436436355
2026-05-26 00:40:00+00:00,1,1,0.8704591643549346
2026-05-26 00:45:00+00:00,1,1,0.8310424278514166
2026-05-26 00:50:00+00:00,1,1,0.7763184375949961
2026-05-26 00:55:00+00:00,1,1,0.81744924788756
2026-05-26 01:00:00+00:00,0,1,0.5991973478741528
2026-05-26 01:20:00+00:00,1,1,0.6292744818136683
2026-05-26 01:25:00+00:00,1,1,0.5999462495820878
2026-05-26 01:30:00+00:00,1,1,0.6020433625312127
2026-05-26 01:35:00+00:00,1,1,0.5573298124283999
2026-05-26 01:40:00+00:00,1,1,0.59248190719758
2026-05-26 01:45:00+00:00,1,1,0.568580336771853
2026-05-26 01:50:00+00:00,1,1,0.6001639036397257
2026-05-26 01:55:00+00:00,1,1,0.5866550526716736
2026-05-26 02:00:00+00:00,1,1,0.5208063990865647
2026-05-26 02:05:00+00:00,1,1,0.5575170307286796
2026-05-26 02:10:00+00:00,1,1,0.5245850838951561
2026-05-26 02:15:00+00:00,1,1,0.5316631159906416
2026-05-26 02:20:00+00:00,1,0,0.48678133084483344
2026-05-26 02:25:00+00:00,1,0,0.469465908977315
2026-05-26 02:35:00+00:00,0,0,0.496531588639781
2026-05-26 02:45:00+00:00,1,1,0.5682737312379271
2026-05-26 02:50:00+00:00,1,1,0.579761249204364
2026-05-26 02:55:00+00:00,1,1,0.5435415061359136
2026-05-26 03:00:00+00:00,1,1,0.6314010292559198
2026-05-26 03:05:00+00:00,1,1,0.5526057194125867
2026-05-26 03:15:00+00:00,0,1,0.5336684435091904
2026-05-26 03:20:00+00:00,0,1,0.515692778725291
2026-05-26 03:25:00+00:00,0,1,0.5326339975464307
2026-05-26 03:35:00+00:00,1,1,0.5659154765765319
2026-05-26 03:40:00+00:00,1,1,0.5824600912660889
2026-05-26 03:50:00+00:00,0,1,0.540547758378666
2026-05-26 04:00:00+00:00,0,1,0.5802484409062353
2026-05-26 04:05:00+00:00,0,1,0.5680906565386171
2026-05-26 04:10:00+00:00,0,1,0.6051177622622267
2026-05-26 04:20:00+00:00,0,1,0.5841637944436394
2026-05-26 04:30:00+00:00,0,1,0.5961458802825532
2026-05-26 04:35:00+00:00,0,1,0.597035561545027
2026-05-26 04:40:00+00:00,1,1,0.5911811506198169
2026-05-26 04:55:00+00:00,0,1,0.5711051170362977
2026-05-26 05:00:00+00:00,0,1,0.5695542047384917
2026-05-26 05:05:00+00:00,0,1,0.594865242106452
2026-05-26 05:10:00+00:00,0,1,0.6179045765214166
2026-05-26 05:15:00+00:00,0,1,0.6271862274326339
2026-05-26 05:20:00+00:00,0,1,0.6294171713738038
2026-05-26 05:25:00+00:00,0,1,0.6425702846486618
2026-05-26 05:30:00+00:00,0,1,0.6797801055675669
2026-05-26 05:35:00+00:00,0,1,0.6085010600974885
2026-05-26 05:40:00+00:00,0,0,0.48224485927619676
2026-05-26 05:45:00+00:00,0,0,0.4852518894667521
2026-05-26 05:50:00+00:00,0,1,0.5782987473398147
2026-05-26 06:05:00+00:00,1,1,0.6158800997054147
2026-05-26 06:10:00+00:00,1,1,0.6435159363089554
2026-05-26 06:15:00+00:00,1,1,0.6187566239676174
2026-05-26 06:20:00+00:00,1,1,0.6200154678389758
2026-05-26 06:25:00+00:00,1,1,0.6057142511599984
2026-05-26 06:30:00+00:00,1,1,0.6114093290307541
2026-05-26 06:35:00+00:00,1,1,0.5969574090377486
2026-05-26 06:40:00+00:00,1,1,0.612541820242754
2026-05-26 06:45:00+00:00,1,1,0.6483807927294343
2026-05-26 06:50:00+00:00,1,1,0.5653603514465433
2026-05-26 06:55:00+00:00,1,1,0.620536779104689
2026-05-26 07:00:00+00:00,1,1,0.6184462521934184
2026-05-26 07:05:00+00:00,1,1,0.5929579713641463
2026-05-26 07:10:00+00:00,1,1,0.5929579713641463
2026-05-26 07:15:00+00:00,1,1,0.606031475458998
2026-05-26 07:20:00+00:00,1,1,0.606031475458998
2026-05-26 07:25:00+00:00,1,1,0.592108906891228
2026-05-26 07:30:00+00:00,1,1,0.6030770317214652
2026-05-26 07:35:00+00:00,1,1,0.5241984515090038
2026-05-26 07:40:00+00:00,1,1,0.6292434380116269
2026-05-26 07:45:00+00:00,1,1,0.576171485071344
2026-05-26 07:50:00+00:00,1,1,0.570723687638071
2026-05-26 07:55:00+00:00,1,0,0.4293243563360742
2026-05-26 08:00:00+00:00,1,0,0.47482056694769187
2026-05-26 08:05:00+00:00,1,0,0.4760004711823159
2026-05-26 08:10:00+00:00,1,0,0.43763706849298634
2026-05-26 08:15:00+00:00,1,0,0.48752745656431207
2026-05-26 08:20:00+00:00,1,0,0.49025828224569223
2026-05-26 08:25:00+00:00,1,1,0.544658922575762
2026-05-26 08:30:00+00:00,1,1,0.5645648648462712
2026-05-26 08:35:00+00:00,1,1,0.5673906558214282
2026-05-26 08:40:00+00:00,1,1,0.5367490381059561
2026-05-26 08:45:00+00:00,1,1,0.5283306269290304
2026-05-26 08:50:00+00:00,1,0,0.4614274429889758
2026-05-26 08:55:00+00:00,1,0,0.43998519090420807
2026-05-26 09:00:00+00:00,1,0,0.4359438515592011
2026-05-26 09:05:00+00:00,1,0,0.32827897320362015
2026-05-26 09:10:00+00:00,1,0,0.3294319899424027
2026-05-26 09:15:00+00:00,1,0,0.31826987691690983
2026-05-26 09:20:00+00:00,1,0,0.35866505352011413
2026-05-26 09:25:00+00:00,1,0,0.3537244751567048
2026-05-26 09:30:00+00:00,1,0,0.3625976208050797
2026-05-26 09:35:00+00:00,1,0,0.3147997556779787
2026-05-26 09:40:00+00:00,1,0,0.4492123754598661
2026-05-26 09:45:00+00:00,1,1,0.5436340645321054
2026-05-26 09:50:00+00:00,1,0,0.4899796288722813
2026-05-26 09:55:00+00:00,1,0,0.48629802430321273
2026-05-26 10:00:00+00:00,1,1,0.5192887409435688
2026-05-26 10:05:00+00:00,1,0,0.4890996030171244
2026-05-26 10:10:00+00:00,1,0,0.4470567986432467
2026-05-26 10:15:00+00:00,1,0,0.442677223579335
2026-05-26 10:20:00+00:00,1,0,0.4339104573511775
2026-05-26 10:25:00+00:00,1,0,0.43909576505332104
2026-05-26 10:30:00+00:00,1,1,0.5109026011365734
2026-05-26 10:35:00+00:00,1,0,0.44551107695095116
2026-05-26 10:40:00+00:00,1,0,0.48523268887253646
2026-05-26 10:45:00+00:00,1,1,0.5509483009841973
2026-05-26 10:50:00+00:00,1,0,0.40566294740577163
2026-05-26 10:55:00+00:00,1,0,0.43812465061624534
2026-05-26 11:00:00+00:00,0,1,0.5056166615866164
2026-05-26 11:05:00+00:00,0,0,0.4571708988039721
2026-05-26 11:10:00+00:00,0,0,0.41912916469732253
2026-05-26 11:15:00+00:00,0,0,0.41826131054016846
2026-05-26 11:20:00+00:00,0,0,0.4143902428444715
2026-05-26 11:25:00+00:00,0,0,0.2694461766165221
2026-05-26 11:30:00+00:00,0,0,0.23802359217056127
2026-05-26 11:35:00+00:00,0,0,0.2534714336361572
2026-05-26 11:40:00+00:00,0,0,0.22744881033963893
2026-05-26 11:45:00+00:00,0,0,0.4656033252272268
2026-05-26 11:50:00+00:00,0,0,0.2681387689154964
2026-05-26 11:55:00+00:00,0,0,0.2636005455454361
2026-05-26 12:00:00+00:00,0,0,0.31645395722950553
2026-05-26 12:05:00+00:00,0,0,0.3830026924190355
2026-05-26 12:10:00+00:00,0,0,0.3505316178257189
2026-05-26 12:15:00+00:00,0,0,0.3918837039513293
2026-05-26 12:20:00+00:00,0,0,0.35585672370815774
2026-05-26 12:25:00+00:00,0,0,0.35678284799449445
2026-05-26 12:30:00+00:00,0,0,0.36274979238301824
2026-05-26 12:35:00+00:00,0,0,0.3563324459253286
2026-05-26 12:40:00+00:00,0,0,0.3126012929073979
2026-05-26 12:45:00+00:00,0,0,0.3994409125448551
2026-05-26 12:50:00+00:00,0,0,0.3881027133802432
2026-05-26 12:55:00+00:00,0,0,0.4068112353837671
2026-05-26 13:00:00+00:00,0,0,0.34531392062183464
2026-05-26 13:05:00+00:00,0,0,0.4053062136281749
2026-05-26 13:20:00+00:00,0,0,0.42905169995496634
2026-05-26 13:25:00+00:00,1,1,0.5100136978300126
2026-05-26 13:30:00+00:00,1,1,0.5109827190753095
2026-05-26 13:35:00+00:00,1,0,0.49178614047061997
2026-05-26 13:40:00+00:00,1,1,0.5111739047916278
2026-05-26 13:45:00+00:00,1,0,0.4991900539869382
2026-05-26 13:50:00+00:00,1,1,0.5124982279584633
2026-05-26 13:55:00+00:00,1,1,0.5070960912643997
2026-05-26 14:00:00+00:00,1,1,0.5218642225054824
2026-05-26 14:05:00+00:00,1,0,0.4843029261422025
2026-05-26 14:10:00+00:00,1,0,0.49650790111383436
2026-05-26 14:15:00+00:00,1,1,0.5367292276260007
2026-05-26 14:20:00+00:00,1,1,0.5087082018129605
2026-05-26 14:25:00+00:00,1,0,0.4734632382156464
2026-05-26 14:30:00+00:00,1,1,0.5192457691233195
2026-05-26 14:35:00+00:00,1,0,0.3768704211226227
2026-05-26 14:40:00+00:00,1,0,0.3738096550298668
2026-05-26 14:45:00+00:00,1,0,0.38821250935881985
2026-05-26 14:50:00+00:00,1,0,0.40132293698969906
2026-05-26 14:55:00+00:00,1,0,0.39986891178150474
2026-05-26 15:00:00+00:00,1,0,0.4148250770062339
2026-05-26 15:05:00+00:00,1,0,0.41025234416928036
2026-05-26 15:10:00+00:00,1,0,0.37349180294744444
2026-05-26 15:15:00+00:00,1,0,0.34235798761869307
2026-05-26 15:20:00+00:00,1,0,0.33833526392826724
2026-05-26 15:25:00+00:00,1,0,0.38800343841060053
2026-05-26 15:30:00+00:00,1,0,0.40182139679355106
2026-05-26 15:35:00+00:00,1,0,0.3896635718223328
2026-05-26 15:40:00+00:00,1,0,0.390561989302949
2026-05-26 15:45:00+00:00,1,0,0.40160144134838005
2026-05-26 15:50:00+00:00,1,0,0.38563951321853757
2026-05-26 15:55:00+00:00,1,0,0.3687777895379286
2026-05-26 16:00:00+00:00,1,0,0.3772781662265594
2026-05-26 16:05:00+00:00,1,0,0.31453200822067034
2026-05-26 16:10:00+00:00,1,0,0.30224585422656625
2026-05-26 16:15:00+00:00,1,0,0.349750417029146
2026-05-26 16:20:00+00:00,1,0,0.35523793855655444
2026-05-26 16:30:00+00:00,0,0,0.31858407900130037
2026-05-26 16:40:00+00:00,0,0,0.3551931201860562
2026-05-26 16:55:00+00:00,1,1,0.5236423496331439
2026-05-26 17:00:00+00:00,1,0,0.45848539993513054
2026-05-26 17:05:00+00:00,1,0,0.4816641416881407
2026-05-26 17:10:00+00:00,1,0,0.47845120888575987
2026-05-26 17:15:00+00:00,1,0,0.48037160324475686
2026-05-26 17:20:00+00:00,1,0,0.4968354084730126
2026-05-26 17:25:00+00:00,1,0,0.31039869713824275
2026-05-26 17:30:00+00:00,1,1,0.523361787342275
2026-05-26 17:35:00+00:00,1,1,0.5176096917960299
2026-05-26 17:40:00+00:00,1,1,0.5425678249812642
2026-05-26 17:45:00+00:00,1,0,0.4926505113033856
2026-05-26 17:50:00+00:00,1,0,0.4561137437782937
2026-05-26 17:55:00+00:00,1,0,0.4730083558010541
2026-05-26 18:00:00+00:00,1,1,0.5042133874759247
2026-05-26 18:05:00+00:00,0,0,0.4975434933097737
2026-05-26 18:15:00+00:00,0,0,0.44027413227999773
2026-05-26 18:20:00+00:00,0,0,0.43826426736387813
2026-05-26 18:25:00+00:00,0,0,0.4907316998369049
2026-05-26 18:30:00+00:00,0,1,0.5287180342130867
2026-05-26 18:35:00+00:00,0,0,0.4961187602814097
2026-05-26 18:40:00+00:00,0,0,0.4426802149689887
2026-05-26 18:45:00+00:00,0,0,0.486455223703819
2026-05-26 18:50:00+00:00,0,0,0.4708514600342319
2026-05-26 18:55:00+00:00,0,0,0.4548885418007729
2026-05-26 19:00:00+00:00,0,0,0.4402392711866409
2026-05-26 19:05:00+00:00,0,0,0.4685800526284623
2026-05-26 19:10:00+00:00,0,1,0.5049813667681912
2026-05-26 19:15:00+00:00,1,1,0.7126488617146566
2026-05-26 19:20:00+00:00,1,1,0.6870518060935487
2026-05-26 19:30:00+00:00,1,1,0.6927011293541081
2026-05-26 19:35:00+00:00,1,1,0.6224703656973889
2026-05-26 19:40:00+00:00,1,1,0.5887699074670973
2026-05-26 19:45:00+00:00,1,1,0.5411782233683046
2026-05-26 19:50:00+00:00,1,1,0.6043572152785284
2026-05-26 19:55:00+00:00,1,1,0.6456018937200771
2026-05-26 20:00:00+00:00,1,1,0.7069314453609431
2026-05-26 20:05:00+00:00,1,1,0.7034077978077492
2026-05-26 20:10:00+00:00,1,1,0.6725372469627134
2026-05-26 20:15:00+00:00,1,1,0.6454703274390806
2026-05-26 20:20:00+00:00,1,1,0.6169947856903575
2026-05-26 20:25:00+00:00,1,1,0.5164458494318218
2026-05-26 20:30:00+00:00,1,1,0.5071497713530504
2026-05-26 20:35:00+00:00,0,0,0.4632544108343724
2026-05-26 20:45:00+00:00,0,0,0.4610322837850654
2026-05-26 20:50:00+00:00,0,0,0.46617686210004067
2026-05-26 20:55:00+00:00,0,1,0.5218896958608947
2026-05-26 21:00:00+00:00,0,0,0.4750180923650059
2026-05-26 21:05:00+00:00,0,0,0.4711207770457928
2026-05-26 21:10:00+00:00,0,0,0.4614888739601378
2026-05-26 21:15:00+00:00,0,0,0.46900417151316354
2026-05-26 21:20:00+00:00,0,1,0.5331732425509799
2026-05-26 21:30:00+00:00,0,1,0.5352775085380238
2026-05-26 21:40:00+00:00,0,1,0.5065404233799691
2026-05-26 21:45:00+00:00,0,0,0.4929193309694199
2026-05-26 21:50:00+00:00,0,1,0.5895999156185961
2026-05-26 21:55:00+00:00,0,0,0.3614288459179903
2026-05-26 22:00:00+00:00,0,1,0.5138071918364668
2026-05-26 22:05:00+00:00,0,0,0.46682450571576933
2026-05-26 22:10:00+00:00,0,0,0.3198083721027435
2026-05-26 22:15:00+00:00,0,0,0.3256215562120428
2026-05-26 22:20:00+00:00,0,0,0.3670566095626308
2026-05-26 22:25:00+00:00,0,0,0.3277032921773031
2026-05-26 22:35:00+00:00,1,0,0.3882600106359926
2026-05-26 22:50:00+00:00,1,0,0.4882711356997537
2026-05-26 22:55:00+00:00,0,0,0.4472643441397759
2026-05-26 23:00:00+00:00,0,0,0.14114436034375288
2026-05-26 23:05:00+00:00,0,0,0.15600505073072576
2026-05-26 23:10:00+00:00,0,0,0.1685998704655977
2026-05-26 23:15:00+00:00,0,0,0.13218541318247673
2026-05-26 23:20:00+00:00,0,0,0.1001403742838974
2026-05-26 23:25:00+00:00,0,0,0.1312168897831042
2026-05-26 23:30:00+00:00,0,0,0.10712471294578255
2026-05-26 23:35:00+00:00,0,0,0.060364775534139624
2026-05-26 23:40:00+00:00,0,0,0.07760336405803661
2026-05-26 23:45:00+00:00,0,0,0.08137343717062302
2026-05-26 23:50:00+00:00,0,0,0.07176853752289615
2026-05-26 23:55:00+00:00,0,0,0.14735793120446403
2026-05-27 00:00:00+00:00,1,1,0.5524040577490004
2026-05-27 00:10:00+00:00,1,1,0.7241805530593138
2026-05-27 00:15:00+00:00,1,1,0.7190882418299802
2026-05-27 00:20:00+00:00,1,1,0.7023181225046984
2026-05-27 00:25:00+00:00,1,1,0.7304331167463208
2026-05-27 00:30:00+00:00,1,1,0.7557089259005537
2026-05-27 00:35:00+00:00,1,1,0.784304445933307
2026-05-27 00:40:00+00:00,1,1,0.7167518581189172
2026-05-27 00:45:00+00:00,1,1,0.7502593459915244
2026-05-27 00:55:00+00:00,1,1,0.8532472764705539
2026-05-27 01:00:00+00:00,0,1,0.637049328169273
2026-05-27 01:05:00+00:00,0,1,0.6242277359712518
2026-05-27 01:10:00+00:00,0,1,0.6215392416128513
2026-05-27 01:15:00+00:00,0,1,0.6324812773539965
2026-05-27 01:20:00+00:00,0,1,0.6230971483083035
2026-05-27 01:25:00+00:00,0,1,0.6235544389074308
2026-05-27 01:30:00+00:00,0,1,0.6325236622699553
2026-05-27 01:35:00+00:00,0,1,0.6182744012607058
2026-05-27 01:40:00+00:00,0,1,0.6212288821390123
2026-05-27 01:45:00+00:00,0,1,0.6169181352649956
2026-05-27 01:50:00+00:00,0,1,0.633033297359965
2026-05-27 01:55:00+00:00,0,1,0.6342220753262863
2026-05-27 02:00:00+00:00,0,1,0.7105751698968815
2026-05-27 02:05:00+00:00,0,1,0.5862790042359378
2026-05-27 02:10:00+00:00,0,1,0.5839968756515865
2026-05-27 02:15:00+00:00,0,1,0.5840085213439286
2026-05-27 02:20:00+00:00,0,1,0.6665184899370756
2026-05-27 02:25:00+00:00,0,1,0.6574542825014121
2026-05-27 02:30:00+00:00,0,1,0.6577695375136148
2026-05-27 02:40:00+00:00,1,1,0.7171767221601494
2026-05-27 02:45:00+00:00,1,1,0.6900130302270848
2026-05-27 02:50:00+00:00,1,1,0.7100827596564604
2026-05-27 02:55:00+00:00,1,1,0.558223950084556
2026-05-27 03:00:00+00:00,1,1,0.7383822276321611
2026-05-27 03:05:00+00:00,1,1,0.7037078891594294
2026-05-27 03:10:00+00:00,1,1,0.7042719056141004
2026-05-27 03:15:00+00:00,1,1,0.7004258286783288
2026-05-27 03:20:00+00:00,1,1,0.7132527873941775
2026-05-27 03:25:00+00:00,1,1,0.6999776548826924
2026-05-27 03:30:00+00:00,1,1,0.6743056732377569
2026-05-27 03:35:00+00:00,1,1,0.6460747394811247
2026-05-27 03:40:00+00:00,1,1,0.6803257592120364
2026-05-27 03:45:00+00:00,1,1,0.6634633840702757
2026-05-27 03:55:00+00:00,1,1,0.6083440713807277
2026-05-27 04:00:00+00:00,1,1,0.6632014439529771
2026-05-27 04:05:00+00:00,1,1,0.6418457755178498
2026-05-27 04:10:00+00:00,1,1,0.6379277492506856
2026-05-27 04:15:00+00:00,1,1,0.6507039727538855
2026-05-27 04:20:00+00:00,1,1,0.6712925778654983
2026-05-27 04:25:00+00:00,1,1,0.6459363273772464
2026-05-27 04:45:00+00:00,0,1,0.6051563767079101
2026-05-27 04:50:00+00:00,0,1,0.5601338486226678
2026-05-27 04:55:00+00:00,0,1,0.5924375257011566
2026-05-27 05:00:00+00:00,0,1,0.6306306818978219
2026-05-27 05:05:00+00:00,0,1,0.631213336835567
2026-05-27 05:10:00+00:00,0,1,0.6518307905840235
2026-05-27 05:15:00+00:00,0,1,0.6346523606360613
2026-05-27 05:20:00+00:00,0,1,0.6132773212072452
2026-05-27 05:25:00+00:00,0,1,0.5756617150840613
2026-05-27 05:30:00+00:00,0,1,0.6547319305697201
2026-05-27 05:35:00+00:00,0,1,0.6309497282489288
2026-05-27 05:40:00+00:00,0,1,0.6216505374048044
2026-05-27 05:45:00+00:00,0,1,0.6598703655810065
2026-05-27 05:50:00+00:00,0,1,0.6740261900133536
2026-05-27 05:55:00+00:00,0,1,0.6813776098310829
2026-05-27 06:00:00+00:00,1,1,0.7150341194858072
2026-05-27 06:05:00+00:00,1,1,0.701127305060601
2026-05-27 06:10:00+00:00,1,1,0.7114804058988214
2026-05-27 06:15:00+00:00,1,1,0.7134031724165216
2026-05-27 06:20:00+00:00,1,1,0.7176356856415268
2026-05-27 06:25:00+00:00,1,1,0.7224537519030002
2026-05-27 06:30:00+00:00,1,1,0.710819393095497
2026-05-27 06:35:00+00:00,1,1,0.6906810187489256
2026-05-27 06:40:00+00:00,1,1,0.6919463358230112
2026-05-27 06:45:00+00:00,1,1,0.6645238696738343
2026-05-27 06:50:00+00:00,1,1,0.7203025516763337
2026-05-27 06:55:00+00:00,1,1,0.7113809912135559
2026-05-27 07:00:00+00:00,1,1,0.7455156898630909
2026-05-27 07:05:00+00:00,1,1,0.7516371863865767
2026-05-27 07:10:00+00:00,1,1,0.7506606690739267
2026-05-27 07:15:00+00:00,1,1,0.7495176248831728
2026-05-27 07:20:00+00:00,1,1,0.7819387295509233
2026-05-27 07:25:00+00:00,1,1,0.702749378867489
2026-05-27 07:30:00+00:00,1,1,0.7022443995157496
2026-05-27 07:35:00+00:00,1,1,0.6698841615093297
2026-05-27 07:40:00+00:00,1,1,0.6633285896067472
2026-05-27 07:45:00+00:00,1,1,0.633104212999436
2026-05-27 07:50:00+00:00,1,1,0.6292411373916448
2026-05-27 07:55:00+00:00,1,1,0.5679504332991552
2026-05-27 08:00:00+00:00,1,1,0.5730712684504488
2026-05-27 08:05:00+00:00,1,1,0.5553513952011571
2026-05-27 08:10:00+00:00,1,1,0.57562278888814
2026-05-27 08:15:00+00:00,1,1,0.561680706333265
2026-05-27 08:20:00+00:00,1,1,0.5388185089702293
2026-05-27 08:25:00+00:00,1,1,0.5356308788933312
2026-05-27 08:30:00+00:00,1,0,0.4636076351522285
2026-05-27 08:35:00+00:00,1,0,0.46135195558995107
2026-05-27 08:40:00+00:00,1,0,0.49321776774326415
2026-05-27 08:45:00+00:00,0,1,0.5479947945617843
2026-05-27 08:50:00+00:00,1,1,0.5339043149244795
2026-05-27 09:00:00+00:00,0,0,0.4607451348141257
2026-05-27 09:10:00+00:00,0,0,0.4237636782153976
2026-05-27 09:15:00+00:00,0,0,0.40670464873147005
2026-05-27 09:30:00+00:00,0,0,0.4151568050930773
2026-05-27 09:35:00+00:00,0,0,0.47686767312141715
2026-05-27 09:40:00+00:00,1,1,0.5999742978573671
2026-05-27 09:45:00+00:00,1,1,0.6239772851448119
2026-05-27 10:00:00+00:00,0,1,0.5021732340571958
2026-05-27 10:05:00+00:00,0,1,0.5279369372215437
2026-05-27 10:10:00+00:00,1,1,0.5213944959560018
2026-05-27 10:15:00+00:00,1,1,0.5229396068406194
2026-05-27 10:20:00+00:00,1,1,0.5156649453555213
2026-05-27 10:25:00+00:00,1,1,0.511594943474995
2026-05-27 10:30:00+00:00,1,1,0.6774676728851472
2026-05-27 10:35:00+00:00,1,1,0.6389400073894953
2026-05-27 10:40:00+00:00,1,1,0.59929516955006
2026-05-27 10:45:00+00:00,1,1,0.6184169897986116
2026-05-27 10:50:00+00:00,1,1,0.60691039430302
2026-05-27 10:55:00+00:00,1,1,0.6132970598511939
2026-05-27 11:00:00+00:00,1,1,0.638882199395207
2026-05-27 11:05:00+00:00,1,1,0.6253759147141976
2026-05-27 11:10:00+00:00,0,1,0.5964624431697201
2026-05-27 11:15:00+00:00,0,1,0.6061557531842428
2026-05-27 11:20:00+00:00,0,1,0.5459948232811387
2026-05-27 11:25:00+00:00,0,0,0.4987250775075453
2026-05-27 11:30:00+00:00,0,1,0.5468704140539369
2026-05-27 11:35:00+00:00,0,1,0.6132050442672448
2026-05-27 11:40:00+00:00,0,1,0.5452032698475706
2026-05-27 11:45:00+00:00,0,1,0.5392840879657481
2026-05-27 11:50:00+00:00,0,1,0.5883650504785042
2026-05-27 11:55:00+00:00,0,1,0.6180981292960623
2026-05-27 12:00:00+00:00,0,1,0.5725941479593379
2026-05-27 12:05:00+00:00,0,1,0.5641527198123388
2026-05-27 12:15:00+00:00,1,1,0.6196796709416833
2026-05-27 12:20:00+00:00,1,1,0.6053668515789363
2026-05-27 12:25:00+00:00,1,1,0.6148927921182249
2026-05-27 12:30:00+00:00,1,1,0.6085419752874849
2026-05-27 12:35:00+00:00,1,1,0.5534795544191753
2026-05-27 12:40:00+00:00,1,1,0.5685285402485815
2026-05-27 12:45:00+00:00,1,1,0.603849070157737
2026-05-27 12:50:00+00:00,1,1,0.6152662595131521
2026-05-27 12:55:00+00:00,1,1,0.6046239357866853
2026-05-27 13:00:00+00:00,1,1,0.572787949295079
2026-05-27 13:05:00+00:00,1,1,0.5760792948877533
2026-05-27 13:10:00+00:00,1,1,0.5752915764603284
2026-05-27 13:15:00+00:00,1,0,0.4572059229214746
2026-05-27 13:20:00+00:00,1,0,0.4142581317481926
2026-05-27 13:25:00+00:00,1,0,0.4091370757297792
2026-05-27 13:30:00+00:00,1,0,0.4089371235704173
2026-05-27 13:35:00+00:00,1,0,0.41715518581340433
2026-05-27 13:40:00+00:00,1,0,0.42612263772755915
2026-05-27 13:45:00+00:00,1,0,0.42612263772755915
2026-05-27 13:50:00+00:00,1,0,0.42737248975858266
2026-05-27 13:55:00+00:00,1,1,0.5336802270450486
2026-05-27 14:00:00+00:00,1,1,0.5773926359942025
2026-05-27 14:05:00+00:00,1,1,0.5369077216626045
2026-05-27 14:10:00+00:00,1,1,0.508705774332527
2026-05-27 14:15:00+00:00,1,0,0.4264898843712155
2026-05-27 14:20:00+00:00,0,0,0.40935959955843704
2026-05-27 14:25:00+00:00,0,0,0.4061094013579326
2026-05-27 14:30:00+00:00,0,0,0.36345487152850814
2026-05-27 14:35:00+00:00,0,0,0.3887727404642812
2026-05-27 14:40:00+00:00,0,0,0.3942735779832119
2026-05-27 14:45:00+00:00,0,0,0.2736900220912422
2026-05-27 14:50:00+00:00,0,0,0.2661243662807729
2026-05-27 14:55:00+00:00,0,0,0.305636373594264
2026-05-27 15:00:00+00:00,0,0,0.30271618489552116
2026-05-27 15:10:00+00:00,0,0,0.3192391545087756
2026-05-27 15:20:00+00:00,1,1,0.5893211343418234
2026-05-27 15:25:00+00:00,1,0,0.4592858684156815
2026-05-27 15:30:00+00:00,1,0,0.467822719195331
2026-05-27 15:35:00+00:00,1,0,0.41735786964232274
2026-05-27 15:40:00+00:00,1,0,0.4547567585792958
2026-05-27 15:45:00+00:00,1,0,0.44432971662062276
2026-05-27 15:50:00+00:00,1,0,0.43007714390848006
2026-05-27 15:55:00+00:00,0,0,0.4281651349893886
2026-05-27 16:05:00+00:00,0,0,0.4867474597782739
2026-05-27 16:10:00+00:00,0,0,0.4677354127767699
2026-05-27 16:15:00+00:00,0,0,0.47779260009871766
2026-05-27 16:25:00+00:00,0,0,0.4787426755011309
2026-05-27 16:30:00+00:00,1,0,0.49461927136231576
2026-05-27 16:45:00+00:00,1,1,0.5040043249749179
2026-05-27 16:50:00+00:00,1,0,0.498119950036134
2026-05-27 16:55:00+00:00,1,1,0.621614965966988
2026-05-27 17:00:00+00:00,1,1,0.6282871221112766
2026-05-27 17:05:00+00:00,1,1,0.6429522716699193
2026-05-27 17:10:00+00:00,1,1,0.6653132384296556
2026-05-27 17:15:00+00:00,1,1,0.6504204033223205
2026-05-27 17:20:00+00:00,1,1,0.5621894246445006
2026-05-27 17:25:00+00:00,1,1,0.5830410751982591
2026-05-27 17:35:00+00:00,1,0,0.49382616937124135
2026-05-27 17:40:00+00:00,1,1,0.5811821466247672
2026-05-27 17:45:00+00:00,1,0,0.4510974340294843
2026-05-27 17:55:00+00:00,0,0,0.4451791956331816
2026-05-27 18:00:00+00:00,1,0,0.48258583430887586
2026-05-27 18:05:00+00:00,1,1,0.5185846555054411
2026-05-27 18:10:00+00:00,1,1,0.5147318067346682
2026-05-27 18:15:00+00:00,1,0,0.47516887273741004
2026-05-27 18:20:00+00:00,1,0,0.4843623012497859
2026-05-27 18:25:00+00:00,1,0,0.4970080872658591
2026-05-27 18:30:00+00:00,1,1,0.5293538618787972
2026-05-27 18:35:00+00:00,1,0,0.4886650536840474
2026-05-27 18:40:00+00:00,1,0,0.4688862657142022
2026-05-27 18:55:00+00:00,1,0,0.4794179695804393
2026-05-27 19:05:00+00:00,1,1,0.5062817068165388
2026-05-27 19:10:00+00:00,1,1,0.502477279182432
2026-05-27 19:15:00+00:00,1,1,0.5060428174978101
2026-05-27 19:20:00+00:00,1,1,0.5611147229711826
2026-05-27 19:25:00+00:00,1,1,0.5669786388328097
2026-05-27 19:30:00+00:00,1,1,0.5688117408444934
2026-05-27 19:35:00+00:00,1,1,0.5385845195921941
2026-05-27 19:40:00+00:00,1,1,0.5627779288293255
2026-05-27 19:45:00+00:00,1,1,0.6259238438395585
2026-05-27 19:50:00+00:00,1,1,0.6259238438395585
2026-05-27 19:55:00+00:00,1,1,0.6200243821674557
2026-05-27 20:00:00+00:00,1,1,0.6627254970722135
2026-05-27 20:15:00+00:00,0,1,0.5088837223024077
2026-05-27 20:20:00+00:00,0,1,0.5280283909304512
2026-05-27 20:25:00+00:00,0,1,0.5119958443903367
2026-05-27 20:30:00+00:00,0,1,0.5597130162346619
2026-05-27 20:35:00+00:00,0,1,0.5655519920937134
2026-05-27 20:45:00+00:00,0,1,0.6156973834886843
2026-05-27 20:55:00+00:00,0,0,0.3993755686550807
2026-05-27 21:00:00+00:00,0,0,0.38796790702911405
2026-05-27 21:05:00+00:00,0,0,0.38465926833481345
2026-05-27 21:10:00+00:00,0,0,0.394393740462208
2026-05-27 21:15:00+00:00,0,0,0.3692106585424185
2026-05-27 21:20:00+00:00,0,0,0.3662447653213384
2026-05-27 21:25:00+00:00,0,0,0.35823779870274886
2026-05-27 21:30:00+00:00,0,0,0.3747816525241662
2026-05-27 21:35:00+00:00,0,0,0.36793515560119405
2026-05-27 21:40:00+00:00,1,0,0.48899068160738984
2026-05-27 21:45:00+00:00,1,0,0.48584050228108433
2026-05-27 21:50:00+00:00,1,1,0.5790961587794387
2026-05-27 21:55:00+00:00,1,1,0.594974159649468
2026-05-27 22:00:00+00:00,1,1,0.5082224447128522
2026-05-27 22:05:00+00:00,1,1,0.502922083323615
2026-05-27 22:10:00+00:00,0,0,0.3889166346533547
2026-05-27 22:20:00+00:00,1,0,0.3788584256155305
2026-05-27 22:30:00+00:00,1,0,0.463739202546624
2026-05-27 22:35:00+00:00,1,0,0.4668583755552139
2026-05-27 22:50:00+00:00,0,0,0.32813866008361725
2026-05-27 22:55:00+00:00,0,0,0.37796434220328373
2026-05-27 23:00:00+00:00,0,0,0.07969299728332543
2026-05-27 23:05:00+00:00,0,0,0.0838229970229257
2026-05-27 23:10:00+00:00,0,0,0.12289285392194906
2026-05-27 23:15:00+00:00,0,0,0.04308268550909203
2026-05-27 23:20:00+00:00,0,0,0.06567505786429233
2026-05-27 23:25:00+00:00,0,0,0.07052158326191457
2026-05-27 23:30:00+00:00,0,0,0.06561289796272854
2026-05-27 23:35:00+00:00,0,0,0.06187197964524983
2026-05-27 23:40:00+00:00,0,0,0.06596714180591082
2026-05-27 23:45:00+00:00,0,0,0.0625434091639113
2026-05-27 23:50:00+00:00,0,0,0.06245538906550937
2026-05-27 23:55:00+00:00,0,0,0.11225218428920351
2026-05-28 00:00:00+00:00,1,1,0.6371864085253294
2026-05-28 00:05:00+00:00,1,1,0.5517846009180981
2026-05-28 00:10:00+00:00,1,1,0.6098576557153207
2026-05-28 00:15:00+00:00,1,1,0.5081227922921812
2026-05-28 00:20:00+00:00,1,1,0.7921330743470328
2026-05-28 00:25:00+00:00,1,1,0.8106810655494133
2026-05-28 00:30:00+00:00,1,1,0.8036870439440593
2026-05-28 00:35:00+00:00,1,1,0.700136011280872
2026-05-28 00:40:00+00:00,1,1,0.7081416407085515
2026-05-28 00:45:00+00:00,1,1,0.6706918606825267
2026-05-28 00:50:00+00:00,1,1,0.6698073348264604
2026-05-28 00:55:00+00:00,1,1,0.6169019019070058
2026-05-28 01:00:00+00:00,1,1,0.5791646820575289
2026-05-28 01:05:00+00:00,1,1,0.5592998192793739
2026-05-28 01:10:00+00:00,1,1,0.6112916389331584
2026-05-28 01:15:00+00:00,1,1,0.6023867746256449
2026-05-28 01:20:00+00:00,1,1,0.5949293518624713
2026-05-28 01:25:00+00:00,1,1,0.5912437171254822
2026-05-28 01:30:00+00:00,1,1,0.5773453901179093
2026-05-28 01:35:00+00:00,1,1,0.5802111696765031
2026-05-28 01:40:00+00:00,1,1,0.5573443578135592
2026-05-28 01:45:00+00:00,1,1,0.5420347665306328
2026-05-28 01:50:00+00:00,1,1,0.5513295346610004
2026-05-28 01:55:00+00:00,1,0,0.3688301728860978
2026-05-28 02:00:00+00:00,1,0,0.38893923749808623
2026-05-28 02:05:00+00:00,1,0,0.40059414031262125
2026-05-28 02:10:00+00:00,1,0,0.38804088858104535
2026-05-28 02:15:00+00:00,1,0,0.45827940244470206
2026-05-28 02:20:00+00:00,1,0,0.35148753031175173
2026-05-28 02:25:00+00:00,1,0,0.32948470295325055
2026-05-28 02:30:00+00:00,1,0,0.41686404353394174
2026-05-28 02:35:00+00:00,1,0,0.4210624003767688
2026-05-28 02:40:00+00:00,1,0,0.41846109370145246
2026-05-28 02:45:00+00:00,1,0,0.4322330035699188
2026-05-28 02:50:00+00:00,1,0,0.3836230456846027
2026-05-28 02:55:00+00:00,0,0,0.3843153122004343
2026-05-28 03:05:00+00:00,1,0,0.482785991204712
2026-05-28 03:10:00+00:00,0,0,0.47445591230084116
2026-05-28 03:15:00+00:00,0,0,0.4833266968638834
2026-05-28 03:20:00+00:00,0,0,0.49735426816431577
2026-05-28 03:35:00+00:00,0,0,0.4367316566976905
2026-05-28 03:45:00+00:00,0,0,0.4014571249118032
2026-05-28 03:50:00+00:00,0,1,0.5099582287762583
2026-05-28 03:55:00+00:00,1,1,0.5386459030407529
2026-05-28 04:00:00+00:00,1,1,0.5090759968670637
2026-05-28 04:05:00+00:00,1,1,0.5285281700889984
2026-05-28 04:10:00+00:00,1,1,0.5796714145767974
2026-05-28 04:15:00+00:00,1,1,0.5460235563294855
2026-05-28 04:25:00+00:00,0,0,0.4927632569832361
2026-05-28 04:30:00+00:00,0,0,0.4677507086771567
2026-05-28 04:35:00+00:00,0,0,0.4516415390803703
2026-05-28 04:40:00+00:00,0,0,0.45357223848320344
2026-05-28 04:45:00+00:00,0,0,0.441296065503927
2026-05-28 04:55:00+00:00,0,0,0.44693924297713233
2026-05-28 05:00:00+00:00,0,0,0.4650855116725437
2026-05-28 05:05:00+00:00,0,0,0.4682962161068922
2026-05-28 05:10:00+00:00,0,1,0.5147853688293215
2026-05-28 05:15:00+00:00,1,1,0.516345778334585
2026-05-28 05:20:00+00:00,1,1,0.5644726465716575
2026-05-28 05:25:00+00:00,1,1,0.5470465911871498
2026-05-28 05:30:00+00:00,1,1,0.5447418258072603
2026-05-28 05:35:00+00:00,1,1,0.5385700079170032
2026-05-28 05:40:00+00:00,1,0,0.4503339703694087
2026-05-28 05:45:00+00:00,1,0,0.4332535912026529
2026-05-28 05:50:00+00:00,1,0,0.36505150718500906
2026-05-28 05:55:00+00:00,1,0,0.4406741856239185
2026-05-28 06:00:00+00:00,1,1,0.5329606764903996
2026-05-28 06:05:00+00:00,1,0,0.4540774061613127
2026-05-28 06:10:00+00:00,0,0,0.4076346630638004
2026-05-28 06:15:00+00:00,0,0,0.38075245273178604
2026-05-28 06:20:00+00:00,0,0,0.37007940347993873
2026-05-28 06:25:00+00:00,0,0,0.3760811695944321
2026-05-28 06:30:00+00:00,0,0,0.44475983179094675
2026-05-28 06:35:00+00:00,0,0,0.4349472285442659
2026-05-28 06:40:00+00:00,0,0,0.4420017301711176
2026-05-28 06:45:00+00:00,0,0,0.39721551869852
2026-05-28 06:50:00+00:00,0,0,0.3997177386371713
2026-05-28 06:55:00+00:00,0,0,0.49530231783539147
2026-05-28 07:00:00+00:00,0,0,0.4724290232320268
2026-05-28 07:10:00+00:00,1,1,0.6363238932813898
2026-05-28 07:15:00+00:00,0,1,0.6044122981063177
2026-05-28 07:35:00+00:00,0,1,0.5790135502392278
2026-05-28 07:40:00+00:00,0,1,0.5720844896535074
2026-05-28 07:45:00+00:00,0,1,0.561077368669363
2026-05-28 07:50:00+00:00,0,0,0.4145400222814261
2026-05-28 07:55:00+00:00,0,0,0.4490045243264966
2026-05-28 08:00:00+00:00,0,0,0.45092964096759863
2026-05-28 08:05:00+00:00,0,0,0.496002384911378
2026-05-28 08:10:00+00:00,0,0,0.4954909691681317
2026-05-28 08:15:00+00:00,0,1,0.5459449607882555
2026-05-28 08:20:00+00:00,0,0,0.37791271323639697
2026-05-28 08:25:00+00:00,0,0,0.3639989492872901
2026-05-28 08:30:00+00:00,0,0,0.490709985285417
2026-05-28 08:35:00+00:00,0,1,0.5536635974417591
2026-05-28 08:40:00+00:00,0,1,0.5564786149159585
2026-05-28 08:45:00+00:00,0,1,0.5722486887654774
2026-05-28 08:50:00+00:00,0,1,0.5328945611318153
2026-05-28 08:55:00+00:00,0,1,0.5305989775754878
2026-05-28 09:00:00+00:00,0,1,0.5862653499555204
2026-05-28 09:05:00+00:00,0,1,0.5886084546465123
2026-05-28 09:10:00+00:00,0,1,0.5038920647621042
2026-05-28 09:15:00+00:00,0,1,0.5597651867853588
2026-05-28 09:20:00+00:00,0,1,0.6079613072283574
2026-05-28 09:25:00+00:00,0,1,0.6059835018263481
2026-05-28 09:35:00+00:00,1,1,0.7047884728879561
2026-05-28 09:40:00+00:00,1,1,0.6720524845598381
2026-05-28 09:45:00+00:00,1,1,0.6830439923231287
2026-05-28 09:50:00+00:00,0,1,0.6254985236958432
2026-05-28 09:55:00+00:00,0,1,0.6360415002808913
2026-05-28 10:00:00+00:00,0,1,0.7215938756845321
2026-05-28 10:05:00+00:00,0,1,0.7285273830173083
2026-05-28 10:10:00+00:00,1,1,0.740255356190729
2026-05-28 10:15:00+00:00,1,1,0.7265538736496285
2026-05-28 10:20:00+00:00,1,1,0.7219070967960934
2026-05-28 10:30:00+00:00,0,1,0.6876379296131155
2026-05-28 10:35:00+00:00,0,1,0.7020467665300304
2026-05-28 10:40:00+00:00,0,1,0.7378397276544567
2026-05-28 10:45:00+00:00,0,1,0.7131973378619382
2026-05-28 10:50:00+00:00,0,1,0.736815986194942
2026-05-28 10:55:00+00:00,0,1,0.7116621841127617
2026-05-28 11:10:00+00:00,0,1,0.7250958015548287
2026-05-28 11:15:00+00:00,0,1,0.6900592930577274
2026-05-28 11:20:00+00:00,0,1,0.7092666293409745
2026-05-28 11:25:00+00:00,0,1,0.7066634562402886
2026-05-28 11:30:00+00:00,0,1,0.704356214597992
2026-05-28 11:35:00+00:00,0,1,0.7301373470387222
2026-05-28 11:40:00+00:00,0,1,0.7257382396741824
2026-05-28 11:45:00+00:00,0,1,0.750415227265877
2026-05-28 11:50:00+00:00,0,1,0.7319633781741861
2026-05-28 11:55:00+00:00,0,1,0.7374878432659971
2026-05-28 12:00:00+00:00,0,1,0.6930799599508627
2026-05-28 12:05:00+00:00,0,1,0.7004220887259724
2026-05-28 12:10:00+00:00,0,1,0.7600689378020484
2026-05-28 12:15:00+00:00,0,1,0.7535689935407142
2026-05-28 12:20:00+00:00,1,1,0.7757309946506259
2026-05-28 12:30:00+00:00,0,1,0.6894487960409936
2026-05-28 12:35:00+00:00,0,1,0.7007306714057171
2026-05-28 12:40:00+00:00,1,1,0.6655737664292911
2026-05-28 12:45:00+00:00,1,1,0.6765598427442573
2026-05-28 12:50:00+00:00,1,1,0.6490195591922029
2026-05-28 12:55:00+00:00,1,1,0.6842798377659747
2026-05-28 13:00:00+00:00,1,1,0.6852120907626632
2026-05-28 13:05:00+00:00,1,1,0.7096664206084693
2026-05-28 13:10:00+00:00,1,1,0.715186295635162
2026-05-28 13:15:00+00:00,1,1,0.7134462303563973
2026-05-28 13:20:00+00:00,1,1,0.6881948516081573
2026-05-28 13:25:00+00:00,1,1,0.6729380221021565
2026-05-28 13:30:00+00:00,1,1,0.6919675232242118
2026-05-28 13:35:00+00:00,1,1,0.7167605575261453
2026-05-28 13:45:00+00:00,1,1,0.6652552184743156
2026-05-28 13:50:00+00:00,1,1,0.6202600287211049
2026-05-28 14:00:00+00:00,1,1,0.5902613748135547
2026-05-28 14:05:00+00:00,1,1,0.5442313431753778
2026-05-28 14:10:00+00:00,0,1,0.5087051115430734
2026-05-28 14:20:00+00:00,0,1,0.537043273675468
2026-05-28 14:25:00+00:00,0,1,0.5066147598475536
2026-05-28 14:30:00+00:00,0,1,0.5498530382768299
2026-05-28 14:35:00+00:00,0,1,0.5855466221040255
2026-05-28 14:40:00+00:00,0,1,0.5820936733364053
2026-05-28 14:45:00+00:00,0,1,0.6180066430538128
2026-05-28 14:50:00+00:00,0,1,0.5863978086544485
2026-05-28 14:55:00+00:00,0,1,0.5793632401547665
2026-05-28 15:00:00+00:00,0,1,0.5868309589432313
2026-05-28 15:05:00+00:00,0,1,0.6024547771770778
2026-05-28 15:10:00+00:00,0,1,0.6638504646951601
2026-05-28 15:15:00+00:00,0,1,0.6255977757022475
2026-05-28 15:20:00+00:00,0,1,0.6386297382315069
2026-05-28 15:25:00+00:00,0,1,0.7194056956298187
2026-05-28 15:30:00+00:00,1,1,0.663260977007761
2026-05-28 15:35:00+00:00,1,1,0.7097038190046515
2026-05-28 15:40:00+00:00,1,1,0.7151856343104889
2026-05-28 15:45:00+00:00,1,1,0.7229882448771502
2026-05-28 15:50:00+00:00,1,1,0.7353460012130644
2026-05-28 15:55:00+00:00,1,1,0.5934658741441757
2026-05-28 16:00:00+00:00,1,1,0.6188739695687016
2026-05-28 16:05:00+00:00,1,1,0.5797125183043242
2026-05-28 16:10:00+00:00,0,1,0.5043201987602999
2026-05-28 16:15:00+00:00,0,1,0.5122819375386635
2026-05-28 16:20:00+00:00,0,1,0.5277470468920262
2026-05-28 16:25:00+00:00,0,1,0.5436267240217701
2026-05-28 16:30:00+00:00,0,1,0.5276883076574751
2026-05-28 16:35:00+00:00,0,1,0.5523030322794463
2026-05-28 16:40:00+00:00,0,1,0.5488922657789896
2026-05-28 16:45:00+00:00,0,1,0.5381298464262968
2026-05-28 16:50:00+00:00,0,0,0.4990375581540103
2026-05-28 16:55:00+00:00,0,1,0.5015661501140174
2026-05-28 17:00:00+00:00,0,0,0.48396608586637163
2026-05-28 17:05:00+00:00,0,0,0.4740663717170852
2026-05-28 17:10:00+00:00,0,1,0.5415298598196675
2026-05-28 17:15:00+00:00,0,1,0.5614923927081379
2026-05-28 17:20:00+00:00,0,1,0.5355409757531351
2026-05-28 17:25:00+00:00,0,1,0.5437387572737692
2026-05-28 17:30:00+00:00,0,1,0.5652855189003391
2026-05-28 17:35:00+00:00,0,1,0.5690542870316846
2026-05-28 17:40:00+00:00,1,1,0.5774069371132883
2026-05-28 17:55:00+00:00,1,1,0.5791807861677905
2026-05-28 18:00:00+00:00,1,1,0.6488133415479846
2026-05-28 18:05:00+00:00,1,1,0.6300158063482428
2026-05-28 18:10:00+00:00,1,1,0.603533538938553
2026-05-28 18:20:00+00:00,0,1,0.6142306938119935
2026-05-28 18:25:00+00:00,0,1,0.6095865121878585
2026-05-28 18:30:00+00:00,0,1,0.5928039380437369
2026-05-28 18:35:00+00:00,0,0,0.4959755162044967
2026-05-28 18:40:00+00:00,0,1,0.5156827632239105
2026-05-28 18:45:00+00:00,0,1,0.5051201197438441
2026-05-28 18:50:00+00:00,0,1,0.5294161770123089
2026-05-28 18:55:00+00:00,0,1,0.5300664244111194
2026-05-28 19:00:00+00:00,0,1,0.5843301090372045
2026-05-28 19:05:00+00:00,0,1,0.5951692296044222
2026-05-28 19:10:00+00:00,0,1,0.5979070100574754
2026-05-28 19:15:00+00:00,0,1,0.5821897204335515
2026-05-28 19:20:00+00:00,1,1,0.6212452803060257
2026-05-28 19:25:00+00:00,1,1,0.6086649961474041
2026-05-28 19:40:00+00:00,1,1,0.6360931855762225
2026-05-28 19:45:00+00:00,1,1,0.6262061309743013
2026-05-28 19:50:00+00:00,1,1,0.6186784195588336
2026-05-28 19:55:00+00:00,1,1,0.6477835549011076
2026-05-28 20:00:00+00:00,1,1,0.6871829096839969
2026-05-28 20:05:00+00:00,1,1,0.6796672809187458
2026-05-28 20:20:00+00:00,1,1,0.6687100056128075
2026-05-28 20:30:00+00:00,1,1,0.6567610657444116
2026-05-28 20:35:00+00:00,1,1,0.6720325673068461
2026-05-28 20:40:00+00:00,1,1,0.6402433160115432
2026-05-28 20:45:00+00:00,1,1,0.6070772314528882
2026-05-28 20:50:00+00:00,1,1,0.6230098248616072
2026-05-28 20:55:00+00:00,1,1,0.649665609478245
2026-05-28 21:00:00+00:00,1,1,0.6322602961833746
2026-05-28 21:05:00+00:00,1,1,0.6805050207118912
2026-05-28 21:10:00+00:00,1,1,0.6634859308797851
2026-05-28 21:15:00+00:00,1,1,0.6755464551074918
2026-05-28 21:20:00+00:00,1,1,0.6196615522983667
2026-05-28 21:30:00+00:00,0,1,0.552471403498055
2026-05-28 21:35:00+00:00,0,1,0.5214677436172541
2026-05-28 21:40:00+00:00,0,1,0.5224621379239597
2026-05-28 21:45:00+00:00,0,1,0.5555373027284451
2026-05-28 21:50:00+00:00,0,1,0.6018042098345141
2026-05-28 21:55:00+00:00,0,1,0.5685647516131778
2026-05-28 22:00:00+00:00,0,1,0.5526609006529967
2026-05-28 22:05:00+00:00,0,0,0.4903654207907978
2026-05-28 22:10:00+00:00,0,1,0.5039805237386323
2026-05-28 22:25:00+00:00,1,1,0.5854306028078425
2026-05-28 22:30:00+00:00,1,1,0.6255908206286402
2026-05-28 22:35:00+00:00,1,1,0.7009704806552156
2026-05-28 22:40:00+00:00,1,1,0.7129609296552826
2026-05-28 22:45:00+00:00,1,1,0.7092125690581171
2026-05-28 22:50:00+00:00,1,1,0.7082694951185119
2026-05-28 22:55:00+00:00,0,1,0.6470852052013992
2026-05-28 23:00:00+00:00,0,0,0.08104328862398072
2026-05-28 23:05:00+00:00,0,0,0.08719418093950752
2026-05-28 23:10:00+00:00,0,0,0.09805199353172772
2026-05-28 23:15:00+00:00,0,0,0.09227593300568665
2026-05-28 23:20:00+00:00,0,0,0.08738508992823488
2026-05-28 23:25:00+00:00,0,0,0.07998502982616008
2026-05-28 23:30:00+00:00,0,0,0.08295897726922072
2026-05-28 23:35:00+00:00,0,0,0.15053268188190272
2026-05-28 23:40:00+00:00,0,0,0.12075025988038168
2026-05-28 23:45:00+00:00,0,0,0.09354942119246168
2026-05-28 23:50:00+00:00,0,0,0.08871054753412728
2026-05-28 23:55:00+00:00,0,0,0.17788203142931205
2026-05-29 00:00:00+00:00,1,1,0.7338279081567993
2026-05-29 00:05:00+00:00,1,1,0.726695621933069
2026-05-29 00:10:00+00:00,1,1,0.7847568776440536
2026-05-29 00:15:00+00:00,1,1,0.8192615859771158
2026-05-29 00:20:00+00:00,1,1,0.7771694386271065
2026-05-29 00:25:00+00:00,1,1,0.7623656961417746
2026-05-29 00:30:00+00:00,1,1,0.7447686331123442
2026-05-29 00:35:00+00:00,1,1,0.735667092605027
2026-05-29 00:40:00+00:00,1,1,0.7436431821599773
2026-05-29 00:45:00+00:00,1,1,0.7767349355317025
2026-05-29 00:50:00+00:00,1,1,0.835362640597296
2026-05-29 00:55:00+00:00,1,1,0.6599678711015667
2026-05-29 01:05:00+00:00,1,1,0.6545473665841146
2026-05-29 01:10:00+00:00,1,1,0.6088247657722665
2026-05-29 01:25:00+00:00,0,0,0.4978218507515276
2026-05-29 01:30:00+00:00,0,0,0.47170741474242367
2026-05-29 01:40:00+00:00,1,1,0.5418371676163616
2026-05-29 01:45:00+00:00,1,1,0.5023138409379198
2026-05-29 01:50:00+00:00,1,1,0.5202733900310714
2026-05-29 01:55:00+00:00,1,0,0.4828858628758249
2026-05-29 02:00:00+00:00,1,0,0.4907307874783356
2026-05-29 02:05:00+00:00,1,0,0.4653289685794672
2026-05-29 02:10:00+00:00,1,1,0.5046688150447055
2026-05-29 02:15:00+00:00,1,1,0.5360594653097734
2026-05-29 02:20:00+00:00,1,1,0.511634308000402
2026-05-29 02:25:00+00:00,1,0,0.49694717516030973
2026-05-29 02:30:00+00:00,1,1,0.6850395727455195
2026-05-29 02:35:00+00:00,1,1,0.5927641839740373
2026-05-29 02:40:00+00:00,1,1,0.5752693372349296
2026-05-29 02:45:00+00:00,1,1,0.6038327764009362
2026-05-29 02:50:00+00:00,1,1,0.6402978532082074
2026-05-29 02:55:00+00:00,1,1,0.6217073486312885
2026-05-29 03:00:00+00:00,1,1,0.6662327765065491
2026-05-29 03:05:00+00:00,0,1,0.5920277552109243
2026-05-29 03:10:00+00:00,0,1,0.5865965476799536
2026-05-29 03:30:00+00:00,0,1,0.6124977174181755
2026-05-29 03:35:00+00:00,0,1,0.6032339762147405
2026-05-29 03:40:00+00:00,1,1,0.6444305175749496
2026-05-29 03:45:00+00:00,1,1,0.6108065033212965
2026-05-29 03:50:00+00:00,1,1,0.6112347624213522
2026-05-29 03:55:00+00:00,1,1,0.626532598260095
2026-05-29 04:05:00+00:00,1,1,0.6324913845306654
2026-05-29 04:10:00+00:00,1,1,0.6157480757089012
2026-05-29 04:15:00+00:00,1,1,0.6143009312164383
2026-05-29 04:20:00+00:00,1,1,0.5990893172395233
2026-05-29 04:25:00+00:00,1,1,0.60148073687607
2026-05-29 04:30:00+00:00,1,1,0.5949179778722047
2026-05-29 04:35:00+00:00,1,1,0.6062895808370312
2026-05-29 04:45:00+00:00,0,1,0.5640672043589467
2026-05-29 04:50:00+00:00,0,1,0.5463235434112574
2026-05-29 05:00:00+00:00,1,1,0.6143559263964687
2026-05-29 05:05:00+00:00,1,1,0.6121450419906106
2026-05-29 05:10:00+00:00,1,1,0.6413684838463798
2026-05-29 05:15:00+00:00,1,1,0.6082399786558224
2026-05-29 05:20:00+00:00,1,1,0.6085722908668841
2026-05-29 05:25:00+00:00,1,1,0.5842701057481152
2026-05-29 05:30:00+00:00,1,1,0.5907973428939487
2026-05-29 05:35:00+00:00,1,1,0.5907973428939487
2026-05-29 05:40:00+00:00,1,1,0.5869219031116499
2026-05-29 05:45:00+00:00,1,1,0.6482898474649192
2026-05-29 05:50:00+00:00,1,1,0.6181502460467231
2026-05-29 05:55:00+00:00,1,1,0.5489128004991178
2026-05-29 06:00:00+00:00,1,0,0.48686236957645973
2026-05-29 06:05:00+00:00,1,0,0.4837402145614372
2026-05-29 06:10:00+00:00,1,1,0.501662757698619
2026-05-29 06:15:00+00:00,1,1,0.501662757698619
2026-05-29 06:30:00+00:00,1,1,0.5372203816480763
2026-05-29 06:40:00+00:00,0,1,0.5044521762012437
2026-05-29 06:45:00+00:00,0,0,0.46267652211033194
2026-05-29 06:50:00+00:00,0,0,0.4226581048499682
2026-05-29 06:55:00+00:00,0,0,0.439441540067958
2026-05-29 07:00:00+00:00,0,0,0.3691341507329637
2026-05-29 07:05:00+00:00,0,0,0.41340678538470627
2026-05-29 07:10:00+00:00,0,0,0.40138338613995656
2026-05-29 07:15:00+00:00,0,0,0.4021622215752785
2026-05-29 07:20:00+00:00,0,0,0.4021330183060503
2026-05-29 07:25:00+00:00,0,0,0.48101918365452134
2026-05-29 07:30:00+00:00,0,0,0.44376112722854677
2026-05-29 07:35:00+00:00,0,0,0.49880797755615897
2026-05-29 07:40:00+00:00,0,1,0.5280423810654403
2026-05-29 07:45:00+00:00,0,1,0.5497340412518243
2026-05-29 07:55:00+00:00,1,1,0.5441257924789592
2026-05-29 08:00:00+00:00,0,1,0.5585010906135047
2026-05-29 08:05:00+00:00,1,1,0.5481365193597774
2026-05-29 08:10:00+00:00,1,1,0.5460056699130902
2026-05-29 08:15:00+00:00,1,1,0.5463002749319886
2026-05-29 08:30:00+00:00,0,0,0.4999341234531401
2026-05-29 08:35:00+00:00,0,1,0.5347534390726227
2026-05-29 08:40:00+00:00,0,1,0.5361941715601355
2026-05-29 08:45:00+00:00,0,1,0.5196644261576324
2026-05-29 08:50:00+00:00,0,1,0.5067508659053848
2026-05-29 08:55:00+00:00,0,0,0.4804514230386289
2026-05-29 09:00:00+00:00,0,1,0.50751695551629
2026-05-29 09:05:00+00:00,0,0,0.48145543297712196
2026-05-29 09:10:00+00:00,0,1,0.5224844613156278
2026-05-29 09:15:00+00:00,0,0,0.49321439910441495
2026-05-29 09:20:00+00:00,0,1,0.5137278248192668
2026-05-29 09:25:00+00:00,0,0,0.4839237583544308
2026-05-29 09:30:00+00:00,0,1,0.5279100693482868
2026-05-29 09:35:00+00:00,1,1,0.5346391624227245
2026-05-29 09:40:00+00:00,1,1,0.6279179474607456
2026-05-29 09:45:00+00:00,1,1,0.6209608812862544
2026-05-29 09:50:00+00:00,1,1,0.7888634644298057
2026-05-29 09:55:00+00:00,1,1,0.7474344552884623
2026-05-29 10:00:00+00:00,1,1,0.7449079839861681
2026-05-29 10:05:00+00:00,0,1,0.7437289876564314
2026-05-29 10:15:00+00:00,1,1,0.7470882147865198
2026-05-29 10:35:00+00:00,0,1,0.672485096518352
2026-05-29 10:40:00+00:00,0,1,0.6816485870212907
2026-05-29 10:50:00+00:00,1,1,0.6547382782440692
2026-05-29 10:55:00+00:00,1,1,0.7105967459237167
2026-05-29 11:00:00+00:00,1,1,0.6941582780097826
2026-05-29 11:05:00+00:00,1,1,0.7261890240731357
2026-05-29 11:10:00+00:00,1,1,0.7002221916998553
2026-05-29 11:20:00+00:00,1,1,0.6750709954728938
2026-05-29 11:25:00+00:00,0,1,0.6680056008156521
2026-05-29 11:30:00+00:00,0,1,0.6803605114336698
2026-05-29 11:50:00+00:00,0,1,0.6029757624801038
2026-05-29 12:00:00+00:00,1,1,0.5572929939656999
2026-05-29 12:15:00+00:00,1,1,0.6493886785109831
2026-05-29 12:25:00+00:00,1,1,0.6058363968831278
2026-05-29 12:55:00+00:00,0,1,0.5683607243871861
2026-05-29 13:00:00+00:00,0,1,0.5180781316144689
2026-05-29 13:10:00+00:00,1,1,0.6509046725323968
2026-05-29 13:15:00+00:00,0,1,0.6406786913254972
2026-05-29 13:20:00+00:00,0,1,0.6069645693473401
2026-05-29 13:30:00+00:00,1,1,0.6286062289921145
2026-05-29 13:45:00+00:00,0,1,0.6360580319213386
2026-05-29 13:50:00+00:00,0,1,0.6325796231082619
2026-05-29 13:55:00+00:00,0,0,0.46278592915380706
2026-05-29 14:00:00+00:00,0,1,0.5266195507526648
2026-05-29 14:05:00+00:00,0,1,0.5318890217036151
2026-05-29 14:10:00+00:00,0,1,0.5891324439412725
2026-05-29 14:15:00+00:00,0,1,0.5747747632587904
2026-05-29 14:25:00+00:00,0,1,0.5881535750656303
2026-05-29 14:30:00+00:00,0,1,0.5546572895708903
2026-05-29 14:35:00+00:00,1,0,0.49508247770818453
2026-05-29 14:40:00+00:00,1,1,0.5242365762653117
2026-05-29 14:45:00+00:00,1,1,0.5363487154720888
2026-05-29 14:50:00+00:00,0,1,0.5218151890117464
2026-05-29 15:00:00+00:00,0,1,0.6254009425862338
2026-05-29 15:05:00+00:00,1,1,0.6277423523910051
2026-05-29 15:10:00+00:00,1,1,0.5481810683479316
2026-05-29 15:15:00+00:00,1,1,0.6234192779955005
2026-05-29 15:40:00+00:00,0,1,0.5211480083861831
2026-05-29 15:50:00+00:00,1,1,0.597962833412231
2026-05-29 15:55:00+00:00,1,1,0.6159867572270661
2026-05-29 16:00:00+00:00,1,1,0.6386858063436082
2026-05-29 16:10:00+00:00,1,1,0.556250710163285
2026-05-29 16:15:00+00:00,1,1,0.676129663515418
2026-05-29 16:20:00+00:00,1,1,0.6812550747341792
2026-05-29 16:25:00+00:00,1,1,0.6809967987983077
2026-05-29 16:30:00+00:00,1,1,0.675872936240656
2026-05-29 16:35:00+00:00,1,1,0.6617850880911496
2026-05-29 16:40:00+00:00,1,1,0.6858004541622669
2026-05-29 16:45:00+00:00,1,1,0.672453555521249
2026-05-29 16:50:00+00:00,0,1,0.658686539210627
2026-05-29 16:55:00+00:00,0,1,0.6431834458218094
2026-05-29 17:00:00+00:00,0,1,0.5998728874968178
2026-05-29 17:05:00+00:00,0,1,0.5720777865030353
2026-05-29 17:10:00+00:00,0,0,0.48968708276853795
2026-05-29 17:15:00+00:00,0,0,0.4514555965772495
2026-05-29 17:20:00+00:00,0,0,0.4506504855364307
2026-05-29 17:25:00+00:00,0,0,0.45861590839765404
2026-05-29 17:30:00+00:00,0,1,0.5553560386374488
2026-05-29 17:35:00+00:00,0,1,0.5478658629260658
2026-05-29 17:40:00+00:00,0,1,0.5968524190977639
2026-05-29 17:45:00+00:00,0,1,0.5785989310251876
2026-05-29 17:50:00+00:00,1,1,0.6606308343780952
2026-05-29 17:55:00+00:00,1,1,0.6402380413251006
2026-05-29 18:00:00+00:00,1,1,0.5027654039265026
2026-05-29 18:05:00+00:00,1,1,0.5336853008626614
2026-05-29 18:10:00+00:00,1,0,0.4866805951372429
2026-05-29 18:15:00+00:00,1,1,0.5182736551443029
2026-05-29 18:20:00+00:00,1,1,0.5070807018158797
2026-05-29 18:25:00+00:00,1,1,0.5566582103358833
2026-05-29 18:30:00+00:00,1,1,0.5420768627419874
2026-05-29 18:40:00+00:00,0,1,0.5303187999142228
2026-05-29 18:50:00+00:00,0,0,0.47153731089508505
2026-05-29 18:55:00+00:00,0,0,0.4966398826717084
2026-05-29 19:00:00+00:00,0,1,0.5690582414167207
2026-05-29 19:05:00+00:00,0,1,0.5813688501314612
2026-05-29 19:15:00+00:00,0,1,0.5980023141669939
2026-05-29 19:30:00+00:00,1,1,0.6264924419061997
2026-05-29 19:35:00+00:00,1,1,0.6196893005576866
2026-05-29 19:40:00+00:00,1,1,0.6246359454427909
2026-05-29 19:45:00+00:00,1,1,0.6009291367042777
2026-05-29 19:50:00+00:00,1,1,0.5862211537499624
2026-05-29 19:55:00+00:00,1,1,0.6234334847497798
2026-05-29 20:00:00+00:00,1,1,0.6119215334409585
2026-05-29 20:05:00+00:00,1,1,0.6477740305143966
2026-05-29 20:10:00+00:00,1,1,0.6208982964809212
2026-05-29 20:15:00+00:00,1,1,0.6358307886712842
2026-05-29 20:20:00+00:00,1,1,0.6244330779644209
2026-05-29 20:25:00+00:00,1,1,0.6312563383449524
2026-05-29 20:30:00+00:00,1,1,0.6323471989099305
2026-05-29 20:35:00+00:00,0,1,0.6168698317586641
2026-05-29 20:45:00+00:00,1,1,0.6536083829638405
2026-05-29 20:50:00+00:00,0,1,0.6151131247791845
2026-05-29 20:55:00+00:00,0,1,0.6086939251604987
2026-05-29 21:00:00+00:00,0,1,0.5874639808879024
2026-05-29 21:05:00+00:00,0,1,0.5728262403839285
2026-05-29 21:10:00+00:00,0,1,0.6098413197903425
2026-05-29 21:15:00+00:00,0,1,0.571918944836803
2026-05-29 21:20:00+00:00,0,1,0.5622171626506363
2026-05-29 21:35:00+00:00,1,1,0.6322816253487635
2026-05-29 21:40:00+00:00,1,1,0.6376257130955574
2026-05-29 21:50:00+00:00,1,1,0.6676294576889775
2026-05-29 22:00:00+00:00,1,1,0.6650819867787581
2026-05-29 22:05:00+00:00,1,1,0.7320895409301773
2026-05-29 22:10:00+00:00,1,1,0.7304563076642125
2026-05-29 22:15:00+00:00,1,1,0.7096605593794914
2026-05-29 22:20:00+00:00,1,1,0.6577433137219222
2026-05-29 22:25:00+00:00,1,1,0.5829064689764806
2026-05-29 22:30:00+00:00,1,1,0.6251098081791108
2026-05-29 22:35:00+00:00,1,1,0.5929324513240845
2026-05-29 22:50:00+00:00,1,1,0.6205261575968447
2026-05-29 23:00:00+00:00,1,0,0.4915856295247606
2026-05-29 23:05:00+00:00,1,1,0.5325366346249452
2026-05-29 23:10:00+00:00,1,0,0.42347916207558606
2026-05-29 23:15:00+00:00,1,0,0.3887418165928102
2026-05-29 23:20:00+00:00,1,0,0.39460975116997316
2026-05-29 23:25:00+00:00,1,0,0.38787686104054375
2026-05-29 23:30:00+00:00,1,0,0.4645523474523712
2026-05-29 23:35:00+00:00,1,0,0.35907269889468185
2026-05-29 23:40:00+00:00,1,0,0.3963541199328678
2026-05-29 23:45:00+00:00,1,0,0.372278764095229
2026-05-29 23:50:00+00:00,1,0,0.384955238575489
2026-05-29 23:55:00+00:00,1,0,0.3852470161853257
2026-06-01 00:10:00+00:00,1,1,0.6638260968936013
2026-06-01 00:15:00+00:00,1,1,0.666286211754154
2026-06-01 00:20:00+00:00,1,1,0.6643713676204192
2026-06-01 00:25:00+00:00,1,1,0.5801717035720223
2026-06-01 00:30:00+00:00,1,1,0.5747968775240399
2026-06-01 00:35:00+00:00,1,1,0.565982345511696
2026-06-01 00:40:00+00:00,1,1,0.5793660436224787
2026-06-01 00:45:00+00:00,1,1,0.5394679282691233
2026-06-01 00:50:00+00:00,1,1,0.6499041206426156
2026-06-01 00:55:00+00:00,1,1,0.6374186567919686
2026-06-01 01:00:00+00:00,1,0,0.373820381805177
2026-06-01 01:10:00+00:00,1,0,0.47903634310514287
2026-06-01 01:25:00+00:00,0,0,0.4421703438047931
2026-06-01 01:30:00+00:00,0,1,0.5867165829870319
2026-06-01 01:35:00+00:00,0,1,0.5229889684639714
2026-06-01 01:40:00+00:00,0,0,0.48099559225336885
2026-06-01 01:45:00+00:00,0,0,0.31484764374709695
2026-06-01 01:50:00+00:00,0,0,0.37033623516565917
2026-06-01 01:55:00+00:00,0,0,0.3753500518888143
2026-06-01 02:00:00+00:00,0,0,0.3469931799789815
2026-06-01 02:05:00+00:00,1,0,0.375992545774602
2026-06-01 02:10:00+00:00,1,0,0.3701303143268287
2026-06-01 02:15:00+00:00,1,0,0.3876911421347483
2026-06-01 02:20:00+00:00,1,0,0.37377710182194535
2026-06-01 02:25:00+00:00,1,0,0.39083552737285876
2026-06-01 02:30:00+00:00,1,0,0.4363309918153994
2026-06-01 02:35:00+00:00,1,0,0.38021209247473114
2026-06-01 02:40:00+00:00,1,0,0.42054462756949734
2026-06-01 02:45:00+00:00,1,0,0.43093934940740947
2026-06-01 02:50:00+00:00,1,1,0.5413919852800646
2026-06-01 02:55:00+00:00,1,1,0.5325928877312575
2026-06-01 03:00:00+00:00,1,0,0.480067999428323
2026-06-01 03:05:00+00:00,1,0,0.4825659958897559
2026-06-01 03:10:00+00:00,1,1,0.507114518185191
2026-06-01 03:15:00+00:00,1,0,0.49814001822404597
2026-06-01 03:20:00+00:00,1,1,0.5130258460425622
2026-06-01 03:25:00+00:00,1,0,0.46519996551500353
2026-06-01 03:30:00+00:00,1,0,0.48521035769463056
2026-06-01 03:35:00+00:00,1,0,0.4845155703343321
2026-06-01 03:40:00+00:00,1,1,0.5004590089477531
2026-06-01 03:45:00+00:00,1,1,0.505630799974526
2026-06-01 03:50:00+00:00,1,0,0.49967013873255367
2026-06-01 03:55:00+00:00,1,0,0.4787565171519404
2026-06-01 04:00:00+00:00,1,0,0.4845843171843982
2026-06-01 04:05:00+00:00,1,0,0.49171802713410134
2026-06-01 04:25:00+00:00,0,0,0.40034106919767026
2026-06-01 04:35:00+00:00,0,0,0.43711311319986007
2026-06-01 04:40:00+00:00,1,0,0.4383989074929776
2026-06-01 04:45:00+00:00,0,0,0.43408223682755026
2026-06-01 04:50:00+00:00,0,0,0.4346484601828033
2026-06-01 04:55:00+00:00,0,0,0.3178976819804122
2026-06-01 05:00:00+00:00,0,0,0.3203210883820464
2026-06-01 05:05:00+00:00,0,0,0.3203210883820464
2026-06-01 05:10:00+00:00,0,0,0.3500782821595217
2026-06-01 05:15:00+00:00,0,0,0.3236497844522895
2026-06-01 05:30:00+00:00,0,0,0.3316366765894703
2026-06-01 05:50:00+00:00,1,0,0.3659701908424856
2026-06-01 05:55:00+00:00,1,0,0.3897289592061959
2026-06-01 06:00:00+00:00,1,0,0.4177999974176441
2026-06-01 06:05:00+00:00,1,0,0.4397962689775959
2026-06-01 06:10:00+00:00,1,0,0.3693535962239387
2026-06-01 06:20:00+00:00,0,0,0.38472261713541916
2026-06-01 06:30:00+00:00,1,1,0.5155377531148446
2026-06-01 06:40:00+00:00,0,0,0.4086842778506898
2026-06-01 06:55:00+00:00,0,0,0.457525501930267
2026-06-01 07:00:00+00:00,0,0,0.4424630342616829
2026-06-01 07:05:00+00:00,0,0,0.4424630342616829
2026-06-01 07:10:00+00:00,0,0,0.45814224105807516
2026-06-01 07:15:00+00:00,0,1,0.5075587267602937
2026-06-01 07:20:00+00:00,0,0,0.4930100924609547
2026-06-01 07:25:00+00:00,0,1,0.5276245154065573
2026-06-01 07:30:00+00:00,0,1,0.5161102229522042
2026-06-01 07:50:00+00:00,0,0,0.4373465982777248
2026-06-01 08:05:00+00:00,1,1,0.5228712823816053
2026-06-01 08:10:00+00:00,1,1,0.5573718167724967
2026-06-01 08:15:00+00:00,1,1,0.6109467462156788
2026-06-01 08:20:00+00:00,1,1,0.5995552888674747
2026-06-01 08:25:00+00:00,1,1,0.5892747999841087
2026-06-01 08:30:00+00:00,1,0,0.47372963438586335
2026-06-01 08:35:00+00:00,1,0,0.4302026721309978
2026-06-01 08:40:00+00:00,1,0,0.4569298415211453
2026-06-01 08:45:00+00:00,1,0,0.43072936248714
2026-06-01 08:50:00+00:00,1,0,0.46697154712910705
2026-06-01 08:55:00+00:00,0,0,0.4584253161586272
2026-06-01 09:10:00+00:00,0,0,0.3508875262561504
2026-06-01 09:15:00+00:00,0,0,0.35575037301286505
2026-06-01 09:20:00+00:00,0,0,0.3308216428410929
2026-06-01 09:25:00+00:00,0,0,0.33136846500565
2026-06-01 09:30:00+00:00,0,0,0.33136846500565
2026-06-01 09:35:00+00:00,0,0,0.3670109497107123
2026-06-01 09:40:00+00:00,0,0,0.3753748512125537
2026-06-01 09:50:00+00:00,1,0,0.428952564593815
2026-06-01 09:55:00+00:00,1,1,0.5150495147513401
2026-06-01 10:00:00+00:00,1,0,0.43162128711811404
2026-06-01 10:15:00+00:00,1,1,0.5050932762590039
2026-06-01 10:20:00+00:00,1,0,0.43710748991510406
2026-06-01 10:30:00+00:00,0,0,0.39741831497433455
2026-06-01 10:40:00+00:00,0,0,0.3839955383293358
2026-06-01 10:45:00+00:00,0,0,0.37056648653504454
2026-06-01 10:50:00+00:00,0,0,0.3647775775208918
2026-06-01 10:55:00+00:00,0,0,0.382192705490689
2026-06-01 11:00:00+00:00,0,0,0.3812667714914478
2026-06-01 11:05:00+00:00,1,0,0.39302333977086035
2026-06-01 11:10:00+00:00,1,0,0.48011973124957863
2026-06-01 11:20:00+00:00,1,0,0.4546248477080422
2026-06-01 11:25:00+00:00,1,1,0.5614374485052552
2026-06-01 11:30:00+00:00,1,1,0.5677822178257762
2026-06-01 11:35:00+00:00,1,1,0.5157513408510577
2026-06-01 11:40:00+00:00,1,1,0.6309976354599541
2026-06-01 11:45:00+00:00,1,1,0.5631579326577647
2026-06-01 11:55:00+00:00,1,1,0.5642474156192165
2026-06-01 12:15:00+00:00,1,1,0.581674430660242
2026-06-01 12:25:00+00:00,0,0,0.48465953803759365
2026-06-01 12:30:00+00:00,0,1,0.5657343959622715
2026-06-01 12:35:00+00:00,0,1,0.5533187071222146
2026-06-01 12:40:00+00:00,0,1,0.5875424422614852
2026-06-01 12:45:00+00:00,0,1,0.5736102289980288
2026-06-01 12:50:00+00:00,0,1,0.6303634698820119
2026-06-01 12:55:00+00:00,0,1,0.5867915870895739
2026-06-01 13:15:00+00:00,0,1,0.5640459583241562
2026-06-01 13:35:00+00:00,1,1,0.5898246379090677
2026-06-01 13:40:00+00:00,1,1,0.604623831480451
2026-06-01 13:45:00+00:00,1,1,0.6035377871386448
2026-06-01 13:50:00+00:00,1,1,0.6005310151675511
2026-06-01 13:55:00+00:00,1,1,0.617659520943905
2026-06-01 14:00:00+00:00,1,1,0.58452690911772
2026-06-01 14:05:00+00:00,1,1,0.5992555116678291
2026-06-01 14:10:00+00:00,1,1,0.582510208715363
2026-06-01 14:15:00+00:00,1,1,0.6024985130752933
2026-06-01 14:20:00+00:00,1,1,0.5888086523403773
2026-06-01 14:25:00+00:00,1,1,0.5977438549305726
2026-06-01 14:35:00+00:00,0,1,0.5872330135834241
2026-06-01 14:40:00+00:00,0,1,0.580905849085392
2026-06-01 14:45:00+00:00,0,1,0.5962444603777778
2026-06-01 14:50:00+00:00,0,1,0.560250239969321
2026-06-01 15:00:00+00:00,1,1,0.5755984675453232
2026-06-01 15:05:00+00:00,1,1,0.574746355740984
2026-06-01 15:10:00+00:00,1,1,0.5775555137213828
2026-06-01 15:15:00+00:00,1,1,0.583685198643076
2026-06-01 15:20:00+00:00,1,1,0.5857733648899948
2026-06-01 15:25:00+00:00,1,1,0.6083871740790463
2026-06-01 15:30:00+00:00,1,1,0.610434133893682
2026-06-01 15:35:00+00:00,1,1,0.6134079762162011
2026-06-01 15:40:00+00:00,1,1,0.6393268399552455
2026-06-01 15:45:00+00:00,1,1,0.5344498613468998
2026-06-01 15:50:00+00:00,1,1,0.5272930329643255
2026-06-01 15:55:00+00:00,1,0,0.49640809956988985
2026-06-01 16:00:00+00:00,1,0,0.44953160221755956
2026-06-01 16:05:00+00:00,1,1,0.5108095878491917
2026-06-01 16:10:00+00:00,1,0,0.4159767026773336
2026-06-01 16:15:00+00:00,1,0,0.3508564846976264
2026-06-01 16:20:00+00:00,1,0,0.29721311850308235
2026-06-01 16:25:00+00:00,1,0,0.31237018318184184
2026-06-01 16:35:00+00:00,1,0,0.457706276736688
2026-06-01 16:40:00+00:00,0,0,0.37376091273842865
2026-06-01 16:50:00+00:00,0,0,0.3704559226185044
2026-06-01 16:55:00+00:00,0,0,0.2953368404390929
2026-06-01 17:00:00+00:00,0,0,0.29760958202995763
2026-06-01 17:15:00+00:00,0,0,0.2946977479707768
2026-06-01 17:20:00+00:00,0,0,0.2981280004373557
2026-06-01 17:25:00+00:00,0,0,0.3030533192709288
2026-06-01 17:30:00+00:00,0,0,0.27000942531903827
2026-06-01 17:35:00+00:00,0,0,0.3082209671689175
2026-06-01 17:40:00+00:00,0,0,0.41672796166998016
2026-06-01 17:45:00+00:00,0,0,0.3325157121653771
2026-06-01 17:50:00+00:00,0,0,0.329327100452232
2026-06-01 17:55:00+00:00,0,0,0.27789867136759966
2026-06-01 18:00:00+00:00,0,0,0.35650398525704224
2026-06-01 18:10:00+00:00,1,1,0.5089909107044818
2026-06-01 18:15:00+00:00,1,1,0.5814059516874862
2026-06-01 18:20:00+00:00,1,1,0.5687805811672546
2026-06-01 18:25:00+00:00,1,1,0.5519821819524585
2026-06-01 18:30:00+00:00,1,1,0.5788509090919748
2026-06-01 18:35:00+00:00,1,1,0.5805639138034228
2026-06-01 18:40:00+00:00,1,1,0.5920694319977
2026-06-01 18:45:00+00:00,0,0,0.4868056613047508
2026-06-01 18:50:00+00:00,0,1,0.5060851445057648
2026-06-01 18:55:00+00:00,0,1,0.5184724621185858
2026-06-01 19:00:00+00:00,0,1,0.601015821856138
2026-06-01 19:05:00+00:00,0,1,0.5417402029868467
2026-06-01 19:10:00+00:00,0,1,0.5395212822378033
2026-06-01 19:15:00+00:00,0,1,0.5506043904545257
2026-06-01 19:20:00+00:00,0,0,0.40186751650567143
2026-06-01 19:25:00+00:00,0,1,0.5552879628483748
2026-06-01 19:30:00+00:00,0,1,0.5351622062179519
2026-06-01 19:35:00+00:00,0,1,0.5711705895171965
2026-06-01 19:40:00+00:00,0,1,0.5854072423893241
2026-06-01 19:45:00+00:00,0,1,0.6731485224368152
2026-06-01 19:50:00+00:00,1,1,0.6795966336185929
2026-06-01 19:55:00+00:00,1,1,0.6463216426440679
2026-06-01 20:00:00+00:00,1,1,0.6540642939165859
2026-06-01 20:05:00+00:00,0,1,0.6362868363664426
2026-06-01 20:15:00+00:00,0,1,0.5971541686905518
2026-06-01 20:20:00+00:00,0,1,0.5374312055168581
2026-06-01 20:25:00+00:00,1,1,0.6655598943273493
2026-06-01 20:30:00+00:00,1,1,0.6321879826152422
2026-06-01 20:40:00+00:00,1,1,0.6367652970593778
2026-06-01 20:45:00+00:00,1,1,0.6087764772411753
2026-06-01 20:50:00+00:00,1,1,0.5943783031897153
2026-06-01 20:55:00+00:00,1,1,0.6092014358694254
2026-06-01 21:00:00+00:00,1,1,0.5916807930186087
2026-06-01 21:05:00+00:00,1,1,0.6430868302952899
2026-06-01 21:10:00+00:00,1,1,0.6156707787762808
2026-06-01 21:15:00+00:00,1,1,0.6160015787035813
2026-06-01 21:20:00+00:00,1,1,0.6469410944185958
2026-06-01 21:25:00+00:00,1,1,0.5711234214433362
2026-06-01 21:30:00+00:00,1,1,0.5879650260564515
2026-06-01 21:35:00+00:00,1,1,0.6028427579988764
2026-06-01 21:40:00+00:00,1,1,0.5879011361300321
2026-06-01 21:50:00+00:00,1,0,0.38158976087931956
2026-06-01 21:55:00+00:00,0,0,0.3923536037848286
2026-06-01 22:00:00+00:00,0,0,0.3309237967583379
2026-06-01 22:10:00+00:00,0,0,0.48952910427334945
2026-06-01 22:20:00+00:00,1,1,0.5427123356498303
2026-06-01 22:35:00+00:00,0,1,0.5426054232472346
2026-06-01 22:40:00+00:00,0,1,0.536929974301188
2026-06-01 22:45:00+00:00,0,1,0.5462593235349998
2026-06-01 22:50:00+00:00,0,0,0.31790214233082403
2026-06-01 22:55:00+00:00,0,0,0.47895522646759875
2026-06-01 23:00:00+00:00,0,0,0.08939847279462379
2026-06-01 23:05:00+00:00,0,0,0.07707795522539904
2026-06-01 23:10:00+00:00,0,0,0.07023857942937366
2026-06-01 23:15:00+00:00,0,0,0.06712935280078691
2026-06-01 23:20:00+00:00,0,0,0.06508637826305816
2026-06-01 23:25:00+00:00,0,0,0.06465039327802724
2026-06-01 23:30:00+00:00,0,0,0.07200970013468642
2026-06-01 23:35:00+00:00,0,0,0.08403480039750473
2026-06-01 23:40:00+00:00,0,0,0.08082742617702257
2026-06-01 23:45:00+00:00,0,0,0.06767466432729265
2026-06-01 23:50:00+00:00,0,0,0.08836663069244728
2026-06-01 23:55:00+00:00,0,0,0.1085764865301457
2026-06-02 00:00:00+00:00,1,1,0.6810932022253781
2026-06-02 00:05:00+00:00,1,1,0.7296464891981508
2026-06-02 00:10:00+00:00,1,1,0.7792764428797151
2026-06-02 00:15:00+00:00,1,1,0.7802238761318658
2026-06-02 00:20:00+00:00,1,1,0.7491894467873229
2026-06-02 00:25:00+00:00,1,1,0.7949628707218529
2026-06-02 00:30:00+00:00,1,1,0.8321398809243039
2026-06-02 00:35:00+00:00,1,1,0.842329030834396
2026-06-02 00:40:00+00:00,1,1,0.7573167342338353
2026-06-02 00:45:00+00:00,1,1,0.6711346304288806
2026-06-02 00:50:00+00:00,1,1,0.76564614494397
2026-06-02 00:55:00+00:00,1,1,0.6637339533967298
2026-06-02 01:00:00+00:00,1,1,0.5620692682609099
2026-06-02 01:10:00+00:00,1,1,0.5663847380483863
2026-06-02 01:20:00+00:00,1,1,0.595562749946576
2026-06-02 01:35:00+00:00,0,1,0.5605133774728297
2026-06-02 01:40:00+00:00,0,1,0.5664854909176154
2026-06-02 01:50:00+00:00,1,1,0.5879275873662841
2026-06-02 01:55:00+00:00,0,1,0.5889017664472646
2026-06-02 02:00:00+00:00,0,1,0.6063901442087293
2026-06-02 02:05:00+00:00,1,1,0.5176942236615776
2026-06-02 02:10:00+00:00,1,1,0.5286386996298753
2026-06-02 02:15:00+00:00,1,1,0.5269547870476897
2026-06-02 02:20:00+00:00,1,1,0.5444709611129217
2026-06-02 02:25:00+00:00,1,1,0.5307607034936568
2026-06-02 02:30:00+00:00,1,1,0.579016343763982
2026-06-02 02:35:00+00:00,1,1,0.5752195823588886
2026-06-02 02:40:00+00:00,1,1,0.5398816985813951
2026-06-02 02:45:00+00:00,1,1,0.5291517730297522
2026-06-02 02:50:00+00:00,1,1,0.5060918902530835
2026-06-02 02:55:00+00:00,1,1,0.5123470010705413
2026-06-02 03:00:00+00:00,1,1,0.5768000224211719
2026-06-02 03:10:00+00:00,0,0,0.48735046216791084
2026-06-02 03:15:00+00:00,0,0,0.48692596026924784
2026-06-02 03:20:00+00:00,0,0,0.48465543650535065
2026-06-02 03:25:00+00:00,0,0,0.47685752447347607
2026-06-02 03:30:00+00:00,0,0,0.48883195837727483
2026-06-02 03:35:00+00:00,0,0,0.4434364646865829
2026-06-02 03:40:00+00:00,0,1,0.5067874695236386
2026-06-02 03:45:00+00:00,1,0,0.4875463260217802
2026-06-02 03:50:00+00:00,0,1,0.5211868579955379
2026-06-02 03:55:00+00:00,1,1,0.6407534238966998
2026-06-02 04:00:00+00:00,1,1,0.6272986895497658
2026-06-02 04:05:00+00:00,1,1,0.6239299211204261
2026-06-02 04:10:00+00:00,1,1,0.6281256748800799
2026-06-02 04:15:00+00:00,1,1,0.5945994243065702
2026-06-02 04:20:00+00:00,1,1,0.5860804141806948
2026-06-02 04:25:00+00:00,1,1,0.5850951758594055
2026-06-02 04:30:00+00:00,1,1,0.5029613850468129
2026-06-02 04:35:00+00:00,1,1,0.598995116864798
2026-06-02 04:40:00+00:00,1,1,0.5878001891286142
2026-06-02 04:55:00+00:00,1,1,0.5177427249191597
2026-06-02 05:00:00+00:00,1,1,0.5194542570008964
2026-06-02 05:15:00+00:00,1,1,0.5681505279785516
2026-06-02 05:20:00+00:00,1,0,0.46988741079377944
2026-06-02 05:25:00+00:00,1,0,0.48597121447912905
2026-06-02 05:40:00+00:00,0,0,0.4399298455868538
2026-06-02 05:50:00+00:00,1,1,0.575810283234661
2026-06-02 06:05:00+00:00,1,1,0.5818243924464694
2026-06-02 06:10:00+00:00,1,1,0.5598171552937578
2026-06-02 06:15:00+00:00,1,1,0.558816765305819
2026-06-02 06:20:00+00:00,1,1,0.5376503206772848
2026-06-02 06:25:00+00:00,1,1,0.5394260996042078
2026-06-02 06:30:00+00:00,1,1,0.5391080761573227
2026-06-02 06:35:00+00:00,1,1,0.5694364865672475
2026-06-02 06:40:00+00:00,1,1,0.5617073825026825
2026-06-02 06:50:00+00:00,0,1,0.5252231463039311
2026-06-02 06:55:00+00:00,1,1,0.5273671038101202
2026-06-02 07:15:00+00:00,1,0,0.48478639983160704
2026-06-02 07:25:00+00:00,1,0,0.46703513012027237
2026-06-02 07:30:00+00:00,1,0,0.47324294774170494
2026-06-02 07:35:00+00:00,1,1,0.5601894325710245
2026-06-02 07:40:00+00:00,1,1,0.5151608670888864
2026-06-02 07:45:00+00:00,1,1,0.5151608670888864
2026-06-02 07:50:00+00:00,1,1,0.5811277749892683
2026-06-02 07:55:00+00:00,1,1,0.5463274453791421
2026-06-02 08:00:00+00:00,1,1,0.5407789898867751
2026-06-02 08:05:00+00:00,1,1,0.5811277749892683
2026-06-02 08:15:00+00:00,0,1,0.5389031297278669
2026-06-02 08:20:00+00:00,0,1,0.5445274324778882
2026-06-02 08:25:00+00:00,0,1,0.5632918475495957
2026-06-02 08:30:00+00:00,0,1,0.5666893867066939
2026-06-02 08:35:00+00:00,0,1,0.5345043095413087
2026-06-02 08:40:00+00:00,1,1,0.5666893867066939
2026-06-02 08:45:00+00:00,0,1,0.549417660342068
2026-06-02 08:50:00+00:00,0,1,0.504422314916844
2026-06-02 08:55:00+00:00,0,1,0.5671346118053935
2026-06-02 09:00:00+00:00,0,1,0.5531233165762346
2026-06-02 09:05:00+00:00,0,1,0.5531233165762346
2026-06-02 09:15:00+00:00,1,1,0.5228984500134699
2026-06-02 09:25:00+00:00,1,1,0.5809175875287544
2026-06-02 09:30:00+00:00,1,1,0.5858859071920346
2026-06-02 09:35:00+00:00,1,0,0.44822472735494445
2026-06-02 09:40:00+00:00,0,0,0.39100496259107836
2026-06-02 09:45:00+00:00,0,0,0.4044497226518445
2026-06-02 09:55:00+00:00,0,1,0.583723133066626
2026-06-02 10:00:00+00:00,0,0,0.4877985725181069
2026-06-02 10:05:00+00:00,0,0,0.4910076913936922
2026-06-02 10:10:00+00:00,0,0,0.4964584395429439
2026-06-02 10:15:00+00:00,0,0,0.4939390856968487
2026-06-02 10:20:00+00:00,0,0,0.4908895579066749
2026-06-02 10:25:00+00:00,1,0,0.49759363497111103
2026-06-02 10:40:00+00:00,1,0,0.49231336234691186
2026-06-02 10:45:00+00:00,1,1,0.6160365291693769
2026-06-02 10:50:00+00:00,1,1,0.67639877006967
2026-06-02 10:55:00+00:00,1,1,0.6810831733705485
2026-06-02 11:00:00+00:00,1,1,0.6714004626752371
2026-06-02 11:05:00+00:00,1,1,0.6380566051090809
2026-06-02 11:10:00+00:00,1,1,0.6369697080908393
2026-06-02 11:15:00+00:00,1,1,0.6395483965746218
2026-06-02 11:20:00+00:00,1,1,0.5292179156271843
2026-06-02 11:25:00+00:00,0,0,0.4941942727774947
2026-06-02 11:40:00+00:00,0,1,0.5104881210758587
2026-06-02 12:10:00+00:00,0,0,0.4929723279265667
2026-06-02 12:20:00+00:00,1,1,0.5513271351877588
2026-06-02 12:25:00+00:00,1,1,0.5797144862432879
2026-06-02 12:30:00+00:00,1,1,0.5541893169015694
2026-06-02 12:35:00+00:00,1,1,0.5597190940494398
2026-06-02 12:40:00+00:00,1,1,0.5500972095439002
2026-06-02 12:55:00+00:00,0,1,0.5250205292656809
2026-06-02 13:00:00+00:00,0,0,0.48036478315741843
2026-06-02 13:05:00+00:00,0,1,0.5394015987639206
2026-06-02 13:10:00+00:00,0,1,0.5337175898300844
2026-06-02 13:20:00+00:00,0,1,0.5395479531686715
2026-06-02 13:30:00+00:00,1,1,0.6240426831555148
2026-06-02 13:35:00+00:00,1,1,0.6182319122810332
2026-06-02 13:40:00+00:00,1,1,0.6246171614327952
2026-06-02 13:45:00+00:00,1,1,0.5983750478065963
2026-06-02 13:50:00+00:00,1,1,0.6246171614327952
2026-06-02 13:55:00+00:00,1,1,0.5764920181395677
2026-06-02 14:00:00+00:00,1,1,0.6321313857681868
2026-06-02 14:05:00+00:00,1,1,0.5912828134426178
2026-06-02 14:10:00+00:00,1,1,0.6390352203445064
2026-06-02 14:15:00+00:00,1,1,0.5953099830754821
2026-06-02 14:20:00+00:00,1,1,0.5873663233980038
2026-06-02 14:25:00+00:00,1,1,0.5807418269220358
2026-06-02 14:30:00+00:00,1,1,0.5776897013254104
2026-06-02 14:35:00+00:00,1,1,0.582567728845141
2026-06-02 14:40:00+00:00,1,1,0.6008811196664476
2026-06-02 14:45:00+00:00,1,1,0.587173723206506
2026-06-02 14:50:00+00:00,1,1,0.587173723206506
2026-06-02 14:55:00+00:00,1,1,0.5807281213448815
2026-06-02 15:00:00+00:00,1,1,0.5823109291850576
2026-06-02 15:05:00+00:00,1,1,0.6047244608517218
2026-06-02 15:10:00+00:00,1,1,0.6055235357391621
2026-06-02 15:15:00+00:00,1,1,0.5935705319233202
2026-06-02 15:20:00+00:00,1,1,0.5445196182127247
2026-06-02 15:25:00+00:00,1,1,0.6027186262066969
2026-06-02 15:30:00+00:00,1,0,0.46794996334548034
2026-06-02 15:35:00+00:00,1,1,0.5542365038066694
2026-06-02 15:40:00+00:00,1,1,0.5086331098031974
2026-06-02 15:45:00+00:00,1,1,0.5244016395385533
2026-06-02 15:50:00+00:00,1,1,0.5031394909120736
2026-06-02 15:55:00+00:00,1,0,0.48906960287831064
2026-06-02 16:00:00+00:00,1,1,0.5209788048111894
2026-06-02 16:05:00+00:00,1,1,0.529669865383942
2026-06-02 16:10:00+00:00,1,0,0.48088519057792434
2026-06-02 16:15:00+00:00,1,0,0.485152911257673
2026-06-02 16:20:00+00:00,1,0,0.43264893307856783
2026-06-02 16:25:00+00:00,1,0,0.40525067371037804
2026-06-02 16:30:00+00:00,1,0,0.4313670495756819
2026-06-02 16:35:00+00:00,1,0,0.43684881386932917
2026-06-02 16:40:00+00:00,1,0,0.41053548106193494
2026-06-02 16:45:00+00:00,1,0,0.3844478071889472
2026-06-02 16:50:00+00:00,1,0,0.36634091688580833
2026-06-02 16:55:00+00:00,1,0,0.42688734447575455
2026-06-02 17:00:00+00:00,1,0,0.28363787671283597
2026-06-02 17:05:00+00:00,1,0,0.22716518600662922
2026-06-02 17:10:00+00:00,1,0,0.22871300497225783
2026-06-02 17:15:00+00:00,1,0,0.23143241424415242
2026-06-02 17:25:00+00:00,1,0,0.24236950331609994
2026-06-02 17:30:00+00:00,1,0,0.2324572873761174
2026-06-02 17:35:00+00:00,1,0,0.27371325251675915
2026-06-02 17:40:00+00:00,1,0,0.28062756895306107
2026-06-02 17:45:00+00:00,1,0,0.27982130785623754
2026-06-02 17:50:00+00:00,1,0,0.2655073860299152
2026-06-02 17:55:00+00:00,1,0,0.3891295855701168
2026-06-02 18:00:00+00:00,1,0,0.28369051696205144
2026-06-02 18:05:00+00:00,1,0,0.2841871425564478
2026-06-02 18:10:00+00:00,1,0,0.24976144795812164
2026-06-02 18:15:00+00:00,1,0,0.24531965342933082
2026-06-02 18:20:00+00:00,1,0,0.2789499504968804
2026-06-02 18:25:00+00:00,1,0,0.24341959330675247
2026-06-02 18:30:00+00:00,1,0,0.22967839879940824
2026-06-02 18:35:00+00:00,1,0,0.2679067507010179
2026-06-02 18:40:00+00:00,1,0,0.2677449330036429
2026-06-02 18:45:00+00:00,1,0,0.2552113638757685
2026-06-02 18:50:00+00:00,1,0,0.25421963752847354
2026-06-02 18:55:00+00:00,1,0,0.25095540087963353
2026-06-02 19:00:00+00:00,1,0,0.24490140180645553
2026-06-02 19:05:00+00:00,1,0,0.24230500828078796
2026-06-02 19:10:00+00:00,1,0,0.23724877375564205
2026-06-02 19:15:00+00:00,1,0,0.2421677468380557
2026-06-02 19:20:00+00:00,1,0,0.25239685013841545
2026-06-02 19:25:00+00:00,1,0,0.2035105986419177
2026-06-02 19:35:00+00:00,1,0,0.21045218953508407
2026-06-02 19:40:00+00:00,1,0,0.20733610132749875
2026-06-02 19:45:00+00:00,1,0,0.2476451031508615
2026-06-02 19:50:00+00:00,1,0,0.261692189580783
2026-06-02 19:55:00+00:00,1,0,0.255931070966487
2026-06-02 20:00:00+00:00,1,0,0.2584622530610221
2026-06-02 20:05:00+00:00,1,0,0.2577928076103533
2026-06-02 20:10:00+00:00,1,0,0.2596193545476709
2026-06-02 20:15:00+00:00,1,0,0.23970210928834051
2026-06-02 20:20:00+00:00,1,0,0.2430232813005328
2026-06-02 20:25:00+00:00,1,0,0.25314126084941146
2026-06-02 20:30:00+00:00,1,0,0.2617689881657516
2026-06-02 20:35:00+00:00,0,0,0.2408086692003855
2026-06-02 20:40:00+00:00,0,0,0.25587947546213546
2026-06-02 20:45:00+00:00,0,0,0.25587947546213546
2026-06-02 20:50:00+00:00,0,0,0.21712533506864704
2026-06-02 20:55:00+00:00,0,0,0.2246117842819503
2026-06-02 21:00:00+00:00,0,0,0.2147950720014484
2026-06-02 21:05:00+00:00,0,0,0.23516786326331893
2026-06-02 21:10:00+00:00,0,0,0.24517756730550694
2026-06-02 21:15:00+00:00,0,0,0.23600270135366275
2026-06-02 21:20:00+00:00,0,0,0.25736366252581877
2026-06-02 21:25:00+00:00,0,0,0.23884805434915563
2026-06-02 21:30:00+00:00,0,0,0.23579011066817654
2026-06-02 21:35:00+00:00,0,0,0.23260198740692062
2026-06-02 21:40:00+00:00,0,0,0.27622119563297975
2026-06-02 21:45:00+00:00,1,0,0.3727054043304459
2026-06-02 21:50:00+00:00,1,0,0.37851117642462256
2026-06-02 21:55:00+00:00,1,0,0.3636112431717694
2026-06-02 22:05:00+00:00,1,0,0.4399018870279049
2026-06-02 22:10:00+00:00,1,0,0.4651736655189567
2026-06-02 22:15:00+00:00,1,0,0.3802289177586536
2026-06-02 22:20:00+00:00,1,0,0.4087347348826698
2026-06-02 22:25:00+00:00,1,0,0.3641414484739226
2026-06-02 22:30:00+00:00,1,0,0.4140017401161197
2026-06-02 22:35:00+00:00,1,0,0.4037349714856061
2026-06-02 22:40:00+00:00,1,0,0.38176304573775593
2026-06-02 22:45:00+00:00,1,0,0.3342040850991529
2026-06-02 22:50:00+00:00,0,0,0.2843208953485548
2026-06-02 22:55:00+00:00,0,0,0.3120934887276739
2026-06-02 23:00:00+00:00,0,0,0.08699135930185674
2026-06-02 23:05:00+00:00,0,0,0.08644849260125781
2026-06-02 23:10:00+00:00,0,0,0.0943581543590252
2026-06-02 23:15:00+00:00,0,0,0.09978908827649348
2026-06-02 23:20:00+00:00,0,0,0.08521807241405902
2026-06-02 23:25:00+00:00,0,0,0.0884595696342836
2026-06-02 23:30:00+00:00,0,0,0.09853660499987013
2026-06-02 23:35:00+00:00,0,0,0.09958330995443977
2026-06-02 23:40:00+00:00,0,0,0.05248616204967822
2026-06-02 23:45:00+00:00,0,0,0.06397450125570682
2026-06-02 23:50:00+00:00,0,0,0.06817270899823764
2026-06-02 23:55:00+00:00,1,0,0.2286734989251732
2026-06-03 00:00:00+00:00,1,1,0.7402848155667053
2026-06-03 00:05:00+00:00,1,1,0.7697901544861169
2026-06-03 00:10:00+00:00,1,1,0.8082014522012635
2026-06-03 00:15:00+00:00,1,1,0.8205189381965851
2026-06-03 00:20:00+00:00,1,1,0.7837556518814573
2026-06-03 00:25:00+00:00,1,1,0.7675717238285007
2026-06-03 00:30:00+00:00,1,1,0.754095305479259
2026-06-03 00:35:00+00:00,1,1,0.7368791630994936
2026-06-03 00:40:00+00:00,1,1,0.7774595769931578
2026-06-03 00:45:00+00:00,1,1,0.7664574433162347
2026-06-03 00:50:00+00:00,1,1,0.7563630886732228
2026-06-03 00:55:00+00:00,1,1,0.6776662800225142
2026-06-03 01:00:00+00:00,1,1,0.5458459143532284
2026-06-03 01:05:00+00:00,1,1,0.550595303539779
2026-06-03 01:10:00+00:00,1,0,0.4904994402932529
2026-06-03 01:15:00+00:00,1,1,0.5410606148863862
2026-06-03 01:20:00+00:00,1,1,0.501049478119444
2026-06-03 01:25:00+00:00,1,1,0.5219329329551047
2026-06-03 01:30:00+00:00,1,1,0.5201454507906235
2026-06-03 01:35:00+00:00,1,1,0.5303367507720425
2026-06-03 01:40:00+00:00,1,1,0.5561287781925497
2026-06-03 01:45:00+00:00,1,1,0.5367524323046665
2026-06-03 01:50:00+00:00,1,1,0.5552018896031964
2026-06-03 01:55:00+00:00,1,1,0.527076346283554
2026-06-03 02:10:00+00:00,0,0,0.46017040411149523
2026-06-03 02:15:00+00:00,0,0,0.4311939584361835
2026-06-03 02:20:00+00:00,0,0,0.39121167329369066
2026-06-03 02:25:00+00:00,0,0,0.38355154108298023
2026-06-03 02:30:00+00:00,0,0,0.3930306085159432
2026-06-03 02:35:00+00:00,0,0,0.3972074795145588
2026-06-03 02:40:00+00:00,0,0,0.4544020084956955
2026-06-03 02:45:00+00:00,0,0,0.40371531744841094
2026-06-03 02:50:00+00:00,0,0,0.38488192230232376
2026-06-03 02:55:00+00:00,0,0,0.3920921815364861
2026-06-03 03:00:00+00:00,0,1,0.5807560500798717
2026-06-03 03:05:00+00:00,0,0,0.46946522448036504
2026-06-03 03:10:00+00:00,0,1,0.5345346395860655
2026-06-03 03:15:00+00:00,0,1,0.5746936299662907
2026-06-03 03:20:00+00:00,0,1,0.5441044616303148
2026-06-03 03:25:00+00:00,0,1,0.5662183614880754
2026-06-03 03:30:00+00:00,0,1,0.5858580805808589
2026-06-03 03:35:00+00:00,0,1,0.5588538445762135
2026-06-03 03:40:00+00:00,0,1,0.5430633298507221
2026-06-03 03:45:00+00:00,0,1,0.5220808925894567
2026-06-03 03:50:00+00:00,0,0,0.41820923253256476
2026-06-03 03:55:00+00:00,0,0,0.4616314259579907
2026-06-03 04:00:00+00:00,0,1,0.5519499220281352
2026-06-03 04:05:00+00:00,0,1,0.5659878050358895
2026-06-03 04:10:00+00:00,0,1,0.5583953137159864
2026-06-03 04:15:00+00:00,0,1,0.5612761572724404
2026-06-03 04:20:00+00:00,0,1,0.56153220746283
2026-06-03 04:25:00+00:00,0,1,0.6877193200717389
2026-06-03 04:30:00+00:00,0,1,0.6377989679540187
2026-06-03 04:35:00+00:00,0,1,0.717146223094825
2026-06-03 04:40:00+00:00,1,1,0.7512421300352043
2026-06-03 04:45:00+00:00,1,1,0.7466547314284712
2026-06-03 04:50:00+00:00,1,1,0.7086890863640302
2026-06-03 04:55:00+00:00,1,1,0.6841950209295282
2026-06-03 05:00:00+00:00,1,1,0.6957060918744957
2026-06-03 05:05:00+00:00,1,1,0.6829753231241471
2026-06-03 05:10:00+00:00,1,1,0.6693109308366488
2026-06-03 05:15:00+00:00,1,1,0.6889134928161014
2026-06-03 05:20:00+00:00,1,1,0.6735451724979932
2026-06-03 05:25:00+00:00,1,1,0.7089724926357471
2026-06-03 05:30:00+00:00,1,1,0.7261163129045407
2026-06-03 05:35:00+00:00,1,1,0.706218653732742
2026-06-03 05:40:00+00:00,1,1,0.7100492141479344
2026-06-03 05:45:00+00:00,1,1,0.6296423653926035
2026-06-03 05:50:00+00:00,1,1,0.6274581887539087
2026-06-03 05:55:00+00:00,1,1,0.6484143296215046
2026-06-03 06:00:00+00:00,1,1,0.6982386379592465
2026-06-03 06:05:00+00:00,1,1,0.6393140434432474
2026-06-03 06:15:00+00:00,0,1,0.68556629837735
2026-06-03 06:25:00+00:00,0,1,0.6706578287137435
2026-06-03 06:35:00+00:00,0,1,0.641848616917719
2026-06-03 06:40:00+00:00,0,1,0.5941104409853407
2026-06-03 07:10:00+00:00,0,1,0.5837663378057367
2026-06-03 07:20:00+00:00,1,1,0.5813830780026202
2026-06-03 07:25:00+00:00,1,1,0.5858841927742148
2026-06-03 07:35:00+00:00,1,1,0.5979673189775389
2026-06-03 07:40:00+00:00,1,1,0.6286495731221272
2026-06-03 07:45:00+00:00,1,1,0.6057188140097656
2026-06-03 07:50:00+00:00,1,1,0.6063378757528862
2026-06-03 07:55:00+00:00,1,1,0.6168825534941271
2026-06-03 08:00:00+00:00,1,1,0.6051410071512991
2026-06-03 08:05:00+00:00,1,1,0.6142174048185187
2026-06-03 08:10:00+00:00,1,1,0.6217034900479506
2026-06-03 08:15:00+00:00,1,1,0.6217034900479506
2026-06-03 08:20:00+00:00,1,1,0.5998165566062782
2026-06-03 08:25:00+00:00,1,1,0.6004984628534641
2026-06-03 08:30:00+00:00,1,1,0.5783137784245036
2026-06-03 08:35:00+00:00,1,1,0.6165624017315205
2026-06-03 08:40:00+00:00,1,1,0.6001834100972003
2026-06-03 08:45:00+00:00,1,1,0.613610885335271
2026-06-03 08:50:00+00:00,1,1,0.5321696949395135
2026-06-03 08:55:00+00:00,1,1,0.5130345870336944
2026-06-03 09:00:00+00:00,1,1,0.5922273331891418
2026-06-03 09:05:00+00:00,1,1,0.5425210680919035
2026-06-03 09:10:00+00:00,0,1,0.5095373448008111
2026-06-03 09:15:00+00:00,1,1,0.5214172632648142
2026-06-03 09:20:00+00:00,1,1,0.5543268399079824
2026-06-03 09:25:00+00:00,1,1,0.6072779147797732
2026-06-03 09:30:00+00:00,0,1,0.5815249603540306
2026-06-03 09:35:00+00:00,0,1,0.590572019734866
2026-06-03 09:40:00+00:00,0,1,0.5874458114715014
2026-06-03 09:45:00+00:00,0,1,0.5967470212679696
2026-06-03 09:50:00+00:00,0,1,0.5829837718952275
2026-06-03 09:55:00+00:00,0,1,0.523609321524303
2026-06-03 10:00:00+00:00,0,1,0.5093891875951874
2026-06-03 10:05:00+00:00,0,1,0.5940911292741975
2026-06-03 10:10:00+00:00,0,1,0.6808487280209943
2026-06-03 10:15:00+00:00,0,1,0.5990009484574664
2026-06-03 10:20:00+00:00,0,1,0.5499081050523077
2026-06-03 10:25:00+00:00,0,1,0.6162146562615126
2026-06-03 10:30:00+00:00,0,1,0.5850072476588903
2026-06-03 10:35:00+00:00,0,0,0.4045116740616728
2026-06-03 10:40:00+00:00,1,0,0.4004687649757987
2026-06-03 10:45:00+00:00,1,0,0.3751316722007135
2026-06-03 10:50:00+00:00,1,0,0.4075916150202466
2026-06-03 10:55:00+00:00,1,0,0.4015635736896891
2026-06-03 11:00:00+00:00,1,0,0.46581988273337904
2026-06-03 11:05:00+00:00,1,0,0.4751305745833307
2026-06-03 11:10:00+00:00,1,0,0.41844447669437995
2026-06-03 11:15:00+00:00,1,0,0.44137019104240927
2026-06-03 11:20:00+00:00,1,0,0.44732374691491295
2026-06-03 11:25:00+00:00,1,0,0.4875426103333493
2026-06-03 11:30:00+00:00,1,0,0.44749978983164507
2026-06-03 11:35:00+00:00,1,0,0.33869849833840965
2026-06-03 11:40:00+00:00,1,0,0.34791006653773665
2026-06-03 11:45:00+00:00,1,0,0.4089656525887092
2026-06-03 11:50:00+00:00,1,0,0.3515664834683389
2026-06-03 11:55:00+00:00,1,0,0.3283031028750237
2026-06-03 12:00:00+00:00,0,0,0.31082165688939406
2026-06-03 12:05:00+00:00,0,0,0.3194421617294372
2026-06-03 12:10:00+00:00,0,0,0.27926297288824886
2026-06-03 12:25:00+00:00,0,0,0.3220319453225619
2026-06-03 12:50:00+00:00,0,0,0.432315170008094
2026-06-03 13:00:00+00:00,1,0,0.44179522481080363
2026-06-03 13:05:00+00:00,1,0,0.47435336918502535
2026-06-03 13:20:00+00:00,0,0,0.4200917840019863
2026-06-03 13:25:00+00:00,0,0,0.4253328756902257
2026-06-03 13:30:00+00:00,0,0,0.44134348847344607
2026-06-03 13:35:00+00:00,0,0,0.4449792087155528
2026-06-03 13:40:00+00:00,0,0,0.4349580465783646
2026-06-03 13:45:00+00:00,0,0,0.41524151857656755
2026-06-03 13:50:00+00:00,1,0,0.4053471048111447
2026-06-03 13:55:00+00:00,1,0,0.4331143072629542
2026-06-03 14:00:00+00:00,1,0,0.4563091739997565
2026-06-03 14:05:00+00:00,1,0,0.4474143113645647
2026-06-03 14:10:00+00:00,1,0,0.43137810820944633
2026-06-03 14:15:00+00:00,1,0,0.4355751236923606
2026-06-03 14:20:00+00:00,1,0,0.41142323291537114
2026-06-03 14:25:00+00:00,1,0,0.4151556215205603
2026-06-03 14:30:00+00:00,1,0,0.4616074034891674
2026-06-03 14:35:00+00:00,1,0,0.4928998214753796
2026-06-03 14:40:00+00:00,1,1,0.5053878425084277
2026-06-03 14:45:00+00:00,1,0,0.4699196074112037
2026-06-03 14:50:00+00:00,1,1,0.5548320158396773
2026-06-03 14:55:00+00:00,1,0,0.48255516611248717
2026-06-03 15:00:00+00:00,1,0,0.4619588506407993
2026-06-03 15:05:00+00:00,1,0,0.46191203235647743
2026-06-03 15:10:00+00:00,1,0,0.49170291282107614
2026-06-03 15:15:00+00:00,1,0,0.4904874357754863
2026-06-03 15:20:00+00:00,1,0,0.45866025496217033
2026-06-03 15:25:00+00:00,1,0,0.47041631975692316
2026-06-03 15:30:00+00:00,1,1,0.5067023762068357
2026-06-03 15:35:00+00:00,1,1,0.5203815226700248
2026-06-03 15:40:00+00:00,1,1,0.5281060212867594
2026-06-03 15:45:00+00:00,1,0,0.48980355533475006
2026-06-03 15:50:00+00:00,1,0,0.48647285633527204
2026-06-03 15:55:00+00:00,1,0,0.47406483039305647
2026-06-03 16:00:00+00:00,1,1,0.50904105868904
2026-06-03 16:05:00+00:00,1,0,0.4801247820219719
2026-06-03 16:10:00+00:00,1,1,0.5005335151761805
2026-06-03 16:15:00+00:00,1,0,0.4959267087566037
2026-06-03 16:25:00+00:00,1,0,0.48660898813790154
2026-06-03 16:30:00+00:00,1,0,0.4984237222939185
2026-06-03 16:35:00+00:00,1,1,0.51812704360141
2026-06-03 16:40:00+00:00,1,1,0.5202337340964343
2026-06-03 16:45:00+00:00,1,1,0.5418036335441876
2026-06-03 16:50:00+00:00,0,1,0.5274454435002996
2026-06-03 16:55:00+00:00,0,1,0.5239561560116127
2026-06-03 17:10:00+00:00,1,1,0.5726124093042025
2026-06-03 17:20:00+00:00,1,0,0.49608154219796463
2026-06-03 17:50:00+00:00,1,1,0.5590088123954595
2026-06-03 17:55:00+00:00,1,1,0.5518229734639416
2026-06-03 18:05:00+00:00,1,0,0.49998234354603216
2026-06-03 18:10:00+00:00,1,1,0.5479184065067915
2026-06-03 18:15:00+00:00,1,1,0.550398219845632
2026-06-03 18:20:00+00:00,1,1,0.5197770521629355
2026-06-03 18:25:00+00:00,1,1,0.533503476894915
2026-06-03 18:30:00+00:00,1,1,0.5318895963389493
2026-06-03 18:35:00+00:00,1,1,0.5243762975242529
2026-06-03 18:40:00+00:00,1,1,0.5230672162833874
2026-06-03 18:45:00+00:00,1,1,0.5253913061855531
2026-06-03 18:50:00+00:00,1,1,0.5230672162833874
2026-06-03 18:55:00+00:00,1,1,0.5554532424052888
2026-06-03 19:05:00+00:00,0,1,0.5630797221272047
2026-06-03 19:10:00+00:00,0,1,0.5279592150145815
2026-06-03 19:15:00+00:00,0,1,0.5203854236956968
2026-06-03 19:25:00+00:00,1,1,0.568086082866801
2026-06-03 19:40:00+00:00,1,1,0.6003457342703653
2026-06-03 19:45:00+00:00,1,1,0.5782852370051144
2026-06-03 19:50:00+00:00,1,1,0.5987145145166156
2026-06-03 19:55:00+00:00,1,1,0.6276080878026576
2026-06-03 20:00:00+00:00,1,1,0.6468258852321371
2026-06-03 20:05:00+00:00,1,1,0.6930372790071578
2026-06-03 20:10:00+00:00,1,1,0.5377187858044323
2026-06-03 20:15:00+00:00,1,1,0.5300020662355298
2026-06-03 20:20:00+00:00,1,1,0.5318974954176041
2026-06-03 20:25:00+00:00,1,1,0.5518321904822859
2026-06-03 20:30:00+00:00,1,1,0.554066633841408
2026-06-03 20:35:00+00:00,1,1,0.5623928562860137
2026-06-03 20:45:00+00:00,0,1,0.571524992194742
2026-06-03 20:50:00+00:00,0,1,0.5728038206782982
2026-06-03 20:55:00+00:00,0,1,0.5431512548324515
2026-06-03 21:00:00+00:00,0,1,0.5412729216576188
2026-06-03 21:05:00+00:00,0,1,0.5452009017335974
2026-06-03 21:10:00+00:00,0,0,0.47625436487319767
2026-06-03 21:15:00+00:00,0,0,0.46605430341627657
2026-06-03 21:20:00+00:00,0,0,0.49320309259928924
2026-06-03 21:40:00+00:00,1,0,0.45349377398715385
2026-06-03 21:45:00+00:00,1,0,0.47690949708261493
2026-06-03 21:50:00+00:00,1,0,0.47310713637647117
2026-06-03 21:55:00+00:00,1,0,0.47719684135306945
2026-06-03 22:00:00+00:00,1,0,0.37972620755243636
2026-06-03 22:05:00+00:00,1,0,0.347429683776757
2026-06-03 22:10:00+00:00,1,0,0.41594206788455956
2026-06-03 22:15:00+00:00,1,0,0.4625737494028503
2026-06-03 22:20:00+00:00,1,0,0.3897010148017993
2026-06-03 22:25:00+00:00,1,0,0.348759111243856
2026-06-03 22:30:00+00:00,1,0,0.33328502714338404
2026-06-03 22:35:00+00:00,1,0,0.32566568268979024
2026-06-03 22:40:00+00:00,1,0,0.3784649323421281
2026-06-03 22:45:00+00:00,1,0,0.3590086702667462
2026-06-03 22:50:00+00:00,1,0,0.34298894915216804
2026-06-03 22:55:00+00:00,0,0,0.3180288670210033
2026-06-03 23:00:00+00:00,0,0,0.06033145824116578
2026-06-03 23:05:00+00:00,0,0,0.06939256156357865
2026-06-03 23:10:00+00:00,0,0,0.053422666421809366
2026-06-03 23:15:00+00:00,0,0,0.07793231633095427
2026-06-03 23:20:00+00:00,0,0,0.06453550229354237
2026-06-03 23:25:00+00:00,0,0,0.06639153786063257
2026-06-03 23:30:00+00:00,0,0,0.07628534318664683
2026-06-03 23:35:00+00:00,0,0,0.05565652274460301
2026-06-03 23:40:00+00:00,0,0,0.0396450116818663
2026-06-03 23:45:00+00:00,0,0,0.03662293579974314
2026-06-03 23:50:00+00:00,0,0,0.03994225270374297
2026-06-03 23:55:00+00:00,0,0,0.1341581482451806
2026-06-04 00:00:00+00:00,1,1,0.5647890303740901
2026-06-04 00:30:00+00:00,0,1,0.5961829389504463
2026-06-04 00:35:00+00:00,0,1,0.5789979988958683
2026-06-04 00:40:00+00:00,0,1,0.6186396035727922
2026-06-04 00:45:00+00:00,1,1,0.6462419982199449
2026-06-04 00:55:00+00:00,0,1,0.6735888088415458
2026-06-04 01:00:00+00:00,0,1,0.511712897667816
2026-06-04 01:05:00+00:00,0,1,0.5114659396124063
2026-06-04 01:10:00+00:00,0,1,0.5290718189067329
2026-06-04 01:15:00+00:00,0,1,0.5573625967394596
2026-06-04 01:20:00+00:00,0,1,0.5726347572281735
2026-06-04 01:25:00+00:00,0,1,0.580225166804793
2026-06-04 01:30:00+00:00,0,1,0.6217943756376779
2026-06-04 01:35:00+00:00,0,1,0.6006506812048014
2026-06-04 01:40:00+00:00,0,1,0.5904070193007052
2026-06-04 01:45:00+00:00,0,1,0.5681972987154739
2026-06-04 01:50:00+00:00,0,1,0.5718796277084456
2026-06-04 01:55:00+00:00,1,1,0.6718679786212552
2026-06-04 02:00:00+00:00,1,1,0.5783372866757349
2026-06-04 02:10:00+00:00,0,1,0.5762482578477327
2026-06-04 02:15:00+00:00,0,1,0.5769369451486059
2026-06-04 02:20:00+00:00,0,1,0.5678587569437805
2026-06-04 02:30:00+00:00,0,1,0.5821508043411536
2026-06-04 02:35:00+00:00,0,1,0.5726830650939712
2026-06-04 02:40:00+00:00,0,1,0.5610938365377782
2026-06-04 02:45:00+00:00,0,1,0.5756234133071848
2026-06-04 02:55:00+00:00,0,1,0.513504819417697
2026-06-04 03:00:00+00:00,0,1,0.5941521152155669
2026-06-04 03:05:00+00:00,0,1,0.5851174707952245
2026-06-04 03:10:00+00:00,0,1,0.5981400042978714
2026-06-04 03:15:00+00:00,0,1,0.5915084797462817
2026-06-04 03:20:00+00:00,0,1,0.5824523749944989
2026-06-04 03:25:00+00:00,0,1,0.528768699815939
2026-06-04 03:30:00+00:00,0,1,0.5452099227796294
2026-06-04 03:35:00+00:00,0,1,0.5393488091816527
2026-06-04 03:45:00+00:00,0,1,0.5626443381972975
2026-06-04 03:50:00+00:00,0,1,0.555333946318913
2026-06-04 03:55:00+00:00,0,1,0.5881251894511336
2026-06-04 04:00:00+00:00,0,1,0.5327790034391677
2026-06-04 04:05:00+00:00,0,1,0.5411589695685777
2026-06-04 04:10:00+00:00,0,1,0.5490919907177593
2026-06-04 04:20:00+00:00,1,1,0.5424499534783431
2026-06-04 04:35:00+00:00,1,1,0.5222463665403237
2026-06-04 04:45:00+00:00,1,1,0.5404062356634967
2026-06-04 04:50:00+00:00,1,1,0.5318967558764393
2026-06-04 04:55:00+00:00,1,1,0.5260397562557491
2026-06-04 05:00:00+00:00,1,1,0.6610132089880862
2026-06-04 05:05:00+00:00,1,1,0.659187315504016
2026-06-04 05:10:00+00:00,1,1,0.6876044022272287
2026-06-04 05:15:00+00:00,1,1,0.650439157786934
2026-06-04 05:20:00+00:00,1,1,0.6444668127484096
2026-06-04 05:25:00+00:00,1,1,0.6713901917979764
2026-06-04 05:30:00+00:00,1,1,0.7246134728486363
2026-06-04 05:35:00+00:00,1,1,0.7330804239092117
2026-06-04 05:40:00+00:00,1,1,0.7601694121801492
2026-06-04 05:45:00+00:00,1,1,0.7148113529676107
2026-06-04 05:50:00+00:00,1,1,0.6966726969693471
2026-06-04 05:55:00+00:00,1,1,0.7893519352582459
2026-06-04 06:00:00+00:00,1,1,0.7295704186357825
2026-06-04 06:05:00+00:00,1,1,0.5955094502095715
2026-06-04 06:10:00+00:00,1,1,0.5701305101339867
2026-06-04 06:15:00+00:00,1,1,0.5789066871969908
2026-06-04 06:20:00+00:00,1,1,0.5805553294224309
2026-06-04 06:25:00+00:00,1,0,0.447190456520119
2026-06-04 06:30:00+00:00,0,0,0.40630019564496417
2026-06-04 06:35:00+00:00,0,0,0.4485888320234066
2026-06-04 06:40:00+00:00,0,0,0.43851934374249424
2026-06-04 06:45:00+00:00,0,0,0.4477084502498429
2026-06-04 06:50:00+00:00,0,0,0.495510461481962
2026-06-04 06:55:00+00:00,0,1,0.5021002514735438
2026-06-04 07:00:00+00:00,0,0,0.4418513112560196
2026-06-04 07:05:00+00:00,0,1,0.5055019303974956
2026-06-04 07:10:00+00:00,0,1,0.536148274992268
2026-06-04 07:15:00+00:00,0,0,0.4812784268075016
2026-06-04 07:20:00+00:00,0,0,0.4596547697622608
2026-06-04 07:25:00+00:00,0,1,0.5776191618682447
2026-06-04 07:30:00+00:00,1,1,0.6712656682078524
2026-06-04 07:35:00+00:00,1,1,0.5578692557462164
2026-06-04 07:40:00+00:00,1,0,0.4681836006841318
2026-06-04 07:45:00+00:00,1,0,0.4443920002597425
2026-06-04 07:55:00+00:00,1,1,0.6114715924641356
2026-06-04 08:00:00+00:00,0,1,0.6437513744396665
2026-06-04 08:10:00+00:00,0,1,0.6952880969205889
2026-06-04 08:20:00+00:00,0,1,0.712740933748283
2026-06-04 08:25:00+00:00,0,1,0.6922267346645897
2026-06-04 08:30:00+00:00,0,1,0.5615646243732351
2026-06-04 08:35:00+00:00,0,1,0.5435117582782767
2026-06-04 08:40:00+00:00,0,1,0.5806959193085042
2026-06-04 08:55:00+00:00,1,1,0.6048241156135288
2026-06-04 09:00:00+00:00,1,1,0.5844526290576
2026-06-04 09:15:00+00:00,0,1,0.5469158800060275
2026-06-04 09:20:00+00:00,0,1,0.5312638750150891
2026-06-04 09:25:00+00:00,1,1,0.5926666335404115
2026-06-04 09:30:00+00:00,1,1,0.5825421043363538
2026-06-04 09:35:00+00:00,1,1,0.5825924713113838
2026-06-04 09:40:00+00:00,1,1,0.5618947925300988
2026-06-04 09:50:00+00:00,1,1,0.5381729387603504
2026-06-04 10:05:00+00:00,1,1,0.5450555960120839
2026-06-04 10:25:00+00:00,0,1,0.5567819832230674
2026-06-04 10:35:00+00:00,0,1,0.5925132968542237
2026-06-04 10:50:00+00:00,0,1,0.5620351502338319
2026-06-04 10:55:00+00:00,0,1,0.569579300537203
2026-06-04 11:00:00+00:00,0,1,0.5617606890224829
2026-06-04 11:05:00+00:00,0,1,0.5573531148744584
2026-06-04 11:10:00+00:00,0,1,0.5598871524212659
2026-06-04 11:15:00+00:00,0,1,0.5608890850804856
2026-06-04 11:20:00+00:00,0,1,0.5652556373502435
2026-06-04 11:25:00+00:00,1,1,0.6020521194946725
2026-06-04 11:35:00+00:00,0,1,0.6197368949627539
2026-06-04 11:40:00+00:00,0,1,0.6321330973511516
2026-06-04 11:45:00+00:00,0,1,0.6311009805788138
2026-06-04 11:50:00+00:00,0,1,0.6829717120385899
2026-06-04 11:55:00+00:00,0,1,0.7230741977818382
2026-06-04 12:00:00+00:00,1,1,0.6987471291848498
2026-06-04 12:05:00+00:00,1,1,0.6914020002972918
2026-06-04 12:15:00+00:00,1,1,0.6766049731070255
2026-06-04 12:35:00+00:00,1,1,0.7089913321164598
2026-06-04 12:40:00+00:00,1,1,0.7131095755675892
2026-06-04 12:45:00+00:00,1,1,0.696270293631644
2026-06-04 12:50:00+00:00,1,1,0.6987709902043139
2026-06-04 12:55:00+00:00,1,1,0.6962248164824963
2026-06-04 13:00:00+00:00,0,1,0.6679247939498234
2026-06-04 13:05:00+00:00,0,1,0.6717387591430193
2026-06-04 13:10:00+00:00,0,1,0.6972920962996957
2026-06-04 13:15:00+00:00,0,1,0.6789679633407495
2026-06-04 13:20:00+00:00,0,1,0.6747737179858798
2026-06-04 13:25:00+00:00,0,1,0.6745347554987473
2026-06-04 13:30:00+00:00,0,1,0.6664340005904988
2026-06-04 13:35:00+00:00,0,1,0.6868525726221002
2026-06-04 13:40:00+00:00,0,1,0.7037738494647692
2026-06-04 13:45:00+00:00,0,1,0.5780405136776003
2026-06-04 13:50:00+00:00,0,1,0.5571061501361332
2026-06-04 13:55:00+00:00,0,1,0.5901597263758819
2026-06-04 14:00:00+00:00,0,1,0.7185975689891919
2026-06-04 14:05:00+00:00,0,1,0.70306344329544
2026-06-04 14:10:00+00:00,0,1,0.7478503581299938
2026-06-04 14:15:00+00:00,1,1,0.7338082400750069
2026-06-04 14:20:00+00:00,1,1,0.747583843603929
2026-06-04 14:35:00+00:00,1,1,0.7539048358348182
2026-06-04 14:40:00+00:00,1,1,0.7329999506573113
2026-06-04 14:45:00+00:00,1,1,0.755270018054684
2026-06-04 14:50:00+00:00,1,1,0.7188481291448832
2026-06-04 14:55:00+00:00,1,1,0.6813256209427221
2026-06-04 15:00:00+00:00,1,1,0.6728492486361013
2026-06-04 15:05:00+00:00,1,1,0.6344375739865344
2026-06-04 15:10:00+00:00,1,1,0.515743167923664
2026-06-04 15:15:00+00:00,1,1,0.545417084184619
2026-06-04 15:20:00+00:00,1,1,0.5345286079528354
2026-06-04 15:25:00+00:00,1,1,0.5642748448733959
2026-06-04 15:30:00+00:00,1,1,0.5141663986474652
2026-06-04 15:35:00+00:00,1,1,0.5411664954337859
2026-06-04 15:40:00+00:00,1,1,0.5318808254832774
2026-06-04 15:45:00+00:00,1,1,0.5432843269897145
2026-06-04 15:50:00+00:00,1,1,0.5518821406137073
2026-06-04 15:55:00+00:00,1,1,0.531820091490505
2026-06-04 16:00:00+00:00,1,0,0.46614860162924465
2026-06-04 16:05:00+00:00,1,1,0.5402323324727438
2026-06-04 16:10:00+00:00,1,1,0.5454209513458672
2026-06-04 16:15:00+00:00,1,1,0.5854556920479771
2026-06-04 16:20:00+00:00,1,1,0.5591790005569508
2026-06-04 16:25:00+00:00,1,1,0.5758051075668358
2026-06-04 16:30:00+00:00,1,1,0.6126135722598904
2026-06-04 16:35:00+00:00,1,1,0.6271016213547455
2026-06-04 16:40:00+00:00,1,1,0.6025707773199164
2026-06-04 16:45:00+00:00,1,0,0.4857583472732681
2026-06-04 16:50:00+00:00,1,1,0.5382212565970992
2026-06-04 16:55:00+00:00,1,1,0.530826047491107
2026-06-04 17:00:00+00:00,1,1,0.5336979198424784
2026-06-04 17:05:00+00:00,1,1,0.5240568772758415
2026-06-04 17:10:00+00:00,1,1,0.5094877245510875
2026-06-04 17:15:00+00:00,1,1,0.5339043980074963
2026-06-04 17:20:00+00:00,1,1,0.534667390858362
2026-06-04 17:25:00+00:00,1,0,0.4811536642944486
2026-06-04 17:30:00+00:00,1,0,0.4682163499032575
2026-06-04 17:40:00+00:00,1,0,0.47829677458383685
2026-06-04 17:45:00+00:00,1,0,0.4722814425484835
2026-06-04 17:50:00+00:00,1,0,0.4884283395620338
2026-06-04 17:55:00+00:00,0,1,0.5481501665284
2026-06-04 18:00:00+00:00,0,1,0.5602635713427673
2026-06-04 18:05:00+00:00,0,0,0.4836181729330284
2026-06-04 18:10:00+00:00,0,0,0.46987097029836866
2026-06-04 18:15:00+00:00,0,1,0.5399688396414156
2026-06-04 18:20:00+00:00,0,0,0.485709701024527
2026-06-04 18:25:00+00:00,0,1,0.530542615310588
2026-06-04 18:30:00+00:00,0,1,0.5296259798090664
2026-06-04 18:40:00+00:00,0,1,0.567170207602469
2026-06-04 19:05:00+00:00,1,1,0.5272931477309576
2026-06-04 19:10:00+00:00,1,1,0.5044272170749559
2026-06-04 19:15:00+00:00,1,0,0.49513820016469023
2026-06-04 19:20:00+00:00,1,0,0.448374144861783
2026-06-04 19:25:00+00:00,1,0,0.490518636136373
2026-06-04 19:50:00+00:00,1,0,0.3012883467883043
2026-06-04 19:55:00+00:00,1,0,0.3304104581770264
2026-06-04 20:05:00+00:00,0,0,0.26592554515234534
2026-06-04 20:15:00+00:00,0,0,0.2882167647534746
2026-06-04 20:30:00+00:00,1,0,0.4023041530130387
2026-06-04 20:35:00+00:00,1,0,0.3544351285201978
2026-06-04 20:40:00+00:00,1,0,0.35122370240926964
2026-06-04 20:45:00+00:00,1,0,0.3480238770186619
2026-06-04 20:50:00+00:00,1,0,0.3795559754870656
2026-06-04 20:55:00+00:00,1,0,0.3212113286417271
2026-06-04 21:00:00+00:00,1,0,0.39100599618288673
2026-06-04 21:05:00+00:00,1,0,0.38296238208870204
2026-06-04 21:10:00+00:00,1,0,0.39340727024428634
2026-06-04 21:15:00+00:00,1,0,0.4503696485972951
2026-06-04 21:20:00+00:00,1,0,0.36137930552466024
2026-06-04 21:25:00+00:00,1,0,0.31749059433574
2026-06-04 21:40:00+00:00,1,0,0.3559147142595885
2026-06-04 21:50:00+00:00,0,0,0.30626514252419257
2026-06-04 21:55:00+00:00,0,0,0.3062921380204362
2026-06-04 22:00:00+00:00,0,0,0.33805063266680013
2026-06-04 22:10:00+00:00,0,0,0.34950632416623284
2026-06-04 22:20:00+00:00,1,0,0.34258768699515957
2026-06-04 22:25:00+00:00,1,0,0.3291845057862409
2026-06-04 22:30:00+00:00,1,0,0.35205676760281307
2026-06-04 22:35:00+00:00,1,0,0.36839543662646473
2026-06-04 22:40:00+00:00,1,0,0.36839543662646473
2026-06-04 22:45:00+00:00,1,0,0.4058196923109204
2026-06-04 22:50:00+00:00,1,0,0.3945869218114188
2026-06-04 23:00:00+00:00,0,0,0.099964200108005
2026-06-04 23:05:00+00:00,0,0,0.0772153555907552
2026-06-04 23:10:00+00:00,0,0,0.08998107502167763
2026-06-04 23:15:00+00:00,0,0,0.07558822180214914
2026-06-04 23:20:00+00:00,0,0,0.06555747843747878
2026-06-04 23:25:00+00:00,0,0,0.06608626130457729
2026-06-04 23:30:00+00:00,0,0,0.07219211317166194
2026-06-04 23:35:00+00:00,0,0,0.11383605121908051
2026-06-04 23:40:00+00:00,0,0,0.08937574344223592
2026-06-04 23:45:00+00:00,0,0,0.062217053294739866
2026-06-04 23:50:00+00:00,0,0,0.08547805540418967
2026-06-04 23:55:00+00:00,0,0,0.12188285507116939
2026-06-05 00:05:00+00:00,0,1,0.5259754491103905
2026-06-05 00:25:00+00:00,0,1,0.5417316210514801
2026-06-05 00:45:00+00:00,1,1,0.6162482619379701
2026-06-05 00:50:00+00:00,1,1,0.6692872202851263
2026-06-05 00:55:00+00:00,1,1,0.7473698112850362
2026-06-05 01:05:00+00:00,1,1,0.5279156332364123
2026-06-05 01:15:00+00:00,0,1,0.5328805368459452
2026-06-05 01:20:00+00:00,0,1,0.559284754556055
2026-06-05 01:40:00+00:00,0,0,0.3749158429979537
2026-06-05 01:45:00+00:00,0,0,0.36454377396401877
2026-06-05 01:50:00+00:00,0,0,0.3855376113684919
2026-06-05 02:00:00+00:00,0,0,0.4016617881256763
2026-06-05 02:05:00+00:00,0,0,0.3713371370873916
2026-06-05 02:10:00+00:00,0,0,0.37867160529298244
2026-06-05 02:15:00+00:00,1,0,0.4009699854195207
2026-06-05 02:30:00+00:00,0,0,0.3666164433514659
2026-06-05 02:35:00+00:00,0,0,0.35847551656951804
2026-06-05 02:40:00+00:00,0,0,0.4101623597835433
2026-06-05 02:45:00+00:00,0,1,0.5082133360552616
2026-06-05 02:50:00+00:00,0,0,0.4244452386300587
2026-06-05 02:55:00+00:00,0,0,0.33716207530502634
2026-06-05 03:00:00+00:00,0,1,0.586607102650161
2026-06-05 03:05:00+00:00,0,1,0.5310360533540156
2026-06-05 03:10:00+00:00,0,1,0.5346044815037793
2026-06-05 03:15:00+00:00,0,0,0.4910246352749555
2026-06-05 03:20:00+00:00,0,1,0.5474986914766811
2026-06-05 03:25:00+00:00,0,1,0.543261238594099
2026-06-05 03:30:00+00:00,0,1,0.5916970309968791
2026-06-05 03:35:00+00:00,0,0,0.4899778565391001
2026-06-05 03:40:00+00:00,0,1,0.5840187312616189
2026-06-05 03:45:00+00:00,1,1,0.6080641094536161
2026-06-05 04:00:00+00:00,1,1,0.6388656346849458
2026-06-05 04:05:00+00:00,1,1,0.6885525702976515
2026-06-05 04:10:00+00:00,1,1,0.6451023653595489
2026-06-05 04:15:00+00:00,1,1,0.6097840302801167
2026-06-05 04:20:00+00:00,1,1,0.668574150753941
2026-06-05 04:25:00+00:00,1,1,0.5811078734870065
2026-06-05 04:30:00+00:00,1,1,0.5841142413139834
2026-06-05 04:35:00+00:00,1,1,0.5850739869610914
2026-06-05 04:40:00+00:00,1,1,0.6471476962445666
2026-06-05 04:45:00+00:00,1,1,0.6305678434151203
2026-06-05 04:55:00+00:00,1,1,0.6104564289310539
2026-06-05 05:00:00+00:00,1,1,0.6972375337641114
2026-06-05 05:05:00+00:00,1,1,0.6927591829845043
2026-06-05 05:10:00+00:00,1,1,0.7009680457328178
2026-06-05 05:15:00+00:00,1,1,0.6387916618372297
2026-06-05 05:20:00+00:00,1,1,0.6526960197523565
2026-06-05 05:40:00+00:00,0,1,0.6091751221807209
2026-06-05 05:45:00+00:00,0,1,0.6061606261213948
2026-06-05 05:55:00+00:00,0,1,0.5639292987291924
2026-06-05 06:00:00+00:00,0,1,0.5712301744947842
2026-06-05 06:05:00+00:00,0,1,0.54884008095585
2026-06-05 06:10:00+00:00,0,1,0.5415746053489541
2026-06-05 06:15:00+00:00,0,1,0.6079827192311759
2026-06-05 06:20:00+00:00,0,1,0.6237384495823616
2026-06-05 06:25:00+00:00,0,1,0.6247844273621619
2026-06-05 06:35:00+00:00,1,1,0.6369008119265613
2026-06-05 07:00:00+00:00,1,1,0.6446920726802579
2026-06-05 07:05:00+00:00,1,1,0.6486248719213529
2026-06-05 07:20:00+00:00,0,1,0.5966204740507682
2026-06-05 07:25:00+00:00,0,1,0.582267137732293
2026-06-05 07:30:00+00:00,0,1,0.5839683917621237
2026-06-05 07:35:00+00:00,0,1,0.626614593186269
2026-06-05 07:40:00+00:00,0,1,0.6300286745416624
2026-06-05 07:45:00+00:00,0,1,0.557076329741563
2026-06-05 07:50:00+00:00,0,1,0.636378560255615
2026-06-05 08:00:00+00:00,0,1,0.6304987895494992
2026-06-05 08:10:00+00:00,1,1,0.6854315170258601
2026-06-05 08:15:00+00:00,1,1,0.6642401694870913
2026-06-05 08:20:00+00:00,1,1,0.7536436058476765
2026-06-05 08:25:00+00:00,1,1,0.6839273291676841
2026-06-05 08:30:00+00:00,1,1,0.7515611772982729
2026-06-05 08:35:00+00:00,1,1,0.6137640630875837
2026-06-05 08:40:00+00:00,1,1,0.5365587666870689
2026-06-05 08:45:00+00:00,1,1,0.5570632953346919
2026-06-05 08:50:00+00:00,0,1,0.5511703678140328
2026-06-05 08:55:00+00:00,0,1,0.5284246856880371
2026-06-05 09:00:00+00:00,0,1,0.5189041273000112
2026-06-05 09:05:00+00:00,0,1,0.5405882500430983
2026-06-05 09:10:00+00:00,0,1,0.5807766391754645
2026-06-05 09:15:00+00:00,0,1,0.5442320809485021
2026-06-05 09:20:00+00:00,0,1,0.5912910724655235
2026-06-05 09:25:00+00:00,0,1,0.6055057572784053
2026-06-05 09:30:00+00:00,0,1,0.5838750323443777
2026-06-05 09:35:00+00:00,0,1,0.5941197957039206
2026-06-05 09:40:00+00:00,0,1,0.6069467933580451
2026-06-05 09:45:00+00:00,0,1,0.6446920726802579
2026-06-05 09:50:00+00:00,0,1,0.6777434417663895
2026-06-05 09:55:00+00:00,1,1,0.6748192400060267
2026-06-05 10:00:00+00:00,1,1,0.6820925658201907
2026-06-05 10:25:00+00:00,1,1,0.7668335905530436
2026-06-05 10:30:00+00:00,1,1,0.7635377209369758
2026-06-05 10:35:00+00:00,1,1,0.7726478060434894
2026-06-05 10:40:00+00:00,1,1,0.6287360886829364
2026-06-05 10:45:00+00:00,1,1,0.7426795720339555
2026-06-05 10:50:00+00:00,1,1,0.6735325528033176
2026-06-05 11:00:00+00:00,1,1,0.5588446085397911
2026-06-05 11:05:00+00:00,1,1,0.6047984744522126
2026-06-05 11:10:00+00:00,0,1,0.64542762109965
2026-06-05 11:15:00+00:00,0,1,0.6305882543787671
2026-06-05 11:20:00+00:00,0,1,0.632972687898368
2026-06-05 11:25:00+00:00,0,1,0.587025509441761
2026-06-05 11:30:00+00:00,0,1,0.5828761995472886
2026-06-05 11:35:00+00:00,0,1,0.6305882543787671
2026-06-05 11:45:00+00:00,1,1,0.6043503238600809
2026-06-05 11:50:00+00:00,0,1,0.5510291080365239
2026-06-05 11:55:00+00:00,0,1,0.5887711988543642
2026-06-05 12:00:00+00:00,0,1,0.555897562693543
2026-06-05 12:10:00+00:00,1,1,0.5566921592549475
2026-06-05 12:15:00+00:00,1,1,0.6962537577653073
2026-06-05 12:20:00+00:00,1,1,0.6848103463900268
2026-06-05 12:25:00+00:00,0,1,0.5247940819983121
2026-06-05 12:40:00+00:00,0,1,0.5257877761533977
2026-06-05 12:45:00+00:00,0,1,0.5252799355971876
2026-06-05 12:55:00+00:00,0,1,0.5099227903754833
2026-06-05 13:00:00+00:00,0,1,0.5045074306135713
2026-06-05 13:05:00+00:00,0,1,0.5067625955659931
2026-06-05 13:10:00+00:00,0,1,0.5367351636689486
2026-06-05 13:15:00+00:00,0,1,0.5592004375236795
2026-06-05 13:20:00+00:00,0,1,0.5627666374812285
2026-06-05 13:25:00+00:00,0,1,0.6260448031610721
2026-06-05 13:35:00+00:00,0,1,0.5577381026449616
2026-06-05 13:40:00+00:00,0,1,0.5388809415627738
2026-06-05 13:45:00+00:00,0,1,0.5350477976680084
2026-06-05 13:50:00+00:00,0,1,0.5382461845171764
2026-06-05 13:55:00+00:00,0,1,0.6413805414453551
2026-06-05 14:00:00+00:00,0,1,0.7332282698753657
2026-06-05 14:05:00+00:00,0,1,0.7169507550324657
2026-06-05 14:10:00+00:00,0,1,0.5954794111846311
2026-06-05 14:15:00+00:00,0,1,0.5632868591892014
2026-06-05 14:20:00+00:00,0,1,0.6090823901301959
2026-06-05 14:25:00+00:00,0,1,0.7307716949078473
2026-06-05 14:30:00+00:00,1,1,0.6083906211052297
2026-06-05 14:35:00+00:00,1,1,0.7493011796849093
2026-06-05 14:40:00+00:00,1,1,0.7226862756332996
2026-06-05 14:45:00+00:00,1,1,0.7353801147605251
2026-06-05 14:50:00+00:00,1,1,0.7223154176667993
2026-06-05 14:55:00+00:00,1,1,0.7378977413944857
2026-06-05 15:00:00+00:00,1,1,0.7219421101912891
2026-06-05 15:05:00+00:00,1,1,0.7150540101693398
2026-06-05 15:10:00+00:00,1,1,0.7046171914223874
2026-06-05 15:15:00+00:00,1,1,0.6941861095684644
2026-06-05 15:20:00+00:00,1,1,0.6857745132963661
2026-06-05 15:25:00+00:00,1,1,0.631038764415488
2026-06-05 15:30:00+00:00,1,1,0.5799744060984742
2026-06-05 15:35:00+00:00,1,0,0.46523037276856094
2026-06-05 15:40:00+00:00,1,0,0.4901544118247266
2026-06-05 15:45:00+00:00,1,0,0.47997011164283476
2026-06-05 15:50:00+00:00,0,1,0.5613099391159404
2026-06-05 15:55:00+00:00,0,1,0.5274070103766416
2026-06-05 16:00:00+00:00,1,0,0.45882786989843843
2026-06-05 16:05:00+00:00,1,0,0.45172804143470496
2026-06-05 16:10:00+00:00,1,0,0.4325700932455953
2026-06-05 16:15:00+00:00,1,0,0.43663549112255745
2026-06-05 16:20:00+00:00,1,0,0.48075642938790264
2026-06-05 16:25:00+00:00,1,0,0.4657648075330343
2026-06-05 16:30:00+00:00,1,0,0.4561532796179663
2026-06-05 16:35:00+00:00,1,0,0.44796687221548326
2026-06-05 16:40:00+00:00,1,0,0.4478563898845193
2026-06-05 16:45:00+00:00,1,0,0.43030998440121
2026-06-05 16:50:00+00:00,1,0,0.45278700505091407
2026-06-05 16:55:00+00:00,1,0,0.46160094469593566
2026-06-05 17:00:00+00:00,1,1,0.5032989900146202
2026-06-05 17:05:00+00:00,1,1,0.5139054592445186
2026-06-05 17:10:00+00:00,1,1,0.5459354762475107
2026-06-05 17:15:00+00:00,1,0,0.45176807158682847
2026-06-05 17:20:00+00:00,1,0,0.45958760945759103
2026-06-05 17:25:00+00:00,1,0,0.4901961550879461
2026-06-05 17:30:00+00:00,1,0,0.4797477511247912
2026-06-05 17:35:00+00:00,1,0,0.41468393551958066
2026-06-05 17:40:00+00:00,1,0,0.3605536141801123
2026-06-05 17:45:00+00:00,1,0,0.42614672737282877
2026-06-05 18:15:00+00:00,1,0,0.41401144894940817
2026-06-05 18:20:00+00:00,1,0,0.41401144894940817
2026-06-05 18:25:00+00:00,1,0,0.4165066756904828
2026-06-05 18:30:00+00:00,1,0,0.4115358029732028
2026-06-05 18:35:00+00:00,1,0,0.3790888813319256
2026-06-05 18:40:00+00:00,1,0,0.40048480574652695
2026-06-05 18:45:00+00:00,1,0,0.4411805898953348
2026-06-05 19:00:00+00:00,1,0,0.43402546021493404
2026-06-05 19:05:00+00:00,1,0,0.45823863468542175
2026-06-05 19:10:00+00:00,1,0,0.46266884982818146
2026-06-05 19:25:00+00:00,1,0,0.4793412387443109
2026-06-05 19:40:00+00:00,1,0,0.47132104902036653
2026-06-05 19:45:00+00:00,1,0,0.4722382997481765
2026-06-05 19:50:00+00:00,1,0,0.48375929466689893
2026-06-05 19:55:00+00:00,1,1,0.5301223298344767
2026-06-05 20:00:00+00:00,1,1,0.5216196092302829
2026-06-05 20:05:00+00:00,1,1,0.5304158413270073
2026-06-05 20:15:00+00:00,0,0,0.4929739301878141
2026-06-05 20:20:00+00:00,0,0,0.4848064570716626
2026-06-05 20:25:00+00:00,0,0,0.4563346046338102
2026-06-05 20:30:00+00:00,0,0,0.44348016102717863
2026-06-05 20:35:00+00:00,0,0,0.45558343708797944
2026-06-05 20:40:00+00:00,0,0,0.4702117981194278
2026-06-05 20:45:00+00:00,0,1,0.5094255017271003
2026-06-05 20:50:00+00:00,0,1,0.5153662278010447
2026-06-05 20:55:00+00:00,0,0,0.47285008249875515
2026-06-05 21:00:00+00:00,0,1,0.5083529503526572
2026-06-05 21:05:00+00:00,0,1,0.5067014787176437
2026-06-05 21:10:00+00:00,0,1,0.5302805961940602
2026-06-05 21:15:00+00:00,0,1,0.6855633346149907
2026-06-05 21:20:00+00:00,0,1,0.7585721653891105
2026-06-05 21:25:00+00:00,0,1,0.6294223005144401
2026-06-05 21:30:00+00:00,0,1,0.7376346791659082
2026-06-05 21:35:00+00:00,1,1,0.6770494500800437
2026-06-05 21:45:00+00:00,1,1,0.6506736518263991
2026-06-05 21:50:00+00:00,1,1,0.6517472469028353
2026-06-05 21:55:00+00:00,1,1,0.5478531223183133
2026-06-05 22:00:00+00:00,1,1,0.5339672358567721
2026-06-05 22:05:00+00:00,1,1,0.546498965984857
2026-06-05 22:10:00+00:00,1,1,0.5937511005511987
2026-06-05 22:15:00+00:00,1,1,0.6218829952759203
2026-06-05 22:20:00+00:00,1,1,0.6224301287059364
2026-06-05 22:35:00+00:00,1,1,0.6087948319185991
2026-06-05 22:40:00+00:00,1,1,0.6223812172387299
2026-06-05 22:45:00+00:00,1,1,0.6462293381272124
2026-06-05 22:50:00+00:00,1,1,0.5991282553193181
2026-06-05 22:55:00+00:00,1,1,0.6466321616281681
2026-06-05 23:00:00+00:00,0,0,0.48969379024330756
2026-06-05 23:05:00+00:00,0,0,0.44039301481979753
2026-06-05 23:10:00+00:00,0,0,0.45360561885666206
2026-06-05 23:15:00+00:00,0,0,0.49252469727989995
2026-06-05 23:20:00+00:00,0,0,0.47422424749414005
2026-06-05 23:25:00+00:00,0,0,0.48771226104672727
2026-06-05 23:30:00+00:00,0,1,0.5363545778671791
2026-06-05 23:35:00+00:00,0,0,0.3941043911074691
2026-06-05 23:40:00+00:00,0,0,0.41383468151615144
2026-06-05 23:45:00+00:00,0,0,0.40504059080428084
2026-06-05 23:50:00+00:00,0,0,0.34094799222231453
2026-06-05 23:55:00+00:00,0,0,0.3066112617658278
2026-06-08 00:00:00+00:00,1,1,0.8899779773713213
2026-06-08 00:05:00+00:00,1,1,0.936894154672718
2026-06-08 00:10:00+00:00,1,1,0.9335269855889073
2026-06-08 00:15:00+00:00,1,1,0.8847662472565188
2026-06-08 00:20:00+00:00,1,1,0.8808850854945416
2026-06-08 00:25:00+00:00,1,1,0.9315322140842186
2026-06-08 00:30:00+00:00,1,1,0.9143005060714148
2026-06-08 00:35:00+00:00,1,1,0.9086153508974214
2026-06-08 00:40:00+00:00,1,1,0.9289822550956514
2026-06-08 00:45:00+00:00,1,1,0.9108281330117615
2026-06-08 00:50:00+00:00,1,1,0.8537543167335198
2026-06-08 00:55:00+00:00,1,1,0.9068199345591541
2026-06-08 01:00:00+00:00,1,0,0.4066030070379609
2026-06-08 01:05:00+00:00,0,0,0.45436462926498883
2026-06-08 01:10:00+00:00,0,1,0.566348453500488
2026-06-08 01:15:00+00:00,0,0,0.46211920754435026
2026-06-08 01:20:00+00:00,0,0,0.43369960806336255
2026-06-08 01:25:00+00:00,0,0,0.4117191377184638
2026-06-08 01:30:00+00:00,0,0,0.312809821990296
2026-06-08 01:35:00+00:00,0,0,0.2906024576946196
2026-06-08 01:45:00+00:00,0,0,0.39193646851476394
2026-06-08 02:00:00+00:00,0,0,0.31677047515032936
2026-06-08 02:05:00+00:00,0,0,0.3146983988030302
2026-06-08 02:10:00+00:00,1,0,0.2885692218552757
2026-06-08 02:15:00+00:00,1,0,0.3683945425255786
2026-06-08 02:20:00+00:00,1,0,0.3744472990138314
2026-06-08 02:25:00+00:00,1,0,0.3565829016232607
2026-06-08 02:30:00+00:00,1,0,0.3000757095105778
2026-06-08 02:40:00+00:00,0,0,0.30631481067890415
2026-06-08 02:45:00+00:00,0,0,0.30924072167037225
2026-06-08 02:50:00+00:00,1,0,0.30810449797616496
2026-06-08 02:55:00+00:00,0,0,0.3385608634370033
2026-06-08 03:00:00+00:00,1,0,0.26233314672833397
2026-06-08 03:20:00+00:00,0,0,0.330183628338647
2026-06-08 03:25:00+00:00,1,0,0.26984026785279475
2026-06-08 03:30:00+00:00,1,0,0.27422239143787935
2026-06-08 03:35:00+00:00,1,0,0.2914584485442305
2026-06-08 03:40:00+00:00,1,0,0.32226788884999286
2026-06-08 03:45:00+00:00,1,0,0.2768638519884622
2026-06-08 04:00:00+00:00,1,0,0.27856878524620554
2026-06-08 04:05:00+00:00,1,0,0.2985463495335876
2026-06-08 04:10:00+00:00,1,0,0.2808629870056584
2026-06-08 04:15:00+00:00,1,0,0.2822079338776993
2026-06-08 04:20:00+00:00,1,0,0.28498372550385115
2026-06-08 04:25:00+00:00,1,0,0.27569719781772517
2026-06-08 04:30:00+00:00,1,0,0.27315446394312554
2026-06-08 04:40:00+00:00,1,0,0.2937722720744601
2026-06-08 04:45:00+00:00,1,0,0.2835133106566247
2026-06-08 04:50:00+00:00,1,0,0.2792428906303504
2026-06-08 04:55:00+00:00,1,0,0.2717821415531845
2026-06-08 05:00:00+00:00,1,0,0.34141642495344154
2026-06-08 05:05:00+00:00,1,0,0.32645505133258834
2026-06-08 05:10:00+00:00,1,0,0.3225201671409487
2026-06-08 05:15:00+00:00,1,0,0.33504298313000586
2026-06-08 05:20:00+00:00,1,0,0.3358047965672093
2026-06-08 05:25:00+00:00,1,0,0.3444408518086463
2026-06-08 05:30:00+00:00,1,0,0.3492653635602291
2026-06-08 05:40:00+00:00,0,0,0.3637914857739568
2026-06-08 05:45:00+00:00,0,0,0.36826120961558173
2026-06-08 05:50:00+00:00,0,0,0.3712811469835761
2026-06-08 05:55:00+00:00,0,0,0.33506199034680867
2026-06-08 06:00:00+00:00,0,0,0.2488060541867214
2026-06-08 06:05:00+00:00,0,0,0.1968205245786582
2026-06-08 06:10:00+00:00,0,0,0.18624812922114917
2026-06-08 06:15:00+00:00,0,0,0.18475522439400568
2026-06-08 06:20:00+00:00,0,0,0.1883741474146724
2026-06-08 06:25:00+00:00,0,0,0.2004594214720864
2026-06-08 06:30:00+00:00,0,0,0.2038624686666958
2026-06-08 06:35:00+00:00,0,0,0.23475219287987364
2026-06-08 06:40:00+00:00,0,0,0.2228051875633046
2026-06-08 07:00:00+00:00,0,0,0.4653814794430994
2026-06-08 07:10:00+00:00,1,0,0.4583916764545657
2026-06-08 07:15:00+00:00,1,0,0.36199599835068796
2026-06-08 07:20:00+00:00,0,0,0.36765888009214204
2026-06-08 07:25:00+00:00,0,0,0.3850556352675165
2026-06-08 07:40:00+00:00,0,0,0.32643072563435915
2026-06-08 07:45:00+00:00,0,0,0.3104832493741239
2026-06-08 07:50:00+00:00,0,0,0.28482117411312247
2026-06-08 07:55:00+00:00,0,0,0.301402901426738
2026-06-08 08:00:00+00:00,0,0,0.3546616279060367
2026-06-08 08:05:00+00:00,0,0,0.3103374135921132
2026-06-08 08:10:00+00:00,0,0,0.34343830331982855
2026-06-08 08:15:00+00:00,0,0,0.3656965927292369
2026-06-08 08:20:00+00:00,0,0,0.37112784066178195
2026-06-08 08:25:00+00:00,1,0,0.36188884257078757
2026-06-08 08:30:00+00:00,0,0,0.30779770931127864
2026-06-08 08:35:00+00:00,0,0,0.36060655185129087
2026-06-08 08:40:00+00:00,0,0,0.3657414501998658
2026-06-08 08:45:00+00:00,0,0,0.37016499593501306
2026-06-08 08:50:00+00:00,1,1,0.5100538354510881
2026-06-08 09:00:00+00:00,0,0,0.4762376127743013
2026-06-08 09:05:00+00:00,0,0,0.49432928582048924
2026-06-08 09:10:00+00:00,0,1,0.5478385263785883
2026-06-08 09:15:00+00:00,0,1,0.5868179744129746
2026-06-08 09:20:00+00:00,0,0,0.49215731427163684
2026-06-08 09:25:00+00:00,0,0,0.3251720202862327
2026-06-08 09:30:00+00:00,0,0,0.4004072582792945
2026-06-08 09:35:00+00:00,0,0,0.41845444216066396
2026-06-08 09:40:00+00:00,0,0,0.4402959899925439
2026-06-08 09:45:00+00:00,0,0,0.43353808657253595
2026-06-08 09:50:00+00:00,0,0,0.4575366618411355
2026-06-08 09:55:00+00:00,0,0,0.44312960829073356
2026-06-08 10:00:00+00:00,0,1,0.5186731800249175
2026-06-08 10:05:00+00:00,0,1,0.5118045618768644
2026-06-08 10:15:00+00:00,1,0,0.4105375220660652
2026-06-08 10:20:00+00:00,0,0,0.41774021408473844
2026-06-08 10:25:00+00:00,0,0,0.4132326116168081
2026-06-08 10:35:00+00:00,0,0,0.41445203237299394
2026-06-08 10:40:00+00:00,0,0,0.4096575973250927
2026-06-08 10:45:00+00:00,1,0,0.4285290861785431
2026-06-08 10:50:00+00:00,0,0,0.4000525261187628
2026-06-08 10:55:00+00:00,0,0,0.3763041552084338
2026-06-08 11:00:00+00:00,0,0,0.38787889916038415
2026-06-08 11:05:00+00:00,0,0,0.3942745570249001
2026-06-08 11:10:00+00:00,0,0,0.3785032210935615
2026-06-08 11:15:00+00:00,0,0,0.3564220982182969
2026-06-08 11:20:00+00:00,0,0,0.3680350225164435
2026-06-08 11:25:00+00:00,0,0,0.429248529190801
2026-06-08 11:30:00+00:00,0,0,0.4065016089557601
2026-06-08 11:35:00+00:00,0,0,0.3963872960781138
2026-06-08 11:40:00+00:00,0,0,0.3875046136142562
2026-06-08 11:45:00+00:00,0,0,0.36450253470126076
2026-06-08 11:50:00+00:00,0,0,0.24642615068662496
2026-06-08 12:00:00+00:00,0,0,0.21421928398812187
2026-06-08 12:05:00+00:00,0,0,0.21753487828792445
2026-06-08 12:10:00+00:00,0,0,0.2637669821099786
2026-06-08 12:20:00+00:00,1,0,0.24525456105359797
2026-06-08 12:25:00+00:00,1,0,0.2794412306563704
2026-06-08 12:30:00+00:00,0,0,0.35829890907338363
2026-06-08 12:45:00+00:00,0,0,0.3305461622918283
2026-06-08 12:50:00+00:00,0,0,0.4022564222624701
2026-06-08 13:00:00+00:00,0,0,0.3699180180154788
2026-06-08 13:10:00+00:00,0,0,0.42133792136435827
2026-06-08 13:15:00+00:00,0,0,0.4561439544956002
2026-06-08 13:20:00+00:00,0,0,0.4572373893554335
2026-06-08 13:25:00+00:00,0,0,0.4009353230877827
2026-06-08 13:30:00+00:00,0,0,0.38912757091040795
2026-06-08 13:35:00+00:00,0,0,0.3524378285044085
2026-06-08 13:40:00+00:00,0,0,0.3674129654333161
2026-06-08 13:45:00+00:00,0,0,0.376602302720126
2026-06-08 13:55:00+00:00,0,0,0.4024164097978032
2026-06-08 14:00:00+00:00,0,0,0.3986717516988041
2026-06-08 14:05:00+00:00,0,0,0.43775278794880923
2026-06-08 14:10:00+00:00,1,0,0.394920920042059
2026-06-08 14:15:00+00:00,1,0,0.3949935417329958
2026-06-08 14:20:00+00:00,1,0,0.3807545009907902
2026-06-08 14:30:00+00:00,1,0,0.40901246563846866
2026-06-08 14:40:00+00:00,0,0,0.4031290284157329
2026-06-08 14:45:00+00:00,0,0,0.42857128910569037
2026-06-08 14:50:00+00:00,0,0,0.45984276276696434
2026-06-08 15:10:00+00:00,1,0,0.4537946269584593
2026-06-08 15:40:00+00:00,1,0,0.47888366971761887
2026-06-08 15:45:00+00:00,1,1,0.5772508729635545
2026-06-08 15:50:00+00:00,1,0,0.47683187183688863
2026-06-08 15:55:00+00:00,1,1,0.587406325914075
2026-06-08 16:00:00+00:00,1,1,0.5390176334433939
2026-06-08 16:05:00+00:00,1,1,0.5328328542734181
2026-06-08 16:10:00+00:00,1,1,0.5330282292512989
2026-06-08 16:15:00+00:00,1,1,0.5399896234408964
2026-06-08 16:20:00+00:00,1,1,0.5204710599478617
2026-06-08 16:25:00+00:00,1,1,0.6132606496820224
2026-06-08 16:30:00+00:00,1,1,0.6107594323996701
2026-06-08 16:35:00+00:00,1,1,0.5334624496785189
2026-06-08 16:40:00+00:00,1,1,0.55888501206471
2026-06-08 16:45:00+00:00,1,1,0.5036222482897096
2026-06-08 16:50:00+00:00,1,0,0.36749430635248326
2026-06-08 16:55:00+00:00,1,0,0.3489149482996726
2026-06-08 17:00:00+00:00,1,0,0.32641476622907717
2026-06-08 17:05:00+00:00,1,0,0.3139815023584224
2026-06-08 17:10:00+00:00,0,0,0.26751163508157755
2026-06-08 17:15:00+00:00,0,0,0.2397159025857876
2026-06-08 17:20:00+00:00,0,0,0.23598457982831442
2026-06-08 17:25:00+00:00,0,0,0.25288787025412196
2026-06-08 17:30:00+00:00,1,0,0.20480118763054733
2026-06-08 17:35:00+00:00,0,0,0.23510754338649686
2026-06-08 17:45:00+00:00,0,0,0.2553336776148484
2026-06-08 17:55:00+00:00,1,0,0.28836010826481223
2026-06-08 18:05:00+00:00,0,0,0.29989571429698836
2026-06-08 18:15:00+00:00,1,0,0.2941346718658604
2026-06-08 18:20:00+00:00,1,0,0.34697770702882
2026-06-08 18:30:00+00:00,0,0,0.3412865263193255
2026-06-08 18:45:00+00:00,1,0,0.3209878492520675
2026-06-08 18:50:00+00:00,1,0,0.36813029833907707
2026-06-08 18:55:00+00:00,1,0,0.3584831388392698
2026-06-08 19:00:00+00:00,1,0,0.38928962115648996
2026-06-08 19:05:00+00:00,1,0,0.38046086311644134
2026-06-08 19:10:00+00:00,1,0,0.39033767373841005
2026-06-08 19:15:00+00:00,1,0,0.4041446482201101
2026-06-08 19:20:00+00:00,1,0,0.4005128670942445
2026-06-08 19:25:00+00:00,1,0,0.3996098285557928
2026-06-08 19:30:00+00:00,1,0,0.4021892780568512
2026-06-08 19:35:00+00:00,1,0,0.40957466679141663
2026-06-08 19:40:00+00:00,1,0,0.4100582140127328
2026-06-08 20:00:00+00:00,0,0,0.4074549825724261
2026-06-08 20:05:00+00:00,0,0,0.4060242160964931
2026-06-08 20:10:00+00:00,1,0,0.4297588540537394
2026-06-08 20:15:00+00:00,1,0,0.4485483850741758
2026-06-08 20:20:00+00:00,1,0,0.40462821221519846
2026-06-08 20:25:00+00:00,0,0,0.4180082423591008
2026-06-08 20:30:00+00:00,0,0,0.40619308456162373
2026-06-08 20:35:00+00:00,0,0,0.40332586736361614
2026-06-08 20:40:00+00:00,1,0,0.4436402962189726
2026-06-08 20:45:00+00:00,1,0,0.44708795235235493
2026-06-08 20:50:00+00:00,1,0,0.408752055260577
2026-06-08 20:55:00+00:00,1,0,0.42766204775114874
2026-06-08 21:00:00+00:00,1,0,0.4817284758882952
2026-06-08 21:05:00+00:00,1,0,0.4015347685661239
2026-06-08 21:10:00+00:00,1,0,0.3947321773555206
2026-06-08 21:15:00+00:00,1,0,0.3726234188791774
2026-06-08 21:20:00+00:00,1,0,0.36491568831705057
2026-06-08 21:25:00+00:00,1,0,0.3603057765913098
2026-06-08 21:30:00+00:00,1,0,0.33642166451736083
2026-06-08 21:35:00+00:00,1,0,0.3094062521628636
2026-06-08 21:40:00+00:00,1,0,0.33244130405265987
2026-06-08 21:45:00+00:00,1,0,0.25323627124308556
2026-06-08 21:55:00+00:00,0,0,0.3279192029036265
2026-06-08 22:00:00+00:00,0,0,0.39187957560359615
2026-06-08 22:05:00+00:00,0,0,0.2904495782608813
2026-06-08 22:10:00+00:00,0,0,0.3243777078868797
2026-06-08 22:15:00+00:00,0,0,0.3188650172749742
2026-06-08 22:20:00+00:00,0,0,0.319138808835082
2026-06-08 22:25:00+00:00,0,0,0.314972652417916
2026-06-08 22:30:00+00:00,0,0,0.27928639947495154
2026-06-08 22:35:00+00:00,0,0,0.24474604159962837
2026-06-08 22:40:00+00:00,0,0,0.2703653397254537
2026-06-08 22:45:00+00:00,0,0,0.20655755546299548
2026-06-08 22:50:00+00:00,0,0,0.13962553792545596
2026-06-08 22:55:00+00:00,0,0,0.25518032827174
2026-06-08 23:00:00+00:00,0,0,0.07263827186496355
2026-06-08 23:05:00+00:00,0,0,0.0513391371758951
2026-06-08 23:10:00+00:00,0,0,0.10001949072670199
2026-06-08 23:15:00+00:00,0,0,0.060169768458943604
2026-06-08 23:20:00+00:00,0,0,0.14900953465813324
2026-06-08 23:25:00+00:00,0,0,0.17314159996587308
2026-06-08 23:30:00+00:00,0,0,0.13880326745903507
2026-06-08 23:35:00+00:00,0,0,0.1330263578507313
2026-06-08 23:40:00+00:00,0,0,0.13009155924997826
2026-06-08 23:45:00+00:00,0,0,0.12967127965783384
2026-06-08 23:50:00+00:00,0,0,0.13859322266301585
2026-06-08 23:55:00+00:00,0,0,0.4958704134896039
2026-06-09 00:00:00+00:00,1,1,0.8728938704407008
2026-06-09 00:05:00+00:00,1,1,0.8070522589787743
2026-06-09 00:10:00+00:00,1,1,0.8093145605564687
2026-06-09 00:15:00+00:00,1,1,0.7928918333140256
2026-06-09 00:20:00+00:00,1,1,0.7407502311416712
2026-06-09 00:25:00+00:00,1,1,0.7049151595084525
2026-06-09 00:30:00+00:00,1,1,0.7399414569106083
2026-06-09 00:35:00+00:00,1,1,0.7119956763004073
2026-06-09 00:40:00+00:00,1,1,0.7793009971913292
2026-06-09 00:45:00+00:00,1,1,0.6625305333070124
2026-06-09 00:50:00+00:00,1,1,0.6089269112189982
2026-06-09 00:55:00+00:00,1,1,0.6841094317942563
2026-06-09 01:00:00+00:00,1,1,0.6134910706109209
2026-06-09 01:05:00+00:00,1,1,0.6002669702591533
2026-06-09 01:10:00+00:00,1,1,0.5623641378233858
2026-06-09 01:15:00+00:00,1,1,0.5751386515294112
2026-06-09 01:20:00+00:00,1,1,0.5599154573237163
2026-06-09 01:25:00+00:00,1,1,0.5367161286901656
2026-06-09 01:30:00+00:00,1,1,0.5338545845534759
2026-06-09 01:35:00+00:00,1,1,0.5015676472953372
2026-06-09 01:40:00+00:00,1,0,0.4645502275546383
2026-06-09 01:45:00+00:00,1,1,0.5095377096852051
2026-06-09 01:50:00+00:00,1,0,0.4937054836778138
2026-06-09 01:55:00+00:00,1,0,0.49547291289587525
2026-06-09 02:05:00+00:00,0,1,0.5264407366394168
2026-06-09 02:10:00+00:00,0,0,0.4729544799966822
2026-06-09 02:15:00+00:00,0,1,0.5209220745339836
2026-06-09 02:20:00+00:00,0,0,0.4462312160955711
2026-06-09 02:25:00+00:00,0,0,0.4558893631053894
2026-06-09 02:30:00+00:00,0,0,0.4257790168223209
2026-06-09 02:35:00+00:00,0,0,0.47191505658641614
2026-06-09 02:40:00+00:00,0,0,0.4667742479293163
2026-06-09 02:50:00+00:00,1,1,0.518150001161698
2026-06-09 02:55:00+00:00,1,1,0.5168298238347819
2026-06-09 03:00:00+00:00,1,1,0.5551773947644633
2026-06-09 03:05:00+00:00,1,1,0.5336815506728222
2026-06-09 03:10:00+00:00,1,1,0.5626657757307378
2026-06-09 03:15:00+00:00,1,1,0.6075428067060273
2026-06-09 03:20:00+00:00,1,1,0.6230556258283924
2026-06-09 03:25:00+00:00,1,1,0.5935043403104563
2026-06-09 03:30:00+00:00,1,1,0.5539940775062165
2026-06-09 03:35:00+00:00,1,1,0.5838718463261499
2026-06-09 03:40:00+00:00,1,1,0.5240396309346386
2026-06-09 03:50:00+00:00,0,0,0.49612236696469336
2026-06-09 03:55:00+00:00,0,1,0.5022066053488988
2026-06-09 04:00:00+00:00,0,1,0.5365339741798422
2026-06-09 04:05:00+00:00,0,1,0.5270625826064449
2026-06-09 04:10:00+00:00,0,1,0.5455032052552812
2026-06-09 04:15:00+00:00,0,0,0.4766089465570439
2026-06-09 04:20:00+00:00,0,1,0.5167511893003632
2026-06-09 04:25:00+00:00,0,1,0.5575923025692969
2026-06-09 04:40:00+00:00,1,1,0.5702629000637607
2026-06-09 04:50:00+00:00,1,1,0.5611912387802197
2026-06-09 04:55:00+00:00,1,1,0.5541413143791994
2026-06-09 05:00:00+00:00,1,1,0.5559743658458499
2026-06-09 05:05:00+00:00,1,0,0.47621996695558166
2026-06-09 05:10:00+00:00,1,0,0.4800903440846275
2026-06-09 05:20:00+00:00,1,1,0.501664004557189
2026-06-09 05:25:00+00:00,1,0,0.4817593897701079
2026-06-09 05:30:00+00:00,1,0,0.4915535262795096
2026-06-09 05:35:00+00:00,1,0,0.49962716592598827
2026-06-09 05:40:00+00:00,1,0,0.4768594497982449
2026-06-09 05:45:00+00:00,1,1,0.5080308795529465
2026-06-09 05:50:00+00:00,1,1,0.5528419353543299
2026-06-09 05:55:00+00:00,1,0,0.4285775311712897
2026-06-09 06:00:00+00:00,1,0,0.4242125656083192
2026-06-09 06:05:00+00:00,1,0,0.4646639193333489
2026-06-09 06:10:00+00:00,1,0,0.4634143919709218
2026-06-09 06:15:00+00:00,1,1,0.5091125802739837
2026-06-09 06:30:00+00:00,0,1,0.5102764273085497
2026-06-09 06:35:00+00:00,0,1,0.5399593671659724
2026-06-09 06:40:00+00:00,0,1,0.5361695754866398
2026-06-09 06:45:00+00:00,0,1,0.6182236067060822
2026-06-09 06:50:00+00:00,0,0,0.4891200881702202
2026-06-09 06:55:00+00:00,0,0,0.39271409540474184
2026-06-09 07:00:00+00:00,0,0,0.41593017574327845
2026-06-09 07:05:00+00:00,0,0,0.4436982033432479
2026-06-09 07:10:00+00:00,0,1,0.540823495509181
2026-06-09 07:15:00+00:00,0,1,0.5455307716897068
2026-06-09 07:20:00+00:00,0,0,0.4805175640073743
2026-06-09 07:25:00+00:00,0,0,0.4916742192379789
2026-06-09 07:30:00+00:00,0,1,0.501517487970802
2026-06-09 07:35:00+00:00,0,0,0.4573055653392964
2026-06-09 07:40:00+00:00,0,1,0.5241489310374523
2026-06-09 07:45:00+00:00,0,1,0.5303888110888175
2026-06-09 07:50:00+00:00,0,1,0.5254967880294568
2026-06-09 07:55:00+00:00,0,1,0.5865142677157308
2026-06-09 08:00:00+00:00,0,1,0.6026333429178257
2026-06-09 08:05:00+00:00,0,1,0.5567117302346088
2026-06-09 08:10:00+00:00,0,1,0.5294262506925195
2026-06-09 08:15:00+00:00,0,1,0.5738372488055635
2026-06-09 08:20:00+00:00,0,1,0.6168495300403495
2026-06-09 08:25:00+00:00,0,1,0.5971292912821263
2026-06-09 08:30:00+00:00,0,1,0.72908875162225
2026-06-09 08:35:00+00:00,0,1,0.6941681477165692
2026-06-09 08:45:00+00:00,1,1,0.7302984573633345
2026-06-09 08:50:00+00:00,1,1,0.7110390201550781
2026-06-09 08:55:00+00:00,1,1,0.7009389021732702
2026-06-09 09:00:00+00:00,1,1,0.7359947177766705
2026-06-09 09:05:00+00:00,1,1,0.6787354901465869
2026-06-09 09:10:00+00:00,1,1,0.6924669095887317
2026-06-09 09:15:00+00:00,1,1,0.7498535708489601
2026-06-09 09:20:00+00:00,1,1,0.6967919697197926
2026-06-09 09:25:00+00:00,1,1,0.5908324774709991
2026-06-09 09:30:00+00:00,1,1,0.5974578993852724
2026-06-09 09:35:00+00:00,1,1,0.6521638566054586
2026-06-09 09:40:00+00:00,1,1,0.5297349495047731
2026-06-09 09:45:00+00:00,1,1,0.5168052372526413
2026-06-09 09:50:00+00:00,1,1,0.5875328746493198
2026-06-09 09:55:00+00:00,1,1,0.6011707241106808
2026-06-09 10:00:00+00:00,1,1,0.6184199145068642
2026-06-09 10:05:00+00:00,1,1,0.6378872286229013
2026-06-09 10:25:00+00:00,1,1,0.6094072126301388
2026-06-09 10:30:00+00:00,1,1,0.5918740481150673
2026-06-09 10:40:00+00:00,1,1,0.6072507695138905
2026-06-09 10:45:00+00:00,1,1,0.5966285778491834
2026-06-09 10:55:00+00:00,0,1,0.5665360291146463
2026-06-09 11:00:00+00:00,0,0,0.48652312813375037
2026-06-09 11:05:00+00:00,0,0,0.44992972127520187
2026-06-09 11:10:00+00:00,0,1,0.5137404142869387
2026-06-09 11:15:00+00:00,0,0,0.4916932404331092
2026-06-09 11:20:00+00:00,0,1,0.5013549018544593
2026-06-09 11:25:00+00:00,0,1,0.5013549018544593
2026-06-09 11:30:00+00:00,0,0,0.47591680259257485
2026-06-09 11:35:00+00:00,0,0,0.4957762957347476
2026-06-09 11:40:00+00:00,0,1,0.5379156541583253
2026-06-09 11:45:00+00:00,0,0,0.4526345505540929
2026-06-09 11:50:00+00:00,0,1,0.6127424912448486
2026-06-09 11:55:00+00:00,1,1,0.5921186583703995
2026-06-09 12:05:00+00:00,1,1,0.6404952419211525
2026-06-09 12:10:00+00:00,1,1,0.5624011749254298
2026-06-09 12:15:00+00:00,1,1,0.5741717560713476
2026-06-09 12:20:00+00:00,1,1,0.5888243709165638
2026-06-09 12:25:00+00:00,1,1,0.5871969309394997
2026-06-09 12:30:00+00:00,1,1,0.577520522061145
2026-06-09 12:35:00+00:00,1,1,0.5948855114055578
2026-06-09 12:45:00+00:00,1,1,0.5530333588801829
2026-06-09 12:55:00+00:00,0,1,0.5090496622984022
2026-06-09 13:00:00+00:00,0,1,0.5365610986864462
2026-06-09 13:05:00+00:00,0,0,0.48150847717554174
2026-06-09 13:10:00+00:00,0,0,0.48010622431899264
2026-06-09 13:15:00+00:00,0,1,0.5251775550926907
2026-06-09 13:20:00+00:00,0,1,0.5839899739749358
2026-06-09 13:25:00+00:00,0,1,0.579980223542002
2026-06-09 13:30:00+00:00,0,1,0.5753523168763199
2026-06-09 13:40:00+00:00,1,1,0.63756184735755
2026-06-09 13:50:00+00:00,0,1,0.6049663620969171
2026-06-09 13:55:00+00:00,0,1,0.5349268640582975
2026-06-09 14:05:00+00:00,1,1,0.5998439345578807
2026-06-09 14:15:00+00:00,1,1,0.6025814004597972
2026-06-09 14:20:00+00:00,1,1,0.5694396808706178
2026-06-09 14:25:00+00:00,1,1,0.5995401604103373
2026-06-09 14:30:00+00:00,1,1,0.5466562273211432
2026-06-09 14:35:00+00:00,1,1,0.5383487125292892
2026-06-09 14:45:00+00:00,1,1,0.6285906905197023
2026-06-09 14:50:00+00:00,1,1,0.5919448265163829
2026-06-09 14:55:00+00:00,1,1,0.6316758991415116
2026-06-09 15:00:00+00:00,1,1,0.6083825809276291
2026-06-09 15:05:00+00:00,1,1,0.6573966400826715
2026-06-09 15:10:00+00:00,1,1,0.6579116301276893
2026-06-09 15:15:00+00:00,1,1,0.6095482272154752
2026-06-09 15:20:00+00:00,1,1,0.6146863499723982
2026-06-09 15:25:00+00:00,1,1,0.5914770215027746
2026-06-09 15:30:00+00:00,1,1,0.613348240454123
2026-06-09 15:35:00+00:00,1,1,0.6118761907143481
2026-06-09 15:40:00+00:00,1,1,0.6113326364647703
2026-06-09 15:45:00+00:00,0,1,0.6060635473524412
2026-06-09 15:50:00+00:00,1,1,0.6073615083960808
2026-06-09 15:55:00+00:00,1,1,0.6020274525933808
2026-06-09 16:00:00+00:00,0,1,0.6132296099558134
2026-06-09 16:05:00+00:00,0,1,0.6142948841786353
2026-06-09 16:10:00+00:00,1,1,0.6037702257887936
2026-06-09 16:15:00+00:00,1,1,0.6094008101675421
2026-06-09 16:20:00+00:00,1,1,0.6053251647764505
2026-06-09 16:25:00+00:00,0,1,0.5621883147851042
2026-06-09 16:30:00+00:00,0,1,0.5835032077365448
2026-06-09 16:35:00+00:00,0,1,0.5090219656287642
2026-06-09 16:40:00+00:00,0,1,0.5240769097218496
2026-06-09 16:45:00+00:00,1,1,0.5846265131414126
2026-06-09 16:50:00+00:00,1,1,0.5420518531484426
2026-06-09 16:55:00+00:00,1,1,0.5466876141681851
2026-06-09 17:00:00+00:00,1,1,0.6100725271965526
2026-06-09 17:05:00+00:00,1,1,0.6251120759955673
2026-06-09 17:10:00+00:00,1,1,0.5986492856994
2026-06-09 17:15:00+00:00,1,1,0.5561011066944982
2026-06-09 17:20:00+00:00,1,1,0.5748295198942653
2026-06-09 17:25:00+00:00,1,1,0.5676235562461238
2026-06-09 17:30:00+00:00,1,1,0.5797387602815971
2026-06-09 17:35:00+00:00,1,1,0.5763772015489984
2026-06-09 17:40:00+00:00,1,1,0.5587608267119402
2026-06-09 17:45:00+00:00,1,1,0.5646191659447073
2026-06-09 17:50:00+00:00,1,1,0.5448711981513761
2026-06-09 17:55:00+00:00,0,0,0.4654142449408719
2026-06-09 18:00:00+00:00,0,1,0.5385767471271101
2026-06-09 18:05:00+00:00,1,0,0.45599115935049755
2026-06-09 18:10:00+00:00,1,0,0.4337045542157153
2026-06-09 18:15:00+00:00,1,0,0.49158353060360843
2026-06-09 18:20:00+00:00,1,1,0.5183910909326712
2026-06-09 18:25:00+00:00,1,0,0.4302902615948028
2026-06-09 18:30:00+00:00,1,0,0.4409863342282853
2026-06-09 18:35:00+00:00,1,0,0.4738033412743671
2026-06-09 18:40:00+00:00,1,0,0.429968798437257
2026-06-09 18:45:00+00:00,1,0,0.40795723225717084
2026-06-09 18:50:00+00:00,1,1,0.5146279460341442
2026-06-09 18:55:00+00:00,1,1,0.5869161237872869
2026-06-09 19:00:00+00:00,1,1,0.5318290516867007
2026-06-09 19:05:00+00:00,1,0,0.47344374303898623
2026-06-09 19:10:00+00:00,1,0,0.45220426964172616
2026-06-09 19:20:00+00:00,0,0,0.4942193780258709
2026-06-09 19:25:00+00:00,0,0,0.46375373800194464
2026-06-09 19:30:00+00:00,0,0,0.47591903021097826
2026-06-09 19:35:00+00:00,0,0,0.45781553342466796
2026-06-09 19:40:00+00:00,0,0,0.45791297934060254
2026-06-09 19:45:00+00:00,0,0,0.49289630088875236
2026-06-09 19:50:00+00:00,0,0,0.47178301308938403
2026-06-09 19:55:00+00:00,0,0,0.47525627153921096
2026-06-09 20:00:00+00:00,1,0,0.48238415472134505
2026-06-09 20:10:00+00:00,0,0,0.46714398552185254
2026-06-09 20:20:00+00:00,1,1,0.5854471497203786
2026-06-09 20:25:00+00:00,1,1,0.5942225855304744
2026-06-09 20:30:00+00:00,1,1,0.5810593540296575
2026-06-09 20:35:00+00:00,1,1,0.5452826307490648
2026-06-09 20:40:00+00:00,1,1,0.5771816303411499
2026-06-09 20:45:00+00:00,1,1,0.5347482747704427
2026-06-09 21:05:00+00:00,1,1,0.5318696115287035
2026-06-09 21:10:00+00:00,1,1,0.5245985342155353
2026-06-09 21:15:00+00:00,1,1,0.5647232621883739
2026-06-09 21:20:00+00:00,1,1,0.5442654284496008
2026-06-09 21:25:00+00:00,1,1,0.560413854593802
2026-06-09 21:30:00+00:00,1,1,0.5465829195219474
2026-06-09 21:35:00+00:00,1,1,0.5478194559925074
2026-06-09 21:40:00+00:00,1,1,0.5411941731827015
2026-06-09 21:45:00+00:00,1,1,0.543377270111505
2026-06-09 21:50:00+00:00,1,1,0.6146175179595645
2026-06-09 21:55:00+00:00,1,1,0.5678560353249631
2026-06-09 22:00:00+00:00,1,0,0.47030772794312203
2026-06-09 22:05:00+00:00,1,0,0.4731389879646794
2026-06-09 22:15:00+00:00,0,0,0.44887561629572537
2026-06-09 22:20:00+00:00,0,0,0.2948478798033096
2026-06-09 22:25:00+00:00,0,0,0.2995285503738959
2026-06-09 22:30:00+00:00,0,0,0.29291420701389237
2026-06-09 22:40:00+00:00,0,0,0.24987230028897367
2026-06-09 22:45:00+00:00,0,0,0.2847722975369977
2026-06-09 22:50:00+00:00,0,0,0.2682158767977017
2026-06-09 22:55:00+00:00,0,0,0.25240082231867056
2026-06-09 23:00:00+00:00,0,0,0.039176685215577975
2026-06-09 23:05:00+00:00,0,0,0.038389452547037954
2026-06-09 23:10:00+00:00,0,0,0.055889039158311185
2026-06-09 23:15:00+00:00,0,0,0.05093491733532865
2026-06-09 23:20:00+00:00,0,0,0.05126247916166811
2026-06-09 23:35:00+00:00,0,0,0.05518878762773809
2026-06-09 23:40:00+00:00,0,0,0.054090647058463476
2026-06-09 23:45:00+00:00,0,0,0.06809371306926196
2026-06-09 23:50:00+00:00,0,0,0.07500617583849901
2026-06-09 23:55:00+00:00,0,0,0.12431768431842014
2026-06-10 00:00:00+00:00,1,1,0.5893619279466952
2026-06-10 00:05:00+00:00,1,1,0.7481244787667516
2026-06-10 00:10:00+00:00,1,1,0.711861983574506
2026-06-10 00:15:00+00:00,1,1,0.7256908768991219
2026-06-10 00:20:00+00:00,1,1,0.7431608423491003
2026-06-10 00:30:00+00:00,1,1,0.5268357473915981
2026-06-10 00:35:00+00:00,1,0,0.4815531577143901
2026-06-10 00:40:00+00:00,1,1,0.5115649794695483
2026-06-10 00:45:00+00:00,1,0,0.4967975022388439
2026-06-10 00:50:00+00:00,1,1,0.641416636833101
2026-06-10 00:55:00+00:00,1,1,0.5928628124036178
2026-06-10 01:00:00+00:00,1,1,0.5340006206645863
2026-06-10 01:05:00+00:00,1,1,0.5379789040370208
2026-06-10 01:10:00+00:00,1,1,0.5322053059887254
2026-06-10 01:15:00+00:00,1,1,0.5298504652061938
2026-06-10 01:20:00+00:00,1,0,0.44593271209529883
2026-06-10 01:25:00+00:00,1,0,0.45012129922965977
2026-06-10 01:30:00+00:00,1,0,0.4159525114844987
2026-06-10 01:35:00+00:00,1,0,0.420324903631221
2026-06-10 01:50:00+00:00,0,0,0.41784595351844395
2026-06-10 01:55:00+00:00,0,0,0.3887044380051892
2026-06-10 02:00:00+00:00,0,0,0.46982520458171667
2026-06-10 02:05:00+00:00,0,0,0.4859496320544289
2026-06-10 02:10:00+00:00,0,0,0.48432746135401294
2026-06-10 02:15:00+00:00,0,0,0.4319880810920166
2026-06-10 02:20:00+00:00,0,0,0.44187853848338726
2026-06-10 02:25:00+00:00,0,0,0.48444548595282005
2026-06-10 02:30:00+00:00,0,1,0.527411900004513
2026-06-10 02:35:00+00:00,0,1,0.502841947211844
2026-06-10 02:45:00+00:00,1,1,0.505507298987435
2026-06-10 02:50:00+00:00,1,0,0.4976430077130871
2026-06-10 03:00:00+00:00,0,1,0.7164656478714462
2026-06-10 03:05:00+00:00,0,1,0.5900532440917347
2026-06-10 03:10:00+00:00,0,1,0.593178662673419
2026-06-10 03:15:00+00:00,0,1,0.5870997948502418
2026-06-10 03:20:00+00:00,0,1,0.542040534363126
2026-06-10 03:25:00+00:00,0,0,0.45757952641542443
2026-06-10 03:30:00+00:00,0,1,0.5304933067002711
2026-06-10 03:35:00+00:00,0,1,0.5197732156160348
2026-06-10 03:40:00+00:00,0,0,0.4509521020202645
2026-06-10 03:45:00+00:00,0,0,0.37309114597508397
2026-06-10 03:50:00+00:00,0,0,0.4042915771592615
2026-06-10 04:00:00+00:00,1,1,0.7004544770819114
2026-06-10 04:05:00+00:00,1,1,0.6164976894504789
2026-06-10 04:25:00+00:00,0,1,0.6478033565472016
2026-06-10 04:30:00+00:00,0,1,0.5935364958027514
2026-06-10 04:35:00+00:00,0,1,0.6135754912336934
2026-06-10 04:40:00+00:00,0,1,0.6224911367543485
2026-06-10 04:45:00+00:00,0,1,0.6054475607875448
2026-06-10 04:50:00+00:00,0,1,0.5857351399908353
2026-06-10 04:55:00+00:00,0,1,0.5906567234138241
2026-06-10 05:00:00+00:00,0,1,0.6032351326979347
2026-06-10 05:05:00+00:00,0,1,0.6129573732991079
2026-06-10 05:10:00+00:00,1,1,0.650419023499613
2026-06-10 05:30:00+00:00,1,1,0.6412671937817412
2026-06-10 05:35:00+00:00,1,1,0.6467642451539234
2026-06-10 05:40:00+00:00,1,1,0.6363020816740751
2026-06-10 05:50:00+00:00,0,1,0.6302439824392816
2026-06-10 06:00:00+00:00,0,1,0.5622506796958271
2026-06-10 06:10:00+00:00,1,1,0.6595044464977301
2026-06-10 06:20:00+00:00,1,1,0.6704769985364216
2026-06-10 06:30:00+00:00,0,1,0.6439555053332674
2026-06-10 06:35:00+00:00,0,1,0.6503577497602677
2026-06-10 06:50:00+00:00,1,1,0.690756204055928
2026-06-10 06:55:00+00:00,1,1,0.682557967409081
2026-06-10 07:00:00+00:00,1,1,0.6545793922757929
2026-06-10 07:05:00+00:00,1,1,0.5525641945343531
2026-06-10 07:10:00+00:00,1,1,0.6247515838064496
2026-06-10 07:20:00+00:00,0,1,0.6243677378736315
2026-06-10 07:35:00+00:00,0,1,0.6332287168928195
2026-06-10 07:40:00+00:00,0,1,0.6183958970300126
2026-06-10 07:45:00+00:00,0,1,0.6356059558024899
2026-06-10 07:50:00+00:00,0,1,0.6248369540788621
2026-06-10 07:55:00+00:00,0,1,0.6259230926594418
2026-06-10 08:00:00+00:00,0,1,0.6007196490923125
2026-06-10 08:05:00+00:00,0,1,0.607065865562868
2026-06-10 08:10:00+00:00,0,1,0.6180436275188997
2026-06-10 08:15:00+00:00,0,1,0.6142869086243251
2026-06-10 08:20:00+00:00,1,1,0.6493586398921422
2026-06-10 08:25:00+00:00,1,1,0.6348019315623378
2026-06-10 08:30:00+00:00,1,1,0.6321309810654113
2026-06-10 08:35:00+00:00,1,1,0.633292771766236
2026-06-10 08:40:00+00:00,1,1,0.6312746955528945
2026-06-10 08:45:00+00:00,1,1,0.690377056887804
2026-06-10 08:50:00+00:00,1,1,0.6317280795885988
2026-06-10 08:55:00+00:00,1,1,0.6348019315623378
2026-06-10 09:00:00+00:00,1,1,0.663908320061938
2026-06-10 09:05:00+00:00,1,1,0.5600734208699569
2026-06-10 09:10:00+00:00,1,1,0.6053311500608871
2026-06-10 09:15:00+00:00,1,1,0.6318811946700148
2026-06-10 09:20:00+00:00,0,1,0.5779456743945052
2026-06-10 09:25:00+00:00,1,1,0.5586799833129522
2026-06-10 09:30:00+00:00,1,1,0.5667982532205266
2026-06-10 09:35:00+00:00,1,1,0.5684249309181291
2026-06-10 09:40:00+00:00,1,1,0.5670295971474166
2026-06-10 09:45:00+00:00,1,1,0.5626675052501382
2026-06-10 09:50:00+00:00,1,1,0.5604405888546513
2026-06-10 09:55:00+00:00,1,1,0.5461208113991063
2026-06-10 10:00:00+00:00,1,1,0.5082018416119818
2026-06-10 10:05:00+00:00,1,1,0.5368426724074746
2026-06-10 10:10:00+00:00,1,1,0.5802413814273228
2026-06-10 10:15:00+00:00,1,1,0.5736293075817801
2026-06-10 10:20:00+00:00,1,1,0.5940612132176738
2026-06-10 10:25:00+00:00,1,1,0.5737538219701457
2026-06-10 10:30:00+00:00,1,1,0.5612520691830021
2026-06-10 10:35:00+00:00,1,1,0.5553714189101001
2026-06-10 10:40:00+00:00,1,1,0.5617712735006842
2026-06-10 10:45:00+00:00,1,1,0.5634339270900253
2026-06-10 10:50:00+00:00,1,1,0.5692287496954624
2026-06-10 10:55:00+00:00,1,1,0.5585017560919727
2026-06-10 11:00:00+00:00,1,0,0.4980540928833102
2026-06-10 11:05:00+00:00,1,1,0.5216831278391572
2026-06-10 11:10:00+00:00,1,0,0.48252032323526894
2026-06-10 11:15:00+00:00,1,1,0.6112412055058599
2026-06-10 11:20:00+00:00,1,1,0.673911200652152
2026-06-10 11:25:00+00:00,1,1,0.7060226677263342
2026-06-10 11:30:00+00:00,1,1,0.7046708989668135
2026-06-10 11:35:00+00:00,1,1,0.6852122799299386
2026-06-10 11:40:00+00:00,1,1,0.6532079936557444
2026-06-10 11:45:00+00:00,1,1,0.7046708989668135
2026-06-10 11:50:00+00:00,1,1,0.6473657594233545
2026-06-10 11:55:00+00:00,1,1,0.5945003427215009
2026-06-10 12:00:00+00:00,1,1,0.6329550575899076
2026-06-10 12:05:00+00:00,1,1,0.6344900683455367
2026-06-10 12:10:00+00:00,1,1,0.6126435188835645
2026-06-10 12:15:00+00:00,1,1,0.5657059745997405
2026-06-10 12:20:00+00:00,1,1,0.5695900091823448
2026-06-10 12:25:00+00:00,1,1,0.6114030435363444
2026-06-10 12:30:00+00:00,1,1,0.6126435188835645
2026-06-10 12:35:00+00:00,1,0,0.43612195201686865
2026-06-10 12:40:00+00:00,1,0,0.4459758529695642
2026-06-10 12:45:00+00:00,1,0,0.43938780829103075
2026-06-10 12:50:00+00:00,1,0,0.42554680824087077
2026-06-10 12:55:00+00:00,1,1,0.5008491675051956
2026-06-10 13:00:00+00:00,1,0,0.41683841553914336
2026-06-10 13:05:00+00:00,1,0,0.35578271921701843
2026-06-10 13:10:00+00:00,1,0,0.35429336631734926
2026-06-10 13:15:00+00:00,1,0,0.3060610594001346
2026-06-10 13:20:00+00:00,1,0,0.3188011702299426
2026-06-10 13:25:00+00:00,1,0,0.30277758508994873
2026-06-10 13:30:00+00:00,1,0,0.2987224753573912
2026-06-10 13:35:00+00:00,1,0,0.33311900855362303
2026-06-10 13:40:00+00:00,1,0,0.35171879866529765
2026-06-10 13:45:00+00:00,1,0,0.3350321559454453
2026-06-10 13:50:00+00:00,1,0,0.37661470935853514
2026-06-10 13:55:00+00:00,1,0,0.40212421979925345
2026-06-10 14:05:00+00:00,0,0,0.38221087284094635
2026-06-10 14:15:00+00:00,0,0,0.3675482890287317
2026-06-10 14:20:00+00:00,0,0,0.3611188292654348
2026-06-10 14:25:00+00:00,0,0,0.3615751522462822
2026-06-10 14:30:00+00:00,0,0,0.35665617837620317
2026-06-10 14:35:00+00:00,0,0,0.32135050751641286
2026-06-10 14:40:00+00:00,0,0,0.33106456603789236
2026-06-10 14:45:00+00:00,0,0,0.3171858258188859
2026-06-10 14:50:00+00:00,0,0,0.4132754693173163
2026-06-10 14:55:00+00:00,0,1,0.5601979654130912
2026-06-10 15:00:00+00:00,0,1,0.5869887380539602
2026-06-10 15:05:00+00:00,0,0,0.40150155302930374
2026-06-10 15:10:00+00:00,0,1,0.6378960218145222
2026-06-10 15:15:00+00:00,0,1,0.6594808882459801
2026-06-10 15:20:00+00:00,0,1,0.6506047716290101
2026-06-10 15:35:00+00:00,0,1,0.5735531195078766
2026-06-10 15:40:00+00:00,0,1,0.6109599417817543
2026-06-10 15:55:00+00:00,0,1,0.5002736483424809
2026-06-10 16:00:00+00:00,0,1,0.5258605608960881
2026-06-10 16:05:00+00:00,0,1,0.54602761870681
2026-06-10 16:10:00+00:00,0,1,0.5875691170365943
2026-06-10 16:20:00+00:00,0,1,0.5786983754190604
2026-06-10 16:30:00+00:00,1,1,0.5813177313940999
2026-06-10 16:35:00+00:00,1,1,0.6161738625674023
2026-06-10 16:40:00+00:00,1,1,0.6358634364296131
2026-06-10 16:45:00+00:00,1,1,0.6399051682688495
2026-06-10 16:50:00+00:00,1,1,0.6497115776501844
2026-06-10 16:55:00+00:00,1,1,0.6228957299916994
2026-06-10 17:00:00+00:00,1,1,0.6579002034153502
2026-06-10 17:05:00+00:00,1,1,0.6099767021120266
2026-06-10 17:10:00+00:00,1,1,0.6150870418971437
2026-06-10 17:15:00+00:00,1,1,0.6092436939270286
2026-06-10 17:20:00+00:00,1,1,0.6049830951853615
2026-06-10 17:25:00+00:00,1,1,0.608547874236191
2026-06-10 17:30:00+00:00,1,1,0.6336868691190745
2026-06-10 17:35:00+00:00,1,1,0.6163337579692254
2026-06-10 17:40:00+00:00,1,1,0.5964518328611423
2026-06-10 17:45:00+00:00,1,1,0.6053895200001683
2026-06-10 17:50:00+00:00,1,1,0.6119717346715088
2026-06-10 18:00:00+00:00,0,1,0.5223721498891065
2026-06-10 18:15:00+00:00,0,1,0.5244360993459133
2026-06-10 18:25:00+00:00,1,1,0.56716051483388
2026-06-10 18:30:00+00:00,1,1,0.5466640642571337
2026-06-10 18:35:00+00:00,1,1,0.5068907632800328
2026-06-10 18:40:00+00:00,1,0,0.4945978622768944
2026-06-10 18:55:00+00:00,1,1,0.5288125841835482
2026-06-10 19:00:00+00:00,1,1,0.5931661756252612
2026-06-10 19:05:00+00:00,1,1,0.5636370055406121
2026-06-10 19:10:00+00:00,1,1,0.5577274219605804
2026-06-10 19:15:00+00:00,1,1,0.589361579599819
2026-06-10 19:20:00+00:00,1,1,0.5567507194851764
2026-06-10 19:30:00+00:00,1,1,0.5724243205076505
2026-06-10 19:35:00+00:00,1,1,0.5310707588353427
2026-06-10 19:40:00+00:00,1,1,0.5323531049333597
2026-06-10 19:45:00+00:00,1,1,0.5365573866040323
2026-06-10 19:55:00+00:00,1,1,0.6172766634901061
2026-06-10 20:00:00+00:00,1,1,0.6703277554929045
2026-06-10 20:05:00+00:00,0,1,0.6207308380290294
2026-06-10 20:10:00+00:00,0,1,0.5649739070894929
2026-06-10 20:15:00+00:00,0,1,0.5977716545319869
2026-06-10 20:20:00+00:00,0,1,0.619034127683922
2026-06-10 20:30:00+00:00,0,1,0.5882313253967436
2026-06-10 20:35:00+00:00,0,1,0.5909260977232509
2026-06-10 20:40:00+00:00,0,0,0.4404842313225228
2026-06-10 20:45:00+00:00,0,0,0.4915519130039893
2026-06-10 20:50:00+00:00,0,1,0.6075286563287449
2026-06-10 20:55:00+00:00,0,1,0.5918707188933657
2026-06-10 21:00:00+00:00,1,1,0.6687452751685729
2026-06-10 21:05:00+00:00,1,1,0.6155168661845501
2026-06-10 21:10:00+00:00,1,1,0.5494219442559503
2026-06-10 21:15:00+00:00,1,1,0.5235339948988168
2026-06-10 21:20:00+00:00,1,1,0.6072093911585953
2026-06-10 21:25:00+00:00,1,1,0.6122795910330306
2026-06-10 21:30:00+00:00,1,1,0.6089642670593838
2026-06-10 21:35:00+00:00,1,1,0.5671917057367878
2026-06-10 21:40:00+00:00,1,1,0.6910481593918365
2026-06-10 21:45:00+00:00,1,1,0.6973748189191206
2026-06-10 21:50:00+00:00,1,1,0.6827774676394315
2026-06-10 21:55:00+00:00,1,0,0.33710950105954374
2026-06-10 22:00:00+00:00,1,0,0.32424990352490146
2026-06-10 22:05:00+00:00,1,0,0.2795671839791
2026-06-10 22:10:00+00:00,1,0,0.2926398652071598
2026-06-10 22:15:00+00:00,1,0,0.3072046349604834
2026-06-10 22:20:00+00:00,1,0,0.2845815886912099
2026-06-10 22:25:00+00:00,1,0,0.3334149694877181
2026-06-10 22:30:00+00:00,1,0,0.3565215638794042
2026-06-10 22:35:00+00:00,1,0,0.3297308448712749
2026-06-10 22:40:00+00:00,1,0,0.3661735066006666
2026-06-10 22:45:00+00:00,1,0,0.31769434943186226
2026-06-10 22:50:00+00:00,1,0,0.3184222170749762
2026-06-10 22:55:00+00:00,0,0,0.27864851242038974
2026-06-10 23:00:00+00:00,0,0,0.05220573549571092
2026-06-10 23:05:00+00:00,0,0,0.05797187613394547
2026-06-10 23:10:00+00:00,0,0,0.04591743709211125
2026-06-10 23:15:00+00:00,0,0,0.04591743709211125
2026-06-10 23:20:00+00:00,0,0,0.06242634544835493
2026-06-10 23:25:00+00:00,0,0,0.06661406272660055
2026-06-10 23:30:00+00:00,0,0,0.08699895130259426
2026-06-10 23:35:00+00:00,0,0,0.06411442810011839
2026-06-10 23:40:00+00:00,0,0,0.052530614974363045
2026-06-10 23:45:00+00:00,0,0,0.04593500307890612
2026-06-10 23:50:00+00:00,0,0,0.03819415481101611
2026-06-10 23:55:00+00:00,0,0,0.10295942330160436
2026-06-11 00:00:00+00:00,1,1,0.735064587734577
2026-06-11 00:10:00+00:00,1,1,0.8011070233714356
2026-06-11 00:15:00+00:00,1,1,0.7835786642050109
2026-06-11 00:20:00+00:00,1,1,0.7966812876615821
2026-06-11 00:25:00+00:00,1,1,0.6013763222274626
2026-06-11 00:30:00+00:00,1,0,0.43546825491452557
2026-06-11 00:35:00+00:00,1,0,0.3189949261980893
2026-06-11 00:40:00+00:00,1,0,0.3789785759764433
2026-06-11 00:45:00+00:00,1,0,0.36636655345248803
2026-06-11 00:50:00+00:00,1,0,0.4083074637703009
2026-06-11 00:55:00+00:00,1,0,0.43616245287072714
2026-06-11 01:00:00+00:00,1,0,0.303384830917155
2026-06-11 01:05:00+00:00,1,0,0.4360386050186371
2026-06-11 01:10:00+00:00,1,0,0.3940023463978541
2026-06-11 01:25:00+00:00,0,0,0.3626899335655352
2026-06-11 01:55:00+00:00,0,0,0.3642359538377161
2026-06-11 02:00:00+00:00,0,0,0.3433912326210004
2026-06-11 02:05:00+00:00,0,0,0.4089244461083431
2026-06-11 02:10:00+00:00,0,0,0.4564849639184529
2026-06-11 02:55:00+00:00,0,0,0.4260128601049802
2026-06-11 03:00:00+00:00,1,1,0.6034447552541193
2026-06-11 03:05:00+00:00,0,1,0.5066446862226806
2026-06-11 03:10:00+00:00,0,0,0.47649484413327836
2026-06-11 03:15:00+00:00,0,0,0.3804224052964539
2026-06-11 03:20:00+00:00,0,0,0.36880617804568866
2026-06-11 03:25:00+00:00,0,0,0.3727935342789558
2026-06-11 03:30:00+00:00,0,0,0.4195762424550257
2026-06-11 03:35:00+00:00,0,0,0.44325033841379713
2026-06-11 03:40:00+00:00,0,0,0.40478892004562295
2026-06-11 03:45:00+00:00,0,0,0.41455855668014024
2026-06-11 03:50:00+00:00,0,0,0.4267904140248509
2026-06-11 03:55:00+00:00,0,1,0.5004260917605037
2026-06-11 04:00:00+00:00,0,1,0.5280521363165585
2026-06-11 04:05:00+00:00,1,1,0.5681676586241601
2026-06-11 04:10:00+00:00,1,1,0.6337430652780472
2026-06-11 04:15:00+00:00,1,1,0.61324742036897
2026-06-11 04:20:00+00:00,1,1,0.6159456845653548
2026-06-11 04:25:00+00:00,1,1,0.6587587104653234
2026-06-11 04:30:00+00:00,1,1,0.6588489737082549
2026-06-11 04:35:00+00:00,1,1,0.6511104445323425
2026-06-11 04:40:00+00:00,1,1,0.6184424646257466
2026-06-11 04:45:00+00:00,1,1,0.564028496869153
2026-06-11 04:50:00+00:00,1,1,0.5247561131164317
2026-06-11 04:55:00+00:00,1,0,0.4823722338607987
2026-06-11 05:00:00+00:00,1,0,0.4535441835591275
2026-06-11 05:05:00+00:00,1,0,0.4412552394092197
2026-06-11 05:10:00+00:00,1,0,0.4195277411805677
2026-06-11 05:15:00+00:00,1,1,0.5349019026751912
2026-06-11 05:20:00+00:00,1,1,0.5393428261258835
2026-06-11 05:25:00+00:00,1,1,0.5384833875396813
2026-06-11 05:30:00+00:00,1,0,0.45911809098053813
2026-06-11 05:35:00+00:00,1,1,0.5116674073740523
2026-06-11 06:00:00+00:00,1,1,0.5369687168233945
2026-06-11 06:05:00+00:00,1,1,0.5290303234925667
2026-06-11 06:10:00+00:00,0,0,0.3985580032857374
2026-06-11 06:15:00+00:00,0,0,0.41031173386154646
2026-06-11 06:30:00+00:00,0,0,0.479927086236744
2026-06-11 06:35:00+00:00,0,0,0.39475179328564775
2026-06-11 06:40:00+00:00,0,0,0.44796101965380947
2026-06-11 06:45:00+00:00,0,0,0.45845127795565693
2026-06-11 06:50:00+00:00,0,0,0.42031395859830734
2026-06-11 06:55:00+00:00,0,1,0.5411787960509279
2026-06-11 07:00:00+00:00,0,0,0.42390983426058104
2026-06-11 07:05:00+00:00,0,0,0.4809096984821271
2026-06-11 07:10:00+00:00,0,0,0.41052113348589414
2026-06-11 07:15:00+00:00,0,0,0.4426064476140198
2026-06-11 07:20:00+00:00,0,1,0.5300259224820754
2026-06-11 07:30:00+00:00,1,1,0.5458543733474573
2026-06-11 07:35:00+00:00,1,1,0.5515963870096954
2026-06-11 07:45:00+00:00,1,1,0.5917314591264177
2026-06-11 07:50:00+00:00,1,1,0.5831165357093164
2026-06-11 07:55:00+00:00,1,0,0.46763753954106146
2026-06-11 08:00:00+00:00,1,0,0.4865819111769029
2026-06-11 08:05:00+00:00,1,0,0.47214391061103783
2026-06-11 08:10:00+00:00,1,1,0.5133537584570296
2026-06-11 08:15:00+00:00,1,1,0.5133537584570296
2026-06-11 08:20:00+00:00,1,1,0.5511107683214818
2026-06-11 08:25:00+00:00,1,0,0.4050366606567304
2026-06-11 08:30:00+00:00,1,0,0.48566821226640516
2026-06-11 08:35:00+00:00,1,0,0.48566821226640516
2026-06-11 08:40:00+00:00,1,0,0.44574066713330823
2026-06-11 08:45:00+00:00,1,1,0.5064139922904557
2026-06-11 08:55:00+00:00,1,0,0.3802745278659521
2026-06-11 09:00:00+00:00,0,0,0.4353177825429382
2026-06-11 09:05:00+00:00,0,0,0.3669327300195012
2026-06-11 09:10:00+00:00,0,1,0.5341856659694859
2026-06-11 09:15:00+00:00,0,0,0.47616969504861495
2026-06-11 09:20:00+00:00,0,0,0.4603020265636873
2026-06-11 09:25:00+00:00,0,0,0.43007526312299976
2026-06-11 09:30:00+00:00,0,0,0.4253847330947736
2026-06-11 09:35:00+00:00,0,1,0.5353861225967421
2026-06-11 09:40:00+00:00,0,0,0.4651249614587945
2026-06-11 09:45:00+00:00,0,1,0.5273477875141112
2026-06-11 09:50:00+00:00,0,1,0.5927922593168439
2026-06-11 09:55:00+00:00,0,1,0.5882343502017993
2026-06-11 10:00:00+00:00,0,1,0.5915456658578007
2026-06-11 10:05:00+00:00,1,1,0.6524273415697791
2026-06-11 10:15:00+00:00,0,1,0.5615814627534226
2026-06-11 10:25:00+00:00,1,1,0.5039682323617954
2026-06-11 10:30:00+00:00,0,0,0.46894020488584576
2026-06-11 10:35:00+00:00,0,0,0.4524315490436526
2026-06-11 10:40:00+00:00,1,1,0.5326865806118903
2026-06-11 10:45:00+00:00,1,1,0.5793193238356007
2026-06-11 10:50:00+00:00,1,1,0.5666829438696631
2026-06-11 10:55:00+00:00,1,1,0.5556159049937449
2026-06-11 11:00:00+00:00,1,1,0.5577995822712676
2026-06-11 11:05:00+00:00,1,1,0.5582837646036501
2026-06-11 11:10:00+00:00,1,1,0.5637827526173537
2026-06-11 11:15:00+00:00,1,1,0.549062236780147
2026-06-11 11:20:00+00:00,1,1,0.5402464979813942
2026-06-11 11:25:00+00:00,1,0,0.4880355475355374
2026-06-11 11:30:00+00:00,1,1,0.511584137211497
2026-06-11 11:35:00+00:00,1,1,0.5231217155328924
2026-06-11 11:50:00+00:00,0,1,0.5012060596384721
2026-06-11 12:00:00+00:00,1,1,0.5019012639455858
2026-06-11 12:05:00+00:00,0,0,0.4297857607323151
2026-06-11 12:15:00+00:00,1,0,0.45749068397719816
2026-06-11 12:20:00+00:00,1,0,0.4960911643552604
2026-06-11 12:25:00+00:00,1,1,0.5019012639455858
2026-06-11 12:30:00+00:00,0,0,0.48716670741151014
2026-06-11 13:00:00+00:00,0,0,0.4599681661132397
2026-06-11 13:05:00+00:00,0,0,0.456922819010451
2026-06-11 13:10:00+00:00,0,0,0.45112183124462485
2026-06-11 13:15:00+00:00,0,0,0.45535711006397833
2026-06-11 13:20:00+00:00,0,0,0.4526631123949451
2026-06-11 13:25:00+00:00,0,0,0.4965154743719942
2026-06-11 13:30:00+00:00,0,0,0.4903288323596318
2026-06-11 13:35:00+00:00,0,0,0.46757377916184045
2026-06-11 13:40:00+00:00,0,0,0.46163006966863934
2026-06-11 13:45:00+00:00,0,0,0.4757911764027833
2026-06-11 13:50:00+00:00,0,1,0.5244109882619056
2026-06-11 13:55:00+00:00,1,1,0.52735386097096
2026-06-11 14:00:00+00:00,1,1,0.540386286700185
2026-06-11 14:10:00+00:00,1,1,0.5015875732917657
2026-06-11 14:15:00+00:00,1,0,0.42447918936710666
2026-06-11 14:20:00+00:00,1,0,0.48488493598833443
2026-06-11 14:25:00+00:00,1,1,0.5013943290832868
2026-06-11 14:30:00+00:00,1,1,0.5992028944360388
2026-06-11 14:35:00+00:00,1,1,0.5317863941750031
2026-06-11 14:40:00+00:00,1,1,0.5534292256126184
2026-06-11 14:45:00+00:00,1,1,0.5397778287840205
2026-06-11 14:50:00+00:00,1,1,0.5440204739229061
2026-06-11 15:00:00+00:00,1,0,0.48555583975915056
2026-06-11 15:05:00+00:00,1,0,0.48015204269043377
2026-06-11 15:10:00+00:00,1,0,0.4384023465399417
2026-06-11 15:15:00+00:00,1,0,0.47823973464503766
2026-06-11 15:20:00+00:00,0,0,0.414685580792755
2026-06-11 15:25:00+00:00,0,0,0.4140786439703885
2026-06-11 15:30:00+00:00,0,0,0.4019372613431017
2026-06-11 15:35:00+00:00,0,0,0.4422792277740275
2026-06-11 15:40:00+00:00,0,1,0.666921873039304
2026-06-11 15:45:00+00:00,0,1,0.6752584794817509
2026-06-11 15:50:00+00:00,0,1,0.6791151313521596
2026-06-11 15:55:00+00:00,0,1,0.6942015858093132
2026-06-11 16:00:00+00:00,0,1,0.6792145368857208
2026-06-11 16:05:00+00:00,0,1,0.6769720357032234
2026-06-11 16:10:00+00:00,0,1,0.6741706416749129
2026-06-11 16:15:00+00:00,0,1,0.6750165753344485
2026-06-11 16:20:00+00:00,0,1,0.6699822035195978
2026-06-11 16:30:00+00:00,1,1,0.7217058200662148
2026-06-11 16:40:00+00:00,0,1,0.7012773988893222
2026-06-11 16:45:00+00:00,1,1,0.7189658242816251
2026-06-11 16:50:00+00:00,1,1,0.7511471908466505
2026-06-11 16:55:00+00:00,1,1,0.7244112461558746
2026-06-11 17:15:00+00:00,0,1,0.6383720729437372
2026-06-11 17:20:00+00:00,0,1,0.636580396559322
2026-06-11 17:25:00+00:00,0,1,0.6226613078999955
2026-06-11 17:30:00+00:00,0,1,0.6068374449856111
2026-06-11 17:35:00+00:00,0,1,0.6259639060421879
2026-06-11 17:45:00+00:00,0,1,0.6271205892339017
2026-06-11 18:00:00+00:00,1,1,0.6508220899763059
2026-06-11 18:05:00+00:00,1,1,0.6477813349195968
2026-06-11 18:10:00+00:00,1,1,0.6624612621433138
2026-06-11 18:15:00+00:00,1,1,0.6736288248767605
2026-06-11 18:20:00+00:00,1,1,0.6629623386330556
2026-06-11 18:25:00+00:00,1,1,0.6564003487733843
2026-06-11 18:30:00+00:00,1,1,0.6816976350877727
2026-06-11 18:35:00+00:00,1,1,0.6470710352082858
2026-06-11 18:40:00+00:00,1,1,0.6372893077725262
2026-06-11 18:45:00+00:00,1,1,0.6278814722975318
2026-06-11 18:50:00+00:00,1,1,0.5665357960020361
2026-06-11 18:55:00+00:00,1,1,0.5593843865340017
2026-06-11 19:00:00+00:00,1,0,0.48970225185800415
2026-06-11 19:05:00+00:00,1,0,0.4666500386719117
2026-06-11 19:10:00+00:00,0,0,0.37116069009835223
2026-06-11 19:20:00+00:00,0,1,0.5017391944011987
2026-06-11 19:25:00+00:00,0,0,0.4718909198614699
2026-06-11 19:30:00+00:00,0,0,0.48410998532570704
2026-06-11 19:35:00+00:00,0,1,0.5304344426936556
2026-06-11 19:40:00+00:00,0,1,0.5096223825381648
2026-06-11 19:45:00+00:00,0,1,0.5184808646475563
2026-06-11 19:50:00+00:00,0,1,0.5053295523496034
2026-06-11 19:55:00+00:00,0,0,0.4871785132381121
2026-06-11 20:00:00+00:00,0,0,0.4766640320233659
2026-06-11 20:05:00+00:00,0,0,0.48461801089499074
2026-06-11 20:10:00+00:00,0,1,0.524011185352882
2026-06-11 20:15:00+00:00,0,1,0.5022815367469635
2026-06-11 20:20:00+00:00,0,1,0.5051332390665575
2026-06-11 20:25:00+00:00,0,1,0.8179130419557131
2026-06-11 20:30:00+00:00,0,1,0.6258137249163271
2026-06-11 20:45:00+00:00,0,1,0.5318624311481559
2026-06-11 20:50:00+00:00,0,1,0.5071876130312315
2026-06-11 20:55:00+00:00,0,0,0.47585456637258017
2026-06-11 21:00:00+00:00,0,0,0.37972333585600465
2026-06-11 21:05:00+00:00,0,0,0.456710975171209
2026-06-11 21:10:00+00:00,0,0,0.45300805871195554
2026-06-11 21:15:00+00:00,0,1,0.5040899227294401
2026-06-11 21:20:00+00:00,0,0,0.41713699824495987
2026-06-11 21:25:00+00:00,0,0,0.4676443971714586
2026-06-11 21:30:00+00:00,0,1,0.5708643137847083
2026-06-11 21:35:00+00:00,0,1,0.5663906666947377
2026-06-11 21:40:00+00:00,0,1,0.5849047422673018
2026-06-11 21:45:00+00:00,0,1,0.5540537686278588
2026-06-11 21:50:00+00:00,0,1,0.5257798633187803
2026-06-11 21:55:00+00:00,0,1,0.5056587869669148
2026-06-11 22:00:00+00:00,0,1,0.5570135044600737
2026-06-11 22:05:00+00:00,0,1,0.5567035070010011
2026-06-11 22:25:00+00:00,1,0,0.3987917202610919
2026-06-11 22:30:00+00:00,1,0,0.49583806566212035
2026-06-11 22:35:00+00:00,1,0,0.35805562668269486
2026-06-11 22:40:00+00:00,1,0,0.37099321021500836
2026-06-11 22:45:00+00:00,1,0,0.3834859433132968
2026-06-11 22:50:00+00:00,1,0,0.4260854456181921
2026-06-11 22:55:00+00:00,1,0,0.4928082687467643
2026-06-11 23:00:00+00:00,1,0,0.3588107128176619
2026-06-11 23:05:00+00:00,1,0,0.3767773879323144
2026-06-11 23:10:00+00:00,1,0,0.3150701381553478
2026-06-11 23:20:00+00:00,1,0,0.28168517272914023
2026-06-11 23:40:00+00:00,0,0,0.13970016813489275
2026-06-11 23:50:00+00:00,0,0,0.12295109184480754
2026-06-11 23:55:00+00:00,1,0,0.28757063776615704
2026-06-12 00:00:00+00:00,1,0,0.3258373651338469
2026-06-12 00:05:00+00:00,1,0,0.4416227571077806
2026-06-12 00:10:00+00:00,1,0,0.38662943029664953
2026-06-12 00:15:00+00:00,1,1,0.5410953827865693
2026-06-12 00:20:00+00:00,1,1,0.564547040622268
2026-06-12 00:25:00+00:00,1,0,0.4295389239292078
2026-06-12 00:30:00+00:00,1,0,0.2681467338712555
2026-06-12 00:35:00+00:00,1,0,0.20838228565180167
2026-06-12 00:40:00+00:00,1,0,0.308172620240696
2026-06-12 00:45:00+00:00,1,0,0.27509607327209423
2026-06-12 00:50:00+00:00,1,0,0.17644293594206895
2026-06-12 00:55:00+00:00,1,0,0.17771003842267127
2026-06-12 01:00:00+00:00,1,0,0.26690949114933643
2026-06-12 01:20:00+00:00,0,0,0.2714445226801843
2026-06-12 01:25:00+00:00,1,0,0.17855537129228408
2026-06-12 01:30:00+00:00,1,0,0.344627484581029
2026-06-12 01:40:00+00:00,1,0,0.35798860142552524
2026-06-12 01:45:00+00:00,1,0,0.37270788763418766
2026-06-12 01:50:00+00:00,1,0,0.3703269491385044
2026-06-12 01:55:00+00:00,1,0,0.38940237451319304
2026-06-12 02:00:00+00:00,1,0,0.3865134779988647
2026-06-12 02:05:00+00:00,1,0,0.3839185459389341
2026-06-12 02:10:00+00:00,1,0,0.37787108611232095
2026-06-12 02:15:00+00:00,1,0,0.41869001268926
2026-06-12 02:20:00+00:00,1,0,0.38193161949121196
2026-06-12 02:25:00+00:00,1,0,0.43307505626520637
2026-06-12 02:30:00+00:00,1,0,0.4117748560192473
2026-06-12 02:35:00+00:00,1,0,0.40666637703566844
2026-06-12 02:40:00+00:00,1,0,0.42977908110932733
2026-06-12 02:45:00+00:00,1,0,0.4116667032079639
2026-06-12 02:55:00+00:00,1,0,0.38646615104513493
2026-06-12 03:05:00+00:00,1,0,0.4184688189156807
2026-06-12 03:10:00+00:00,1,0,0.34497740422861267
2026-06-12 03:15:00+00:00,1,0,0.3923384064979374
2026-06-12 03:45:00+00:00,1,0,0.4062609811196854
2026-06-12 03:50:00+00:00,1,0,0.47311053924814517
2026-06-12 03:55:00+00:00,1,1,0.5138064394335004
2026-06-12 04:00:00+00:00,1,0,0.4788945206662875
2026-06-12 04:05:00+00:00,1,0,0.44330801509016493
2026-06-12 04:10:00+00:00,1,0,0.4779433412500301
2026-06-12 04:15:00+00:00,1,0,0.4673769046542944
2026-06-12 04:20:00+00:00,1,1,0.5200629882570331
2026-06-12 04:25:00+00:00,1,1,0.5280288506572249
2026-06-12 04:30:00+00:00,1,1,0.5156074164275883
2026-06-12 04:35:00+00:00,1,1,0.5652738635179739
2026-06-12 04:40:00+00:00,1,1,0.535367265139978
2026-06-12 04:45:00+00:00,1,1,0.5405112877005767
2026-06-12 04:50:00+00:00,1,1,0.5163720419559015
2026-06-12 04:55:00+00:00,1,1,0.5116573437870071
2026-06-12 05:00:00+00:00,1,1,0.5268231422321812
2026-06-12 05:05:00+00:00,1,1,0.5805034222490615
2026-06-12 05:10:00+00:00,1,1,0.5805034222490615
2026-06-12 05:15:00+00:00,1,1,0.5805034222490615
2026-06-12 05:25:00+00:00,0,0,0.40587340565895125
2026-06-12 05:30:00+00:00,0,0,0.4403187658517787
2026-06-12 05:35:00+00:00,0,0,0.4428261378329552
2026-06-12 05:40:00+00:00,0,0,0.4310720529784158
2026-06-12 05:45:00+00:00,0,0,0.4508032612960672
2026-06-12 05:50:00+00:00,0,0,0.4381895434297421
2026-06-12 05:55:00+00:00,0,0,0.4555052657179397
2026-06-12 06:00:00+00:00,0,0,0.33631008484128344
2026-06-12 06:05:00+00:00,0,0,0.37425557167063045
2026-06-12 06:10:00+00:00,0,0,0.3775629777920645
2026-06-12 06:15:00+00:00,0,0,0.39336543746883246
2026-06-12 06:20:00+00:00,0,0,0.4431162620774138
2026-06-12 06:30:00+00:00,1,1,0.6190055047563026
2026-06-12 06:35:00+00:00,1,1,0.5253556768236666
2026-06-12 06:40:00+00:00,1,1,0.5768419698154904
2026-06-12 06:45:00+00:00,0,1,0.5110810201392699
2026-06-12 06:50:00+00:00,1,1,0.603583807238416
2026-06-12 06:55:00+00:00,1,1,0.5667967354180018
2026-06-12 07:10:00+00:00,1,1,0.6058803993478465
2026-06-12 07:15:00+00:00,1,1,0.5279568245801881
2026-06-12 07:20:00+00:00,1,1,0.5531861551550709
2026-06-12 07:25:00+00:00,1,1,0.5383553835377799
2026-06-12 07:30:00+00:00,1,0,0.4142148434928073
2026-06-12 07:35:00+00:00,1,0,0.40268800906623675
2026-06-12 07:40:00+00:00,1,0,0.45764414786947805
2026-06-12 07:45:00+00:00,1,0,0.4872733966084629
2026-06-12 07:50:00+00:00,1,1,0.5061976687253522
2026-06-12 07:55:00+00:00,1,0,0.4422916759260933
2026-06-12 08:00:00+00:00,1,0,0.4742946898338108
2026-06-12 08:05:00+00:00,1,0,0.43657240000656866
2026-06-12 08:10:00+00:00,1,0,0.4307202553332788
2026-06-12 08:15:00+00:00,1,0,0.49267942613776955
2026-06-12 08:25:00+00:00,0,0,0.46345975507368103
2026-06-12 08:30:00+00:00,0,0,0.3833034309136408
2026-06-12 08:35:00+00:00,1,0,0.3935033446256238
2026-06-12 08:40:00+00:00,1,0,0.39697612104457564
2026-06-12 08:45:00+00:00,0,0,0.33031614374387397
2026-06-12 08:50:00+00:00,0,0,0.3361923704109062
2026-06-12 08:55:00+00:00,0,0,0.3450619341069582
2026-06-12 09:00:00+00:00,1,0,0.4043881438833291
2026-06-12 09:05:00+00:00,1,0,0.3889756898926038
2026-06-12 09:10:00+00:00,1,1,0.5373088905776147
2026-06-12 09:15:00+00:00,1,1,0.5552037105918778
2026-06-12 09:20:00+00:00,1,1,0.5229598952392138
2026-06-12 09:25:00+00:00,1,1,0.594830043368685
2026-06-12 09:30:00+00:00,1,1,0.5795219689607234
2026-06-12 09:35:00+00:00,1,1,0.5399940102482593
2026-06-12 09:40:00+00:00,1,1,0.5366143281939993
2026-06-12 09:45:00+00:00,1,1,0.5410800941548994
2026-06-12 09:50:00+00:00,1,1,0.5229695526991683
2026-06-12 09:55:00+00:00,0,1,0.5244267930975047
2026-06-12 10:00:00+00:00,0,1,0.5235373350261446
2026-06-12 10:05:00+00:00,0,1,0.5083452610358532
2026-06-12 10:10:00+00:00,0,1,0.5490122923556047
2026-06-12 10:15:00+00:00,0,1,0.539190519574644
2026-06-12 10:20:00+00:00,0,1,0.5701299113792554
2026-06-12 10:25:00+00:00,0,1,0.5701299113792554
2026-06-12 10:30:00+00:00,0,1,0.5530202435132044
2026-06-12 10:35:00+00:00,0,1,0.5623037885430501
2026-06-12 10:40:00+00:00,0,1,0.6148450173982399
2026-06-12 10:45:00+00:00,0,1,0.6086529527513358
2026-06-12 10:50:00+00:00,0,1,0.6072073977013741
2026-06-12 10:55:00+00:00,0,1,0.6404592012475383
2026-06-12 11:00:00+00:00,0,1,0.5835847985803535
2026-06-12 11:05:00+00:00,0,1,0.5861817498024456
2026-06-12 11:10:00+00:00,0,1,0.5724971450658829
2026-06-12 11:15:00+00:00,0,0,0.2870566181075289
2026-06-12 11:25:00+00:00,0,0,0.403901231442052
2026-06-12 11:30:00+00:00,0,0,0.39441669074438357
2026-06-12 11:35:00+00:00,0,0,0.402222250895692
2026-06-12 11:40:00+00:00,0,0,0.38607564902681885
2026-06-12 11:45:00+00:00,0,0,0.4020026890694799
2026-06-12 11:50:00+00:00,0,0,0.47480925541191255
2026-06-12 11:55:00+00:00,0,0,0.43110812035167784
2026-06-12 12:05:00+00:00,0,0,0.39950590060151703
2026-06-12 12:15:00+00:00,1,0,0.4168218108834744
2026-06-12 12:20:00+00:00,1,0,0.37537772340660347
2026-06-12 12:25:00+00:00,1,1,0.5144712355486908
2026-06-12 12:30:00+00:00,1,0,0.4980246476483923
2026-06-12 12:35:00+00:00,1,0,0.4832779599448475
2026-06-12 12:40:00+00:00,1,1,0.5496405821362643
2026-06-12 12:45:00+00:00,1,1,0.540646155631114
2026-06-12 12:50:00+00:00,1,0,0.4934389801974598
2026-06-12 12:55:00+00:00,1,1,0.5052396159420331
2026-06-12 13:00:00+00:00,1,1,0.5063816007114471
2026-06-12 13:05:00+00:00,1,1,0.5583458805954993
2026-06-12 13:10:00+00:00,1,1,0.5445996848429089
2026-06-12 13:15:00+00:00,1,1,0.5347048276252717
2026-06-12 13:30:00+00:00,1,0,0.4418006691258171
2026-06-12 13:35:00+00:00,1,0,0.48841711595621773
2026-06-12 13:45:00+00:00,1,1,0.5005931875570169
2026-06-12 13:50:00+00:00,1,0,0.48631729821702685
2026-06-12 13:55:00+00:00,1,0,0.4944268964626405
2026-06-12 14:00:00+00:00,1,0,0.49841269419603496
2026-06-12 14:05:00+00:00,1,0,0.4900763621007452
2026-06-12 14:10:00+00:00,1,0,0.49268042946030494
2026-06-12 14:15:00+00:00,1,0,0.47771077951765517
2026-06-12 14:20:00+00:00,1,0,0.47045395287892433
2026-06-12 14:25:00+00:00,1,0,0.47795239997703753
2026-06-12 14:30:00+00:00,1,0,0.4770854279132132
2026-06-12 14:35:00+00:00,1,0,0.4389281424505092
2026-06-12 14:40:00+00:00,1,0,0.445073064983733
2026-06-12 14:45:00+00:00,1,0,0.452447856320843
2026-06-12 14:50:00+00:00,1,0,0.45585661479939155
2026-06-12 14:55:00+00:00,1,1,0.5379707670129066
2026-06-12 15:00:00+00:00,1,1,0.5066427645689857
2026-06-12 15:05:00+00:00,1,0,0.43657976135302
2026-06-12 15:10:00+00:00,1,0,0.46716475707151184
2026-06-12 15:15:00+00:00,1,0,0.49712598901587635
2026-06-12 15:25:00+00:00,0,0,0.47753673774945465
2026-06-12 15:30:00+00:00,0,0,0.49092098883042184
2026-06-12 15:35:00+00:00,0,0,0.3795409559888688
2026-06-12 15:40:00+00:00,1,0,0.4223412139949729
2026-06-12 15:55:00+00:00,1,1,0.5101903290482454
2026-06-12 16:05:00+00:00,0,1,0.5137335134800524
2026-06-12 16:10:00+00:00,0,1,0.5042402596676788
2026-06-12 16:15:00+00:00,1,1,0.5171141615874293
2026-06-12 16:20:00+00:00,1,0,0.49873793200340083
2026-06-12 16:25:00+00:00,1,1,0.5698313447630811
2026-06-12 16:30:00+00:00,0,0,0.4989725409890214
2026-06-12 16:35:00+00:00,0,0,0.4892075930047985
2026-06-12 16:40:00+00:00,0,0,0.47882528567372956
2026-06-12 16:50:00+00:00,0,0,0.49809176006131434
2026-06-12 16:55:00+00:00,0,1,0.5139520198430217
2026-06-12 17:10:00+00:00,0,1,0.542852022973165
2026-06-12 17:15:00+00:00,0,1,0.5045054220465863
2026-06-12 17:20:00+00:00,0,1,0.5385784112557116
2026-06-12 17:25:00+00:00,0,1,0.5497831846263358
2026-06-12 17:30:00+00:00,0,1,0.5629613575063562
2026-06-12 17:35:00+00:00,0,1,0.6098476218478656
2026-06-12 17:40:00+00:00,0,1,0.5134283687715674
2026-06-12 17:45:00+00:00,0,1,0.5166864885506389
2026-06-12 17:50:00+00:00,1,1,0.5775010699379022
2026-06-12 18:00:00+00:00,1,0,0.4612739351202599
2026-06-12 18:05:00+00:00,1,0,0.45159909688837846
2026-06-12 18:10:00+00:00,1,0,0.480767084895156
2026-06-12 18:20:00+00:00,1,1,0.6268619340727619
2026-06-12 18:25:00+00:00,1,1,0.6723737056000247
2026-06-12 18:30:00+00:00,1,1,0.6688234538194712
2026-06-12 18:35:00+00:00,1,1,0.6670683042741073
2026-06-12 18:50:00+00:00,0,1,0.581053436534949
2026-06-12 18:55:00+00:00,0,1,0.559109678326995
2026-06-12 19:00:00+00:00,0,1,0.5604259205828002
2026-06-12 19:05:00+00:00,0,1,0.557200632851318
2026-06-12 19:10:00+00:00,0,1,0.6232295960945715
2026-06-12 19:20:00+00:00,0,1,0.6376882345136581
2026-06-12 19:25:00+00:00,0,1,0.6176416421683721
2026-06-12 19:30:00+00:00,0,1,0.6253816707543712
2026-06-12 19:35:00+00:00,0,1,0.6472745982645169
2026-06-12 19:40:00+00:00,0,1,0.6195806109426203
2026-06-12 19:45:00+00:00,0,1,0.6143989722518254
2026-06-12 19:50:00+00:00,0,1,0.6755964685430156
2026-06-12 19:55:00+00:00,0,1,0.6328183801063022
2026-06-12 20:00:00+00:00,0,1,0.6355541517743133
2026-06-12 20:05:00+00:00,1,1,0.6866317337215319
2026-06-12 20:10:00+00:00,1,1,0.6687981020934706
2026-06-12 20:15:00+00:00,1,1,0.6622234849295245
2026-06-12 20:20:00+00:00,1,1,0.6263231901241497
2026-06-12 20:25:00+00:00,1,1,0.6707230134402189
2026-06-12 20:40:00+00:00,1,1,0.6792034252742802
2026-06-12 20:45:00+00:00,1,1,0.6610854939392876
2026-06-12 20:50:00+00:00,1,1,0.6500873993080873
2026-06-12 20:55:00+00:00,1,1,0.660157631883945
2026-06-12 21:00:00+00:00,0,1,0.6102785488533039
2026-06-12 21:05:00+00:00,0,1,0.5639853459648697
2026-06-12 21:10:00+00:00,0,0,0.4979957529069282
2026-06-12 21:15:00+00:00,0,1,0.5462694045570433
2026-06-12 21:25:00+00:00,1,1,0.5570780233610925
2026-06-12 21:30:00+00:00,1,0,0.4976049595104574
2026-06-12 21:35:00+00:00,1,1,0.6234468435820542
2026-06-12 21:40:00+00:00,1,1,0.623907610581521
2026-06-12 21:45:00+00:00,1,1,0.5698795598642803
2026-06-12 21:50:00+00:00,1,1,0.565261125777496
2026-06-12 21:55:00+00:00,0,0,0.41128094799638737
2026-06-12 22:15:00+00:00,1,0,0.3312912187004471
2026-06-12 22:20:00+00:00,0,0,0.29090970259556514
2026-06-12 22:25:00+00:00,0,0,0.27948991079816954
2026-06-12 22:30:00+00:00,0,0,0.2734341938818982
2026-06-12 22:35:00+00:00,0,0,0.27461374729859234
2026-06-12 22:50:00+00:00,0,0,0.3197473487154879
2026-06-12 22:55:00+00:00,1,0,0.35054641794903074
2026-06-12 23:00:00+00:00,0,0,0.39430345982255005
2026-06-12 23:05:00+00:00,0,0,0.3605960461229931
2026-06-12 23:10:00+00:00,0,0,0.3312703241911838
2026-06-12 23:15:00+00:00,0,0,0.3051909003981712
2026-06-12 23:20:00+00:00,0,0,0.339810525049783
2026-06-12 23:25:00+00:00,0,0,0.3827408808676639
2026-06-12 23:30:00+00:00,0,0,0.3135040851350254
2026-06-12 23:35:00+00:00,0,0,0.34856446248137335
2026-06-12 23:40:00+00:00,0,0,0.24079723574748046
2026-06-12 23:45:00+00:00,0,0,0.32827512996738606
2026-06-12 23:50:00+00:00,0,0,0.35160578410346305
2026-06-12 23:55:00+00:00,0,0,0.3858068472985604
2026-06-15 00:00:00+00:00,0,1,0.8471343728541565
2026-06-15 00:05:00+00:00,0,1,0.9121915520039795
2026-06-15 00:10:00+00:00,0,1,0.6565455937745501
2026-06-15 00:15:00+00:00,0,1,0.7635767250342523
2026-06-15 00:20:00+00:00,0,1,0.7431088886349261
2026-06-15 00:25:00+00:00,1,1,0.9065600283512282
2026-06-15 00:30:00+00:00,1,1,0.5784546915750389
2026-06-15 00:35:00+00:00,1,1,0.5441516849555854
2026-06-15 00:40:00+00:00,1,0,0.37188394293805505
2026-06-15 00:45:00+00:00,1,1,0.5001197245800648
2026-06-15 00:50:00+00:00,1,0,0.48076639297911855
2026-06-15 00:55:00+00:00,1,0,0.4697773289928895
2026-06-15 01:00:00+00:00,1,0,0.21962293500796473
2026-06-15 01:05:00+00:00,1,0,0.17916121738125318
2026-06-15 01:10:00+00:00,1,0,0.1461068668583632
2026-06-15 01:15:00+00:00,1,0,0.11130821536398418
2026-06-15 01:20:00+00:00,1,0,0.17075057604069083
2026-06-15 01:35:00+00:00,1,0,0.1652109319165812
2026-06-15 01:40:00+00:00,1,0,0.13611912710858814
2026-06-15 01:50:00+00:00,1,0,0.12531302634206204
2026-06-15 01:55:00+00:00,1,0,0.13301769000437788
2026-06-15 02:05:00+00:00,1,0,0.13959329732329517
2026-06-15 02:10:00+00:00,0,0,0.1648853703398311
2026-06-15 02:20:00+00:00,1,0,0.17284408769591697
2026-06-15 02:30:00+00:00,1,0,0.1968636398546467
2026-06-15 02:40:00+00:00,1,0,0.2070073078616153
2026-06-15 02:45:00+00:00,1,0,0.23306953626437243
2026-06-15 02:50:00+00:00,1,0,0.23126327629572527
2026-06-15 02:55:00+00:00,1,0,0.22991211534896855
2026-06-15 03:00:00+00:00,1,0,0.20286559595165407
2026-06-15 03:05:00+00:00,1,0,0.22524562016441643
2026-06-15 03:10:00+00:00,1,0,0.214828831972553
2026-06-15 03:15:00+00:00,1,0,0.19623190740134483
2026-06-15 03:20:00+00:00,1,0,0.22834450453901567
2026-06-15 03:25:00+00:00,1,0,0.21092055160586898
2026-06-15 03:30:00+00:00,1,0,0.22146119350794335
2026-06-15 03:35:00+00:00,1,0,0.21338179509771743
2026-06-15 03:40:00+00:00,1,0,0.22475220380097088
2026-06-15 03:45:00+00:00,1,0,0.2297795215734786
2026-06-15 03:50:00+00:00,1,0,0.16049240051678829
2026-06-15 03:55:00+00:00,1,0,0.18456311612403536
2026-06-15 04:00:00+00:00,1,0,0.283883086772493
2026-06-15 04:05:00+00:00,1,0,0.23916284024569265
2026-06-15 04:10:00+00:00,1,0,0.21549322147147235
2026-06-15 04:15:00+00:00,1,0,0.2230979021835895
2026-06-15 04:20:00+00:00,1,0,0.2853942783269294
2026-06-15 04:35:00+00:00,0,0,0.3077978587245021
2026-06-15 04:40:00+00:00,0,0,0.31522535182422584
2026-06-15 04:45:00+00:00,0,0,0.2528949583937149
2026-06-15 04:50:00+00:00,0,0,0.2597805353397226
2026-06-15 04:55:00+00:00,0,0,0.25554614675732024
2026-06-15 05:00:00+00:00,0,0,0.28604158693017695
2026-06-15 05:05:00+00:00,0,0,0.3201191599665617
2026-06-15 05:10:00+00:00,0,0,0.2761064100783233
2026-06-15 05:15:00+00:00,0,0,0.23937906565597486
2026-06-15 05:20:00+00:00,0,0,0.2953471955293129
2026-06-15 05:25:00+00:00,0,0,0.30351955237446177
2026-06-15 05:30:00+00:00,0,0,0.3183027902753299
2026-06-15 05:35:00+00:00,0,0,0.3687577811716814
2026-06-15 05:40:00+00:00,0,0,0.31668008023250527
2026-06-15 05:45:00+00:00,0,0,0.304442637583185
2026-06-15 05:50:00+00:00,0,0,0.30777026460588713
2026-06-15 05:55:00+00:00,0,0,0.3494318463571537
2026-06-15 06:00:00+00:00,0,0,0.33645047665688765
2026-06-15 06:05:00+00:00,0,0,0.4072001620855108
2026-06-15 06:10:00+00:00,0,0,0.47330450068096697
2026-06-15 06:15:00+00:00,0,0,0.48315825198079904
2026-06-15 06:20:00+00:00,0,0,0.4723003806004328
2026-06-15 06:25:00+00:00,1,0,0.47393017727932085
2026-06-15 06:40:00+00:00,0,0,0.4721881766604891
2026-06-15 06:45:00+00:00,0,1,0.5327891325021399
2026-06-15 06:50:00+00:00,0,0,0.46341682200102874
2026-06-15 06:55:00+00:00,0,1,0.5399378673198486
2026-06-15 07:00:00+00:00,0,0,0.4418504037855549
2026-06-15 07:05:00+00:00,0,0,0.424850614967057
2026-06-15 07:10:00+00:00,0,0,0.42786881336205784
2026-06-15 07:15:00+00:00,0,0,0.4457207833568935
2026-06-15 07:20:00+00:00,0,0,0.4463844936448572
2026-06-15 07:25:00+00:00,0,0,0.41100139095328025
2026-06-15 07:30:00+00:00,0,0,0.4120609380573624
2026-06-15 07:35:00+00:00,0,0,0.43789929092085994
2026-06-15 07:40:00+00:00,0,1,0.504041656717539
2026-06-15 07:45:00+00:00,0,0,0.4770474200770438
2026-06-15 08:00:00+00:00,1,1,0.551261449288311
2026-06-15 08:05:00+00:00,1,1,0.5620863204698049
2026-06-15 08:10:00+00:00,1,1,0.5950862883360446
2026-06-15 08:15:00+00:00,1,1,0.5196796342859286
2026-06-15 08:20:00+00:00,1,0,0.49826869105405763
2026-06-15 08:25:00+00:00,1,1,0.5491665519495094
2026-06-15 08:30:00+00:00,1,1,0.507160380049788
2026-06-15 08:35:00+00:00,1,1,0.5499872956765621
2026-06-15 08:40:00+00:00,1,1,0.546735030520645
2026-06-15 08:45:00+00:00,1,1,0.5592664292409678
2026-06-15 08:50:00+00:00,1,1,0.5035221365965268
2026-06-15 08:55:00+00:00,1,0,0.46971614183648197
2026-06-15 09:00:00+00:00,1,0,0.45283917959080966
2026-06-15 09:10:00+00:00,1,0,0.46261536191951824
2026-06-15 09:15:00+00:00,0,0,0.40625956075315295
2026-06-15 09:20:00+00:00,0,0,0.39762362430836395
2026-06-15 09:25:00+00:00,0,0,0.41509605245233794
2026-06-15 09:30:00+00:00,0,0,0.3487683770415877
2026-06-15 09:35:00+00:00,0,0,0.42532416657396876
2026-06-15 09:40:00+00:00,0,0,0.3188893257348906
2026-06-15 09:45:00+00:00,0,0,0.3124403778800239
2026-06-15 09:50:00+00:00,0,0,0.31893183516415813
2026-06-15 09:55:00+00:00,0,0,0.3171305223357673
2026-06-15 10:00:00+00:00,0,0,0.3615180149642323
2026-06-15 10:05:00+00:00,1,0,0.4951407903888924
2026-06-15 10:10:00+00:00,1,0,0.381954343079065
2026-06-15 10:15:00+00:00,1,0,0.39074761549307174
2026-06-15 10:20:00+00:00,1,0,0.4969131629154428
2026-06-15 10:25:00+00:00,1,0,0.4946394109230477
2026-06-15 10:30:00+00:00,1,0,0.46436166510913
2026-06-15 10:35:00+00:00,1,0,0.34416987744419375
2026-06-15 10:40:00+00:00,1,0,0.4994687162922606
2026-06-15 10:45:00+00:00,1,0,0.37465920352774346
2026-06-15 10:50:00+00:00,1,0,0.3273279199742429
2026-06-15 10:55:00+00:00,1,0,0.36904125734972226
2026-06-15 11:00:00+00:00,1,0,0.40790376631690084
2026-06-15 11:05:00+00:00,0,0,0.35274935476735614
2026-06-15 11:10:00+00:00,0,0,0.3177266316068414
2026-06-15 11:15:00+00:00,0,0,0.35269329605699357
2026-06-15 11:20:00+00:00,1,0,0.39464861726335815
2026-06-15 11:25:00+00:00,1,0,0.39550118850553995
2026-06-15 11:30:00+00:00,1,0,0.38963624798568464
2026-06-15 11:40:00+00:00,1,0,0.3690230805344538
2026-06-15 11:55:00+00:00,0,0,0.36155814260947533
2026-06-15 12:00:00+00:00,1,0,0.4249011605080729
2026-06-15 12:05:00+00:00,1,0,0.3912493540702442
2026-06-15 12:10:00+00:00,1,0,0.45320837754463517
2026-06-15 12:15:00+00:00,1,0,0.4631304326602208
2026-06-15 12:30:00+00:00,0,0,0.45636228648912497
2026-06-15 12:35:00+00:00,0,0,0.4485139847855627
2026-06-15 12:40:00+00:00,0,0,0.3463286945314739
2026-06-15 12:45:00+00:00,0,0,0.4034120482805511
2026-06-15 12:50:00+00:00,0,0,0.38370969173743774
2026-06-15 13:00:00+00:00,0,0,0.3900387227584738
2026-06-15 13:05:00+00:00,0,0,0.3929072404120059
2026-06-15 13:15:00+00:00,1,0,0.4315688686984743
2026-06-15 13:20:00+00:00,1,0,0.42692119936733713
2026-06-15 13:25:00+00:00,1,0,0.4427958742727789
2026-06-15 13:30:00+00:00,1,0,0.41918600673232614
2026-06-15 13:35:00+00:00,1,0,0.44387075496066364
2026-06-15 13:40:00+00:00,1,0,0.4472110409648765
2026-06-15 13:45:00+00:00,1,0,0.4508392121520769
2026-06-15 13:50:00+00:00,1,0,0.4396056118087452
2026-06-15 13:55:00+00:00,1,0,0.3554275390558515
2026-06-15 14:00:00+00:00,1,0,0.4365827007601677
2026-06-15 14:05:00+00:00,1,0,0.44254601950173333
2026-06-15 14:10:00+00:00,1,0,0.38751340657662536
2026-06-15 14:15:00+00:00,1,0,0.3561649855019326
2026-06-15 14:25:00+00:00,0,0,0.3283739702037393
2026-06-15 14:30:00+00:00,0,0,0.4642049894000521
2026-06-15 14:35:00+00:00,0,0,0.31840316829452736
2026-06-15 14:40:00+00:00,0,0,0.36837775610636325
2026-06-15 14:45:00+00:00,0,0,0.3554570422484376
2026-06-15 14:50:00+00:00,0,0,0.41903248271188076
2026-06-15 14:55:00+00:00,0,0,0.2651062474021415
2026-06-15 15:00:00+00:00,0,0,0.3229624336687078
2026-06-15 15:05:00+00:00,0,0,0.29488445246237044
2026-06-15 15:10:00+00:00,0,0,0.2955288987988515
2026-06-15 15:15:00+00:00,0,0,0.29512034455812003
2026-06-15 15:20:00+00:00,0,0,0.33977377401256903
2026-06-15 15:25:00+00:00,0,0,0.34390858271005864
2026-06-15 15:30:00+00:00,0,0,0.34249944992576925
2026-06-15 15:35:00+00:00,0,0,0.3284037067555669
2026-06-15 15:40:00+00:00,0,0,0.34639276079113973
2026-06-15 15:45:00+00:00,0,0,0.3919663091866886
2026-06-15 15:50:00+00:00,0,0,0.3943901372247304
2026-06-15 15:55:00+00:00,0,0,0.36510899015602416
2026-06-15 16:00:00+00:00,0,0,0.4524780978473586
2026-06-15 16:05:00+00:00,0,0,0.48681144408470356
2026-06-15 16:10:00+00:00,0,0,0.47676060004678533
2026-06-15 16:15:00+00:00,0,1,0.5045885903802039
2026-06-15 16:20:00+00:00,0,1,0.5643620156153666
2026-06-15 16:25:00+00:00,0,1,0.5643620156153666
2026-06-15 16:40:00+00:00,0,0,0.4858920288080255
2026-06-15 16:45:00+00:00,0,0,0.4989452155238998
2026-06-15 16:50:00+00:00,1,1,0.5809797507499039
2026-06-15 16:55:00+00:00,1,1,0.5901252637480636
2026-06-15 17:00:00+00:00,1,1,0.5060146132506429
2026-06-15 17:05:00+00:00,1,1,0.521362548981331
2026-06-15 17:10:00+00:00,1,1,0.5006375155538343
2026-06-15 17:15:00+00:00,1,0,0.4834949418534118
2026-06-15 17:20:00+00:00,1,0,0.48466633214518295
2026-06-15 17:25:00+00:00,1,0,0.49213651554192656
2026-06-15 17:30:00+00:00,1,1,0.5266667144644865
2026-06-15 17:35:00+00:00,1,1,0.5624062892231976
2026-06-15 17:40:00+00:00,1,1,0.503687203863431
2026-06-15 17:45:00+00:00,1,1,0.5721993057584014
2026-06-15 17:50:00+00:00,1,1,0.5199189986227303
2026-06-15 17:55:00+00:00,1,0,0.4943270566274517
2026-06-15 18:00:00+00:00,1,0,0.46947266251743475
2026-06-15 18:05:00+00:00,1,0,0.4815823355427088
2026-06-15 18:10:00+00:00,1,0,0.46972627205178435
2026-06-15 18:15:00+00:00,1,0,0.43908995317746585
2026-06-15 18:20:00+00:00,1,0,0.4680229997888954
2026-06-15 18:25:00+00:00,1,0,0.4761572851464661
2026-06-15 18:30:00+00:00,1,0,0.3760808625418134
2026-06-15 18:35:00+00:00,1,0,0.3373964973006
2026-06-15 18:40:00+00:00,1,0,0.3373964973006
2026-06-15 18:45:00+00:00,1,0,0.3424307343217299
2026-06-15 18:50:00+00:00,1,0,0.3334002870432699
2026-06-15 18:55:00+00:00,1,0,0.33081344612430247
2026-06-15 19:00:00+00:00,1,0,0.3425466710505489
2026-06-15 19:05:00+00:00,1,0,0.34966586673459527
2026-06-15 19:10:00+00:00,1,0,0.41504863985254536
2026-06-15 19:15:00+00:00,1,0,0.3476034733919406
2026-06-15 19:20:00+00:00,1,0,0.3374513010345777
2026-06-15 19:25:00+00:00,1,0,0.34572941038923444
2026-06-15 19:30:00+00:00,1,0,0.33132645403587135
2026-06-15 19:35:00+00:00,1,0,0.3368104201656788
2026-06-15 19:40:00+00:00,1,0,0.28898337093733234
2026-06-15 19:45:00+00:00,1,0,0.3078854923315425
2026-06-15 19:50:00+00:00,1,0,0.2508803031579311
2026-06-15 19:55:00+00:00,1,0,0.25001841632541627
2026-06-15 20:00:00+00:00,1,0,0.32745692567644324
2026-06-15 20:05:00+00:00,1,0,0.2517859025304572
2026-06-15 20:10:00+00:00,1,0,0.25067051800795825
2026-06-15 20:15:00+00:00,1,0,0.2485230447665948
2026-06-15 20:20:00+00:00,1,0,0.26034330161885977
2026-06-15 20:25:00+00:00,1,0,0.21628475531149718
2026-06-15 20:35:00+00:00,1,0,0.23115956000658944
2026-06-15 20:40:00+00:00,1,0,0.23620052470776912
2026-06-15 20:45:00+00:00,1,0,0.251141347238125
2026-06-15 20:50:00+00:00,1,0,0.25627131561604266
2026-06-15 20:55:00+00:00,1,0,0.2498388428986389
2026-06-15 21:00:00+00:00,1,0,0.2512054189672107
2026-06-15 21:05:00+00:00,1,0,0.2512054189672107
2026-06-15 21:10:00+00:00,1,0,0.23003553910934108
2026-06-15 21:15:00+00:00,1,0,0.24959128166454972
2026-06-15 21:20:00+00:00,1,0,0.25455549131839755
2026-06-15 21:25:00+00:00,1,0,0.2066284941860626
2026-06-15 21:30:00+00:00,1,0,0.2568927694374814
2026-06-15 21:35:00+00:00,1,0,0.25638270423015624
2026-06-15 21:40:00+00:00,1,0,0.2536811499427521
2026-06-15 21:45:00+00:00,1,0,0.16554102517818636
2026-06-15 21:50:00+00:00,1,0,0.13817766460782965
2026-06-15 21:55:00+00:00,1,0,0.12347495722754803
2026-06-15 22:00:00+00:00,1,0,0.08615085337058905
2026-06-15 22:05:00+00:00,1,0,0.1135810638988468
2026-06-15 22:10:00+00:00,1,0,0.11807372774458147
2026-06-15 22:15:00+00:00,1,0,0.13019669111268856
2026-06-15 22:20:00+00:00,1,0,0.10338570466795567
2026-06-15 22:25:00+00:00,1,0,0.14031707918537942
2026-06-15 22:30:00+00:00,1,0,0.26471904327159723
2026-06-15 22:35:00+00:00,1,0,0.1406554644100898
2026-06-15 22:40:00+00:00,1,0,0.1364485595346288
2026-06-15 22:45:00+00:00,1,0,0.1366056254162047
2026-06-15 22:50:00+00:00,1,0,0.11269569614779715
2026-06-15 22:55:00+00:00,0,0,0.31251372388703247
2026-06-15 23:00:00+00:00,0,0,0.05621369740359425
2026-06-15 23:05:00+00:00,0,0,0.05989373665497959
2026-06-15 23:10:00+00:00,0,0,0.06019912828832972
2026-06-15 23:15:00+00:00,0,0,0.08135759007455307
2026-06-15 23:20:00+00:00,0,0,0.0653157646328016
2026-06-15 23:25:00+00:00,0,0,0.08646065264503608
2026-06-15 23:30:00+00:00,0,0,0.04656047145745355
2026-06-15 23:35:00+00:00,0,0,0.039859474746019356
2026-06-15 23:40:00+00:00,0,0,0.048898108533664345
2026-06-15 23:45:00+00:00,0,0,0.043754291920213094
2026-06-15 23:50:00+00:00,0,0,0.03931976392084019
2026-06-15 23:55:00+00:00,1,0,0.10442746724334281
2026-06-16 00:00:00+00:00,1,1,0.7216138555004589
2026-06-16 00:05:00+00:00,1,1,0.7158422812183084
2026-06-16 00:10:00+00:00,1,1,0.7152271569987916
2026-06-16 00:15:00+00:00,1,1,0.7040597028508493
2026-06-16 00:40:00+00:00,1,1,0.5938913076571649
2026-06-16 00:45:00+00:00,1,1,0.5667651611884901
2026-06-16 00:55:00+00:00,0,1,0.5485728371464824
2026-06-16 01:05:00+00:00,0,1,0.530374205938616
2026-06-16 01:10:00+00:00,0,1,0.5405892447489358
2026-06-16 01:15:00+00:00,0,0,0.48491360822737767
2026-06-16 01:20:00+00:00,0,0,0.47877833854762314
2026-06-16 01:25:00+00:00,0,1,0.5017698117791668
2026-06-16 01:30:00+00:00,0,0,0.4734387551870183
2026-06-16 01:35:00+00:00,0,0,0.45527375556649424
2026-06-16 01:40:00+00:00,0,0,0.47428309577682715
2026-06-16 01:45:00+00:00,0,0,0.4453171540684076
2026-06-16 01:50:00+00:00,0,0,0.476119197855458
2026-06-16 01:55:00+00:00,0,0,0.47531977571018147
2026-06-16 02:00:00+00:00,0,0,0.49394942235517175
2026-06-16 02:05:00+00:00,0,1,0.502170041861096
2026-06-16 02:10:00+00:00,0,0,0.4892270206401668
2026-06-16 02:15:00+00:00,0,0,0.498314985762316
2026-06-16 02:20:00+00:00,0,1,0.5075724503441887
2026-06-16 02:25:00+00:00,0,1,0.5387749605911444
2026-06-16 02:30:00+00:00,0,1,0.5407063993370467
2026-06-16 02:35:00+00:00,0,1,0.5534346870543624
2026-06-16 02:40:00+00:00,0,1,0.5100541325673574
2026-06-16 02:45:00+00:00,0,0,0.4774284872122949
2026-06-16 02:55:00+00:00,0,1,0.5608146856047982
2026-06-16 03:00:00+00:00,0,1,0.5474682396211819
2026-06-16 03:05:00+00:00,0,1,0.5157252705706988
2026-06-16 03:10:00+00:00,0,1,0.520296878108435
2026-06-16 03:15:00+00:00,0,1,0.511767293730883
2026-06-16 03:20:00+00:00,0,1,0.5854943869984394
2026-06-16 03:25:00+00:00,0,1,0.5739237706242175
2026-06-16 03:30:00+00:00,0,1,0.6912929368372526
2026-06-16 03:35:00+00:00,0,1,0.6864668052891502
2026-06-16 03:40:00+00:00,0,1,0.711434494033469
2026-06-16 03:45:00+00:00,0,1,0.6845481902082988
2026-06-16 03:50:00+00:00,0,1,0.6972392832197996
2026-06-16 03:55:00+00:00,0,1,0.6954462096296459
2026-06-16 04:00:00+00:00,1,1,0.6733522846266411
2026-06-16 04:05:00+00:00,1,1,0.5865501794528433
2026-06-16 04:10:00+00:00,1,1,0.5709316485694615
2026-06-16 04:15:00+00:00,1,1,0.5162050016540759
2026-06-16 04:20:00+00:00,1,1,0.5480013677712157
2026-06-16 04:30:00+00:00,0,1,0.5774502618247159
2026-06-16 04:35:00+00:00,0,1,0.5507660188061385
2026-06-16 04:55:00+00:00,0,1,0.6059390870281794
2026-06-16 05:00:00+00:00,0,1,0.5675475279369931
2026-06-16 05:05:00+00:00,0,1,0.5576250771313819
2026-06-16 05:10:00+00:00,0,1,0.5066856622534099
2026-06-16 05:15:00+00:00,1,1,0.5310064634453318
2026-06-16 05:25:00+00:00,1,1,0.5850604176228771
2026-06-16 05:30:00+00:00,1,1,0.5563671978986726
2026-06-16 05:35:00+00:00,1,1,0.5405320853667138
2026-06-16 05:40:00+00:00,1,1,0.6233959568340084
2026-06-16 05:45:00+00:00,1,1,0.5896687345713029
2026-06-16 05:50:00+00:00,1,1,0.5941690341675067
2026-06-16 05:55:00+00:00,1,1,0.5490595726526021
2026-06-16 06:00:00+00:00,1,1,0.5985904376998717
2026-06-16 06:05:00+00:00,1,1,0.6029544229912085
2026-06-16 06:10:00+00:00,1,1,0.5292201835053089
2026-06-16 06:15:00+00:00,1,1,0.524425908034918
2026-06-16 06:20:00+00:00,1,0,0.24723371438726646
2026-06-16 06:25:00+00:00,1,0,0.23047736463471133
2026-06-16 06:30:00+00:00,1,0,0.23397322983962113
2026-06-16 06:35:00+00:00,1,0,0.2670720785960953
2026-06-16 06:40:00+00:00,1,0,0.26817076862641503
2026-06-16 06:45:00+00:00,1,0,0.30138698684722914
2026-06-16 06:50:00+00:00,1,0,0.38494007413769404
2026-06-16 06:55:00+00:00,1,0,0.37077143269369345
2026-06-16 07:00:00+00:00,1,0,0.40683651945684596
2026-06-16 07:05:00+00:00,1,0,0.402952011797952
2026-06-16 07:15:00+00:00,0,0,0.3633429030263369
2026-06-16 07:20:00+00:00,0,0,0.3635633825915414
2026-06-16 07:25:00+00:00,0,0,0.32726202334333826
2026-06-16 07:30:00+00:00,0,0,0.31460731628817157
2026-06-16 07:35:00+00:00,0,0,0.3392889398344606
2026-06-16 07:40:00+00:00,0,0,0.35211619960489055
2026-06-16 07:50:00+00:00,1,0,0.39328336588026996
2026-06-16 07:55:00+00:00,1,0,0.3779750121467881
2026-06-16 08:25:00+00:00,0,0,0.4392343392783583
2026-06-16 08:30:00+00:00,0,0,0.44246988736180465
2026-06-16 08:35:00+00:00,0,0,0.4458856836679083
2026-06-16 08:40:00+00:00,0,0,0.39121222159425334
2026-06-16 08:45:00+00:00,0,0,0.4069031225673524
2026-06-16 08:50:00+00:00,0,0,0.40096897994955755
2026-06-16 08:55:00+00:00,0,0,0.39089325122302615
2026-06-16 09:00:00+00:00,0,0,0.3741200344231198
2026-06-16 09:05:00+00:00,0,0,0.43394331788384755
2026-06-16 09:10:00+00:00,1,0,0.40583575878372025
2026-06-16 09:15:00+00:00,1,0,0.44537706763300955
2026-06-16 09:20:00+00:00,1,0,0.45471881960763344
2026-06-16 09:25:00+00:00,1,1,0.5137528709340043
2026-06-16 09:30:00+00:00,1,1,0.5180122359540985
2026-06-16 09:35:00+00:00,1,0,0.48610476457240515
2026-06-16 09:40:00+00:00,1,0,0.43798167181679876
2026-06-16 09:45:00+00:00,1,0,0.4263168125356915
2026-06-16 09:50:00+00:00,1,0,0.47344099490541564
2026-06-16 09:55:00+00:00,1,0,0.4437847010271942
2026-06-16 10:10:00+00:00,0,0,0.3504535368224888
2026-06-16 10:15:00+00:00,0,0,0.42814247290040136
2026-06-16 10:20:00+00:00,0,0,0.4532926692407882
2026-06-16 10:30:00+00:00,0,0,0.4681567748894035
2026-06-16 10:55:00+00:00,1,1,0.5085291058156396
2026-06-16 11:00:00+00:00,1,1,0.5576834220264963
2026-06-16 11:05:00+00:00,1,1,0.5272983735813603
2026-06-16 11:10:00+00:00,1,1,0.5531983379989004
2026-06-16 11:15:00+00:00,1,0,0.49331604694040704
2026-06-16 11:20:00+00:00,1,1,0.5036962558667958
2026-06-16 11:25:00+00:00,1,1,0.5024594955486402
2026-06-16 11:30:00+00:00,1,0,0.49114028010188154
2026-06-16 11:40:00+00:00,1,0,0.4277218404150798
2026-06-16 11:45:00+00:00,1,0,0.4616632590506917
2026-06-16 11:50:00+00:00,1,0,0.4798282231047167
2026-06-16 11:55:00+00:00,1,0,0.4875840275711592
2026-06-16 12:00:00+00:00,1,0,0.4936553145783223
2026-06-16 12:15:00+00:00,0,1,0.5065171646923698
2026-06-16 12:20:00+00:00,0,1,0.515636281255119
2026-06-16 12:30:00+00:00,0,0,0.49187411978126344
2026-06-16 12:35:00+00:00,0,1,0.5704793751864067
2026-06-16 12:40:00+00:00,0,1,0.5339634233478793
2026-06-16 12:45:00+00:00,0,0,0.4641839789139908
2026-06-16 12:50:00+00:00,0,1,0.5027660765192031
2026-06-16 12:55:00+00:00,0,0,0.4707612725344195
2026-06-16 13:00:00+00:00,0,0,0.36118235348005656
2026-06-16 13:10:00+00:00,1,0,0.4410297753195703
2026-06-16 13:20:00+00:00,1,0,0.46875112123288953
2026-06-16 13:25:00+00:00,1,0,0.44058281877445066
2026-06-16 13:30:00+00:00,1,1,0.5079289092252675
2026-06-16 13:35:00+00:00,1,1,0.5081559523322972
2026-06-16 13:40:00+00:00,1,0,0.47416783471719964
2026-06-16 13:45:00+00:00,1,0,0.40627099530844624
2026-06-16 13:50:00+00:00,1,0,0.39847365916247335
2026-06-16 13:55:00+00:00,1,0,0.48970215088988744
2026-06-16 14:00:00+00:00,1,0,0.3968764646793921
2026-06-16 14:05:00+00:00,1,0,0.4030330674551809
2026-06-16 14:10:00+00:00,1,0,0.33966107725258277
2026-06-16 14:15:00+00:00,1,0,0.4055647509188946
2026-06-16 14:20:00+00:00,1,0,0.39364537568333474
2026-06-16 14:30:00+00:00,1,0,0.41478147440652435
2026-06-16 14:40:00+00:00,0,0,0.41415733009177724
2026-06-16 14:45:00+00:00,0,0,0.4187235983317104
2026-06-16 14:50:00+00:00,0,0,0.4094733680763201
2026-06-16 14:55:00+00:00,0,0,0.42216275095157485
2026-06-16 15:00:00+00:00,0,0,0.4435422822861778
2026-06-16 15:05:00+00:00,0,0,0.41477328309625694
2026-06-16 15:10:00+00:00,0,0,0.43155908914599395
2026-06-16 15:20:00+00:00,1,0,0.45343895732406386
2026-06-16 15:25:00+00:00,1,0,0.4955786242211611
2026-06-16 15:30:00+00:00,1,0,0.45920022385718867
2026-06-16 15:35:00+00:00,1,0,0.4866597734584833
2026-06-16 15:40:00+00:00,1,0,0.4641406340386157
2026-06-16 15:45:00+00:00,1,0,0.4598926428116418
2026-06-16 15:50:00+00:00,1,0,0.47812063526082815
2026-06-16 15:55:00+00:00,1,1,0.5177231903723903
2026-06-16 16:00:00+00:00,1,0,0.43588343816505526
2026-06-16 16:05:00+00:00,1,0,0.4211184345006433
2026-06-16 16:10:00+00:00,1,0,0.414442803394692
2026-06-16 16:15:00+00:00,1,0,0.40417331652386007
2026-06-16 16:20:00+00:00,1,0,0.312478726561636
2026-06-16 16:25:00+00:00,1,0,0.3837044391974982
2026-06-16 16:30:00+00:00,1,0,0.4458588120826079
2026-06-16 16:35:00+00:00,1,0,0.4752518771395346
2026-06-16 16:40:00+00:00,1,0,0.4238867869165368
2026-06-16 16:45:00+00:00,1,0,0.41196922028126187
2026-06-16 16:50:00+00:00,1,0,0.4110358243613765
2026-06-16 17:00:00+00:00,1,0,0.3377157208046526
2026-06-16 17:05:00+00:00,1,0,0.2322236621382495
2026-06-16 17:10:00+00:00,1,0,0.3988631439338643
2026-06-16 17:15:00+00:00,1,0,0.26841593807858355
2026-06-16 17:20:00+00:00,1,0,0.2762703877547171
2026-06-16 17:25:00+00:00,1,0,0.27825540175912034
2026-06-16 17:30:00+00:00,0,0,0.33468962808620306
2026-06-16 17:35:00+00:00,0,0,0.42358772196100297
2026-06-16 17:45:00+00:00,1,0,0.48028116582751496
2026-06-16 17:50:00+00:00,0,0,0.4690839294393588
2026-06-16 17:55:00+00:00,0,0,0.4170170896996399
2026-06-16 18:00:00+00:00,0,0,0.4169767173576206
2026-06-16 18:05:00+00:00,0,0,0.40981748262038803
2026-06-16 18:10:00+00:00,0,0,0.39133675977289806
2026-06-16 18:15:00+00:00,0,0,0.4074346641027373
2026-06-16 18:20:00+00:00,0,0,0.4352469674582194
2026-06-16 18:25:00+00:00,0,1,0.5198435670648828
2026-06-16 18:30:00+00:00,0,1,0.5350252402463193
2026-06-16 18:35:00+00:00,0,0,0.4803911957927478
2026-06-16 18:40:00+00:00,0,1,0.5143855327390564
2026-06-16 18:45:00+00:00,0,0,0.493369830393931
2026-06-16 18:50:00+00:00,1,1,0.6781975012543058
2026-06-16 19:00:00+00:00,1,1,0.6208331080979507
2026-06-16 19:05:00+00:00,1,1,0.6585135329527319
2026-06-16 19:10:00+00:00,1,1,0.6766339163679398
2026-06-16 19:15:00+00:00,1,1,0.7316029646943507
2026-06-16 19:20:00+00:00,1,1,0.6737688504770307
2026-06-16 19:25:00+00:00,1,1,0.6782178117381648
2026-06-16 19:30:00+00:00,1,1,0.6285174241616183
2026-06-16 19:35:00+00:00,1,1,0.5866926822490275
2026-06-16 19:40:00+00:00,1,1,0.5750861140976088
2026-06-16 19:45:00+00:00,1,1,0.5946555440163932
2026-06-16 19:50:00+00:00,1,1,0.5847877776643156
2026-06-16 19:55:00+00:00,1,1,0.6029866959285427
2026-06-16 20:00:00+00:00,1,1,0.5903543704884767
2026-06-16 20:05:00+00:00,1,1,0.5949179203581837
2026-06-16 20:10:00+00:00,1,1,0.5744367613484754
2026-06-16 20:15:00+00:00,1,1,0.5717827030069483
2026-06-16 20:25:00+00:00,1,0,0.3775405678334621
2026-06-16 20:30:00+00:00,1,1,0.5133098532873808
2026-06-16 20:35:00+00:00,1,1,0.564191527621528
2026-06-16 20:40:00+00:00,1,0,0.45832986364510714
2026-06-16 20:45:00+00:00,1,1,0.5721522659651039
2026-06-16 20:50:00+00:00,1,0,0.4080166739097427
2026-06-16 21:00:00+00:00,0,1,0.562851742913738
2026-06-16 21:05:00+00:00,0,0,0.4806951118305698
2026-06-16 21:10:00+00:00,0,0,0.4301701206632006
2026-06-16 21:15:00+00:00,0,0,0.3951655915501086
2026-06-16 21:20:00+00:00,0,0,0.4305864320978236
2026-06-16 21:25:00+00:00,0,0,0.4758321361614362
2026-06-16 21:30:00+00:00,0,0,0.48284215705035605
2026-06-16 21:35:00+00:00,0,0,0.4892958683622001
2026-06-16 21:55:00+00:00,1,1,0.5359481373545096
2026-06-16 22:00:00+00:00,1,1,0.5681442470712122
2026-06-16 22:05:00+00:00,1,1,0.552848153591881
2026-06-16 22:10:00+00:00,1,1,0.5892969386551362
2026-06-16 22:15:00+00:00,1,1,0.5075414582434097
2026-06-16 22:20:00+00:00,1,1,0.5153441361761152
2026-06-16 22:25:00+00:00,1,1,0.5727837750266829
2026-06-16 22:30:00+00:00,1,1,0.5588525289944344
2026-06-16 22:35:00+00:00,1,0,0.3725824827308022
2026-06-16 22:40:00+00:00,1,0,0.3214224980333111
2026-06-16 22:45:00+00:00,1,0,0.3295515842830102
2026-06-16 22:50:00+00:00,1,0,0.22053408789207304
2026-06-16 22:55:00+00:00,0,0,0.2863603412858466
2026-06-16 23:00:00+00:00,0,0,0.05489955493428577
2026-06-16 23:05:00+00:00,0,0,0.05671571971639889
2026-06-16 23:10:00+00:00,0,0,0.058732426308998185
2026-06-16 23:15:00+00:00,0,0,0.05871649097319222
2026-06-16 23:20:00+00:00,0,0,0.060345481431074474
2026-06-16 23:25:00+00:00,0,0,0.06288632398443927
2026-06-16 23:30:00+00:00,0,0,0.049737963764552875
2026-06-16 23:35:00+00:00,0,0,0.06772491331512077
2026-06-16 23:40:00+00:00,0,0,0.0682699013320559
2026-06-16 23:45:00+00:00,0,0,0.06860295471216156
2026-06-16 23:50:00+00:00,0,0,0.08357032239519122
2026-06-16 23:55:00+00:00,1,1,0.5642942912683233
2026-06-17 00:00:00+00:00,1,1,0.8914251520972135
2026-06-17 00:05:00+00:00,1,1,0.8452244002337372
2026-06-17 00:10:00+00:00,1,1,0.8079395238995192
2026-06-17 00:15:00+00:00,1,1,0.8485683344485939
2026-06-17 00:25:00+00:00,1,1,0.8351222760139729
2026-06-17 00:30:00+00:00,1,1,0.7854576843713401
2026-06-17 00:45:00+00:00,0,1,0.5703366810209611
2026-06-17 00:50:00+00:00,1,1,0.7446525326506194
2026-06-17 01:00:00+00:00,0,1,0.585802916899528
2026-06-17 01:05:00+00:00,0,1,0.5526856453961453
2026-06-17 01:10:00+00:00,0,1,0.5894063224531141
2026-06-17 01:15:00+00:00,0,1,0.5995669198596957
2026-06-17 01:20:00+00:00,0,1,0.6300692106212086
2026-06-17 01:25:00+00:00,0,1,0.5575886967126215
2026-06-17 01:30:00+00:00,0,1,0.5476906784907644
2026-06-17 01:35:00+00:00,0,1,0.5379885866944948
2026-06-17 01:40:00+00:00,0,1,0.5256870190043822
2026-06-17 01:45:00+00:00,0,1,0.5914940400637073
2026-06-17 01:55:00+00:00,1,1,0.5895299735822199
2026-06-17 02:00:00+00:00,1,1,0.6036075276725658
2026-06-17 02:05:00+00:00,1,1,0.5860410402614017
2026-06-17 02:10:00+00:00,1,1,0.6300859608576634
2026-06-17 02:15:00+00:00,0,1,0.5244484706699563
2026-06-17 02:20:00+00:00,0,1,0.5217139234698336
2026-06-17 02:25:00+00:00,0,1,0.5177929829622555
2026-06-17 02:30:00+00:00,0,1,0.5227732029628991
2026-06-17 02:35:00+00:00,0,1,0.5763664116411717
2026-06-17 02:40:00+00:00,0,1,0.6422998017828982
2026-06-17 02:45:00+00:00,0,1,0.6383659935328769
2026-06-17 02:50:00+00:00,0,1,0.5199140644347932
2026-06-17 02:55:00+00:00,0,1,0.5917035597638375
2026-06-17 03:00:00+00:00,0,1,0.6016519317244938
2026-06-17 03:05:00+00:00,0,1,0.6228340217715389
2026-06-17 03:10:00+00:00,0,1,0.6662244019499808
2026-06-17 03:15:00+00:00,0,1,0.5873125032937809
2026-06-17 03:20:00+00:00,0,1,0.6149085134448602
2026-06-17 03:25:00+00:00,0,1,0.6060325638750107
2026-06-17 03:30:00+00:00,0,1,0.6849874469350153
2026-06-17 03:35:00+00:00,0,1,0.6654464587609329
2026-06-17 03:40:00+00:00,0,1,0.7027342214627329
2026-06-17 03:45:00+00:00,0,1,0.6435897800989338
2026-06-17 03:50:00+00:00,0,1,0.6393652696000738
2026-06-17 04:00:00+00:00,0,1,0.7469472255472657
2026-06-17 04:15:00+00:00,0,1,0.7282958279372926
2026-06-17 04:20:00+00:00,0,1,0.7183247522765297
2026-06-17 04:35:00+00:00,1,1,0.7229915771364928
2026-06-17 04:45:00+00:00,0,1,0.743445654971413
2026-06-17 04:50:00+00:00,0,1,0.7250773852830233
2026-06-17 04:55:00+00:00,0,1,0.7208463815351424
2026-06-17 05:00:00+00:00,0,1,0.7343181022224431
2026-06-17 05:05:00+00:00,0,1,0.7211831351679497
2026-06-17 05:15:00+00:00,1,1,0.7801058262414744
2026-06-17 05:35:00+00:00,0,1,0.7159456155756059
2026-06-17 05:40:00+00:00,0,1,0.7270530881162919
2026-06-17 05:45:00+00:00,0,1,0.7680513417851105
2026-06-17 05:55:00+00:00,0,1,0.7937736396436283
2026-06-17 06:00:00+00:00,0,1,0.7908409221984931
2026-06-17 06:05:00+00:00,0,1,0.7855330894054766
2026-06-17 06:10:00+00:00,0,1,0.7866534773392394
2026-06-17 06:15:00+00:00,0,1,0.7322662880446142
2026-06-17 06:20:00+00:00,0,1,0.7403569353526869
2026-06-17 06:25:00+00:00,0,1,0.7403569353526869
2026-06-17 06:30:00+00:00,0,1,0.7232139057294443
2026-06-17 06:35:00+00:00,0,1,0.7913361849578051
2026-06-17 06:40:00+00:00,0,1,0.8057528918617978
2026-06-17 06:45:00+00:00,0,1,0.8025609824499259
2026-06-17 06:50:00+00:00,0,1,0.7344907649064729
2026-06-17 06:55:00+00:00,0,1,0.7344907649064729
2026-06-17 07:00:00+00:00,0,1,0.8070116403669567
2026-06-17 07:05:00+00:00,0,1,0.8046734186810608
2026-06-17 07:15:00+00:00,0,1,0.7418856839833111
2026-06-17 07:20:00+00:00,0,1,0.7373019684247684
2026-06-17 07:25:00+00:00,0,1,0.7745513470205803
2026-06-17 07:30:00+00:00,0,1,0.7942662542761308
2026-06-17 07:35:00+00:00,1,1,0.7998288890812756
2026-06-17 07:40:00+00:00,1,1,0.7644384999257854
2026-06-17 07:45:00+00:00,1,1,0.7887503330157154
2026-06-17 07:50:00+00:00,1,1,0.7513577039476669
2026-06-17 07:55:00+00:00,1,1,0.747619493461295
2026-06-17 08:00:00+00:00,1,1,0.7459993580706124
2026-06-17 08:05:00+00:00,1,1,0.742007047117308
2026-06-17 08:10:00+00:00,1,1,0.7407768182951169
2026-06-17 08:15:00+00:00,1,1,0.7452585905454548
2026-06-17 08:20:00+00:00,1,1,0.7773091375251411
2026-06-17 08:25:00+00:00,1,1,0.7320329969604926
2026-06-17 08:35:00+00:00,0,1,0.7474699149893528
2026-06-17 08:40:00+00:00,0,1,0.7710872191247972
2026-06-17 08:45:00+00:00,0,1,0.6834155136303943
2026-06-17 08:50:00+00:00,0,1,0.7450253002024068
2026-06-17 08:55:00+00:00,0,1,0.6144557761964647
2026-06-17 09:00:00+00:00,0,1,0.6105402797708817
2026-06-17 09:05:00+00:00,0,1,0.5935109950065598
2026-06-17 09:10:00+00:00,0,1,0.7527053824023446
2026-06-17 09:15:00+00:00,0,1,0.7013253932488276
2026-06-17 09:20:00+00:00,0,1,0.713183649004416
2026-06-17 09:25:00+00:00,0,1,0.617210509367029
2026-06-17 09:30:00+00:00,1,1,0.7472357716240479
2026-06-17 09:35:00+00:00,0,1,0.7514431604178794
2026-06-17 09:40:00+00:00,0,1,0.7434734104598796
2026-06-17 09:45:00+00:00,0,1,0.7561810638139949
2026-06-17 09:50:00+00:00,0,1,0.7402635934712212
2026-06-17 09:55:00+00:00,0,1,0.776621079779098
2026-06-17 10:00:00+00:00,0,1,0.778096360111788
2026-06-17 10:05:00+00:00,0,1,0.767324318761825
2026-06-17 10:10:00+00:00,0,1,0.7569672660987161
2026-06-17 10:15:00+00:00,0,1,0.7569225954013501
2026-06-17 10:20:00+00:00,0,1,0.753893761086969
2026-06-17 10:25:00+00:00,0,1,0.7345868172864152
2026-06-17 10:30:00+00:00,0,1,0.6234440093451061
2026-06-17 10:35:00+00:00,0,1,0.7730055723087541
2026-06-17 10:40:00+00:00,0,1,0.7583431359234297
2026-06-17 10:45:00+00:00,0,1,0.7322612812787035
2026-06-17 10:55:00+00:00,1,1,0.7819290203865169
2026-06-17 11:00:00+00:00,1,1,0.785729526033016
2026-06-17 11:05:00+00:00,1,1,0.7520140398171371
2026-06-17 11:10:00+00:00,1,1,0.7158096580765005
2026-06-17 11:15:00+00:00,0,1,0.5523998484407551
2026-06-17 11:20:00+00:00,0,1,0.5713741668402866
2026-06-17 11:25:00+00:00,0,1,0.5897529219500923
2026-06-17 11:35:00+00:00,1,1,0.6507538364225609
2026-06-17 11:40:00+00:00,1,1,0.6454180571433489
2026-06-17 11:45:00+00:00,1,1,0.698581856573271
2026-06-17 11:55:00+00:00,0,1,0.5924356850840237
2026-06-17 12:15:00+00:00,1,1,0.6012876617978581
2026-06-17 12:20:00+00:00,1,1,0.6426647226060263
2026-06-17 12:25:00+00:00,1,1,0.6369258900219863
2026-06-17 12:30:00+00:00,1,1,0.5912971412009628
2026-06-17 12:35:00+00:00,1,1,0.5992006436408568
2026-06-17 12:45:00+00:00,1,1,0.5534199846921901
2026-06-17 12:50:00+00:00,1,1,0.5430157817335323
2026-06-17 12:55:00+00:00,1,1,0.6044400456270395
2026-06-17 13:00:00+00:00,1,1,0.6084095168452686
2026-06-17 13:05:00+00:00,1,1,0.5917338697323354
2026-06-17 13:10:00+00:00,1,1,0.5626919601870939
2026-06-17 13:15:00+00:00,1,1,0.5885442170749606
2026-06-17 13:20:00+00:00,1,1,0.5844229592396726
2026-06-17 13:25:00+00:00,1,1,0.582398836323521
2026-06-17 13:30:00+00:00,1,1,0.5534694265853187
2026-06-17 13:35:00+00:00,1,1,0.5464365052366527
2026-06-17 13:40:00+00:00,1,1,0.5510686228453073
2026-06-17 13:45:00+00:00,1,1,0.5768286162898867
2026-06-17 13:50:00+00:00,1,1,0.579021055543668
2026-06-17 13:55:00+00:00,1,0,0.47760465190919765
2026-06-17 14:00:00+00:00,1,0,0.45772424297216596
2026-06-17 14:05:00+00:00,1,0,0.42376975621454
2026-06-17 14:10:00+00:00,1,0,0.38571369980726206
2026-06-17 14:15:00+00:00,1,0,0.36669816371674024
2026-06-17 14:25:00+00:00,1,0,0.3998003765086914
2026-06-17 14:35:00+00:00,0,0,0.44732265005094585
2026-06-17 14:40:00+00:00,0,0,0.4808074103269158
2026-06-17 14:45:00+00:00,0,1,0.5171857965690604
2026-06-17 14:50:00+00:00,0,1,0.5282884688245953
2026-06-17 14:55:00+00:00,0,1,0.5583489019886523
2026-06-17 15:00:00+00:00,0,1,0.5170596028290929
2026-06-17 15:05:00+00:00,0,1,0.529422351266488
2026-06-17 15:10:00+00:00,0,0,0.44214216351414387
2026-06-17 15:15:00+00:00,0,0,0.45397380264777243
2026-06-17 15:35:00+00:00,1,1,0.6515779171480874
2026-06-17 15:40:00+00:00,1,1,0.6447229086551108
2026-06-17 15:45:00+00:00,0,1,0.6421097212770474
2026-06-17 15:50:00+00:00,0,1,0.6984851367162271
2026-06-17 15:55:00+00:00,0,1,0.6917588053508101
2026-06-17 16:00:00+00:00,0,1,0.6869522007826289
2026-06-17 16:05:00+00:00,0,1,0.6938541774896534
2026-06-17 16:10:00+00:00,0,1,0.6951122441679565
2026-06-17 16:25:00+00:00,0,1,0.6467232109557328
2026-06-17 16:30:00+00:00,0,1,0.5200605321307518
2026-06-17 16:35:00+00:00,0,1,0.6647654885935104
2026-06-17 16:40:00+00:00,0,1,0.6709965953992183
2026-06-17 16:45:00+00:00,1,1,0.7316093474246824
2026-06-17 16:50:00+00:00,1,1,0.7075044538897296
2026-06-17 16:55:00+00:00,1,1,0.7455176108866972
2026-06-17 17:00:00+00:00,1,1,0.710655502992537
2026-06-17 17:05:00+00:00,1,1,0.6950726916025664
2026-06-17 17:10:00+00:00,1,1,0.6516961132326383
2026-06-17 17:25:00+00:00,0,1,0.6884116400746496
2026-06-17 17:30:00+00:00,0,1,0.6864266416114275
2026-06-17 17:45:00+00:00,0,1,0.6421731274612407
2026-06-17 17:50:00+00:00,0,1,0.506591401143949
2026-06-17 17:55:00+00:00,0,1,0.504138751450868
2026-06-17 18:00:00+00:00,0,1,0.5775292804632498
2026-06-17 18:05:00+00:00,0,1,0.5796993741758656
2026-06-17 18:10:00+00:00,0,1,0.6024175978897449
2026-06-17 18:15:00+00:00,0,1,0.6461453147565129
2026-06-17 18:20:00+00:00,0,1,0.6377913724025156
2026-06-17 18:25:00+00:00,0,1,0.7124234473079545
2026-06-17 18:35:00+00:00,0,1,0.6608274885218351
2026-06-17 18:40:00+00:00,0,1,0.6395865409946275
2026-06-17 18:45:00+00:00,0,1,0.6726121866934557
2026-06-17 18:50:00+00:00,0,1,0.6561277442480036
2026-06-17 18:55:00+00:00,0,1,0.6595888315426058
2026-06-17 19:00:00+00:00,0,1,0.6895708958103125
2026-06-17 19:10:00+00:00,0,1,0.7228462957329163
2026-06-17 19:55:00+00:00,0,1,0.7286437160237574
2026-06-17 20:00:00+00:00,1,1,0.7290768326496756
2026-06-17 20:05:00+00:00,1,1,0.715299171584649
2026-06-17 20:10:00+00:00,1,1,0.7103235693079841
2026-06-17 20:15:00+00:00,1,1,0.6348253476016258
2026-06-17 20:20:00+00:00,1,1,0.7166920872125047
2026-06-17 20:25:00+00:00,1,1,0.7044044399273445
2026-06-17 20:30:00+00:00,1,1,0.6948470836471408
2026-06-17 20:35:00+00:00,1,1,0.7043864135956278
2026-06-17 20:40:00+00:00,1,1,0.6147472422293262
2026-06-17 20:45:00+00:00,1,1,0.6976515168968956
2026-06-17 20:50:00+00:00,1,1,0.6993244580654105
2026-06-17 20:55:00+00:00,1,1,0.6027951562953151
2026-06-17 21:00:00+00:00,1,0,0.4789422580321991
2026-06-17 21:05:00+00:00,1,0,0.460974244856741
2026-06-17 21:10:00+00:00,1,1,0.5524418612253778
2026-06-17 21:15:00+00:00,1,1,0.5119776664934302
2026-06-17 21:20:00+00:00,1,1,0.5359883622553032
2026-06-17 21:25:00+00:00,1,1,0.5425799876323815
2026-06-17 21:30:00+00:00,1,0,0.3927237569184811
2026-06-17 21:35:00+00:00,1,0,0.45844341040462433
2026-06-17 21:40:00+00:00,1,1,0.521715925420985
2026-06-17 21:45:00+00:00,1,0,0.4115597552815845
2026-06-17 21:50:00+00:00,1,0,0.4215272060452863
2026-06-17 21:55:00+00:00,1,0,0.46115191371956227
2026-06-17 22:00:00+00:00,1,0,0.41216829269438804
2026-06-17 22:05:00+00:00,1,0,0.3354370679905806
2026-06-17 22:10:00+00:00,1,0,0.3227081275607137
2026-06-17 22:15:00+00:00,1,0,0.3795710749680411
2026-06-17 22:20:00+00:00,1,0,0.3559109120200434
2026-06-17 22:30:00+00:00,0,0,0.3141234409584783
2026-06-17 22:35:00+00:00,0,0,0.3000814635754218
2026-06-17 22:40:00+00:00,0,0,0.33101289687592605
2026-06-17 22:45:00+00:00,0,0,0.29642808083470407
2026-06-17 22:50:00+00:00,0,0,0.2897115382976595
2026-06-17 22:55:00+00:00,0,0,0.29623321414469006
2026-06-17 23:00:00+00:00,0,0,0.1657646071600897
2026-06-17 23:05:00+00:00,0,0,0.18791375557205015
2026-06-17 23:10:00+00:00,0,0,0.14493309763917284
2026-06-17 23:15:00+00:00,0,0,0.15732756379361992
2026-06-17 23:20:00+00:00,0,0,0.15640983715221773
2026-06-17 23:25:00+00:00,0,0,0.1776063856757576
2026-06-17 23:30:00+00:00,0,0,0.13199490346191584
2026-06-17 23:35:00+00:00,0,0,0.1438038384272863
2026-06-17 23:40:00+00:00,0,0,0.1334044015265303
2026-06-17 23:45:00+00:00,0,0,0.16695664732056326
2026-06-17 23:50:00+00:00,0,0,0.15914976608510092
2026-06-17 23:55:00+00:00,0,0,0.1604710998571791
2026-06-18 00:05:00+00:00,0,1,0.5954594402943101
2026-06-18 00:20:00+00:00,1,1,0.5494854361090272
2026-06-18 00:25:00+00:00,1,1,0.6188823793156936
2026-06-18 00:30:00+00:00,1,1,0.519795710514835
2026-06-18 00:35:00+00:00,1,1,0.5639570210833736
2026-06-18 00:40:00+00:00,1,1,0.5606058342754247
2026-06-18 00:45:00+00:00,1,1,0.5509089526578617
2026-06-18 00:50:00+00:00,1,1,0.7323005718228849
2026-06-18 00:55:00+00:00,1,1,0.8785696985160665
2026-06-18 01:10:00+00:00,0,0,0.4282116378735223
2026-06-18 01:15:00+00:00,0,0,0.4428287031535939
2026-06-18 01:20:00+00:00,0,1,0.5095568395904543
2026-06-18 01:25:00+00:00,0,1,0.5102561423250305
2026-06-18 01:30:00+00:00,0,1,0.5126520654224987
2026-06-18 01:35:00+00:00,0,1,0.5205147265820143
2026-06-18 01:40:00+00:00,0,0,0.47534344004098233
2026-06-18 01:45:00+00:00,0,0,0.4640662377330475
2026-06-18 01:50:00+00:00,0,1,0.5690952918813786
2026-06-18 02:00:00+00:00,0,0,0.4179682631271481
2026-06-18 02:10:00+00:00,1,1,0.6080879736356248
2026-06-18 02:15:00+00:00,1,1,0.6070594713234164
2026-06-18 02:20:00+00:00,1,1,0.6075525472217539
2026-06-18 02:25:00+00:00,1,1,0.5462612661019217
2026-06-18 02:30:00+00:00,1,1,0.532859839502967
2026-06-18 02:35:00+00:00,1,1,0.5329313953114693
2026-06-18 02:40:00+00:00,1,1,0.589749668184795
2026-06-18 02:45:00+00:00,1,1,0.5438753535383453
2026-06-18 02:50:00+00:00,1,1,0.5251329296856087
2026-06-18 02:55:00+00:00,1,1,0.5135096987737935
2026-06-18 03:00:00+00:00,1,1,0.6484411119959904
2026-06-18 03:05:00+00:00,1,1,0.5426755986218676
2026-06-18 03:10:00+00:00,1,1,0.5538503103766772
2026-06-18 03:15:00+00:00,1,1,0.5318762684983867
2026-06-18 03:20:00+00:00,1,1,0.5438278145199246
2026-06-18 03:25:00+00:00,1,1,0.5308248237694696
2026-06-18 03:30:00+00:00,1,1,0.532301253896004
2026-06-18 03:40:00+00:00,0,1,0.5347243847246856
2026-06-18 03:45:00+00:00,0,1,0.5239211064156017
2026-06-18 03:50:00+00:00,0,0,0.47728477490200466
2026-06-18 03:55:00+00:00,0,1,0.5779686217932738
2026-06-18 04:00:00+00:00,0,1,0.5263239394601501
2026-06-18 04:05:00+00:00,0,1,0.5253266985122498
2026-06-18 04:10:00+00:00,0,1,0.5253266985122498
2026-06-18 04:15:00+00:00,0,1,0.5222637878269346
2026-06-18 04:20:00+00:00,0,1,0.5370809835947579
2026-06-18 04:25:00+00:00,0,1,0.5276673697999429
2026-06-18 04:30:00+00:00,0,1,0.5280108006113589
2026-06-18 04:35:00+00:00,0,1,0.5275288706453086
2026-06-18 04:40:00+00:00,0,1,0.5687077884070826
2026-06-18 04:45:00+00:00,0,1,0.5457651436619905
2026-06-18 04:50:00+00:00,0,1,0.604221216247209
2026-06-18 04:55:00+00:00,0,1,0.5765019793715797
2026-06-18 05:00:00+00:00,0,1,0.5680955265786996
2026-06-18 05:05:00+00:00,0,1,0.5024908593733064
2026-06-18 05:10:00+00:00,0,1,0.6679882353668045
2026-06-18 05:15:00+00:00,0,1,0.5965371443704418
2026-06-18 05:20:00+00:00,0,1,0.5934130169780277
2026-06-18 05:25:00+00:00,0,1,0.6247397883623834
2026-06-18 05:30:00+00:00,0,1,0.6377617613172728
2026-06-18 05:35:00+00:00,0,1,0.6064601171469292
2026-06-18 05:40:00+00:00,1,1,0.672474462805075
2026-06-18 06:00:00+00:00,0,1,0.6112658805142578
2026-06-18 06:05:00+00:00,0,1,0.5791606108175574
2026-06-18 06:15:00+00:00,1,1,0.598358940803078
2026-06-18 06:20:00+00:00,1,1,0.6053738244415986
2026-06-18 06:25:00+00:00,1,1,0.5899498989738304
2026-06-18 06:30:00+00:00,1,1,0.5813070038624308
2026-06-18 06:35:00+00:00,1,0,0.4989019293005572
2026-06-18 06:45:00+00:00,1,1,0.5012144640938367
2026-06-18 06:50:00+00:00,1,1,0.5030147752112509
2026-06-18 06:55:00+00:00,1,0,0.49232821015469713
2026-06-18 07:00:00+00:00,1,1,0.5043241915193154
2026-06-18 07:05:00+00:00,1,1,0.5116363962932905
2026-06-18 07:15:00+00:00,0,0,0.4411400319559317
2026-06-18 07:20:00+00:00,0,0,0.37277421045264836
2026-06-18 07:25:00+00:00,0,0,0.3608754659400478
2026-06-18 07:30:00+00:00,0,0,0.39981387523621137
2026-06-18 07:35:00+00:00,0,0,0.3959299081982765
2026-06-18 07:40:00+00:00,1,0,0.43466309510228507
2026-06-18 07:45:00+00:00,1,0,0.3847976035922812
2026-06-18 07:50:00+00:00,1,0,0.37593387749588275
2026-06-18 07:55:00+00:00,1,0,0.3761559194588966
2026-06-18 08:00:00+00:00,1,0,0.4438715081957994
2026-06-18 08:05:00+00:00,1,0,0.3832555325956202
2026-06-18 08:10:00+00:00,1,0,0.4039646299893947
2026-06-18 08:15:00+00:00,1,0,0.43138305039264246
2026-06-18 08:20:00+00:00,1,0,0.3832555325956202
2026-06-18 08:25:00+00:00,1,0,0.354186594065779
2026-06-18 08:30:00+00:00,1,0,0.3519517435428823
2026-06-18 08:35:00+00:00,1,0,0.39135721015864394
2026-06-18 08:40:00+00:00,1,0,0.3798762475261297
2026-06-18 08:45:00+00:00,1,0,0.35489907344043287
2026-06-18 08:50:00+00:00,1,0,0.3160400887778508
2026-06-18 08:55:00+00:00,0,0,0.32038236590150304
2026-06-18 09:00:00+00:00,1,0,0.4333155993345573
2026-06-18 09:05:00+00:00,0,0,0.3872752038497403
2026-06-18 09:10:00+00:00,0,0,0.3976919419973555
2026-06-18 09:15:00+00:00,0,0,0.34634280083900787
2026-06-18 09:20:00+00:00,0,0,0.33859190394523436
2026-06-18 09:25:00+00:00,0,0,0.3775655406467409
2026-06-18 09:35:00+00:00,0,0,0.3681306785768554
2026-06-18 09:40:00+00:00,0,0,0.46237578027851983
2026-06-18 09:45:00+00:00,0,0,0.41389778085334017
2026-06-18 09:50:00+00:00,0,1,0.512532201393058
2026-06-18 09:55:00+00:00,0,1,0.6466497562502117
2026-06-18 10:00:00+00:00,0,1,0.6661836035906378
2026-06-18 10:05:00+00:00,1,1,0.6715656623874965
2026-06-18 10:10:00+00:00,1,1,0.685598916705356
2026-06-18 10:15:00+00:00,1,1,0.6838285409939404
2026-06-18 10:20:00+00:00,1,1,0.6458629752450291
2026-06-18 10:25:00+00:00,1,1,0.6785385169824999
2026-06-18 10:35:00+00:00,1,1,0.5687329747085063
2026-06-18 10:40:00+00:00,1,1,0.7086841380487343
2026-06-18 10:45:00+00:00,1,1,0.6249776314900145
2026-06-18 10:50:00+00:00,1,1,0.6334984801915619
2026-06-18 10:55:00+00:00,1,1,0.6784881691018556
2026-06-18 11:00:00+00:00,1,1,0.6605879815415945
2026-06-18 11:05:00+00:00,1,1,0.6539371810723995
2026-06-18 11:10:00+00:00,1,1,0.6289031324419774
2026-06-18 11:15:00+00:00,1,1,0.628192737251068
2026-06-18 11:20:00+00:00,1,1,0.6340857416493411
2026-06-18 11:25:00+00:00,1,1,0.6222572106674584
2026-06-18 11:30:00+00:00,1,1,0.6077221520290114
2026-06-18 11:35:00+00:00,1,1,0.6006190888892468
2026-06-18 11:40:00+00:00,1,1,0.540702785979582
2026-06-18 11:45:00+00:00,1,1,0.6169291576083563
2026-06-18 11:50:00+00:00,1,1,0.5459355467619471
2026-06-18 11:55:00+00:00,1,0,0.48361167586756015
2026-06-18 12:00:00+00:00,1,0,0.44617415043835346
2026-06-18 12:05:00+00:00,1,0,0.33089523659634984
2026-06-18 12:10:00+00:00,1,0,0.34191797464781154
2026-06-18 12:15:00+00:00,1,0,0.3349387494289609
2026-06-18 12:20:00+00:00,1,0,0.3373356763439161
2026-06-18 12:25:00+00:00,1,0,0.3657891852629654
2026-06-18 12:30:00+00:00,1,0,0.32710342604619946
2026-06-18 12:35:00+00:00,1,0,0.3529246530278802
2026-06-18 12:40:00+00:00,1,0,0.3903286850989949
2026-06-18 12:45:00+00:00,1,0,0.35962007158462134
2026-06-18 12:50:00+00:00,1,0,0.39818413001425296
2026-06-18 12:55:00+00:00,1,0,0.35095498981100876
2026-06-18 13:00:00+00:00,1,0,0.3192606705981373
2026-06-18 13:05:00+00:00,1,0,0.4232800422760321
2026-06-18 13:10:00+00:00,1,0,0.42082167187066455
2026-06-18 13:15:00+00:00,1,0,0.4442056907661782
2026-06-18 13:20:00+00:00,1,0,0.4490492002878591
2026-06-18 13:25:00+00:00,1,0,0.4168650019845338
2026-06-18 13:30:00+00:00,1,0,0.470249001730894
2026-06-18 13:35:00+00:00,1,0,0.4696716518593953
2026-06-18 13:40:00+00:00,1,0,0.43882740459124825
2026-06-18 14:05:00+00:00,0,0,0.3263458604547864
2026-06-18 14:10:00+00:00,0,0,0.363163942735242
2026-06-18 14:15:00+00:00,0,0,0.36482837108087823
2026-06-18 14:20:00+00:00,0,0,0.4119396015429117
2026-06-18 14:25:00+00:00,0,0,0.41484999681499307
2026-06-18 14:40:00+00:00,0,0,0.45276572868956366
2026-06-18 14:45:00+00:00,0,0,0.45782954175817697
2026-06-18 14:50:00+00:00,0,0,0.4628878349100738
2026-06-18 14:55:00+00:00,0,0,0.46842836692539547
2026-06-18 15:00:00+00:00,0,0,0.42987522150213303
2026-06-18 15:05:00+00:00,0,0,0.4511543003217731
2026-06-18 15:10:00+00:00,0,0,0.4692947386079109
2026-06-18 15:15:00+00:00,0,1,0.5118110318821171
2026-06-18 15:20:00+00:00,1,0,0.48560377700935764
2026-06-18 15:25:00+00:00,0,1,0.519776264483712
2026-06-18 15:30:00+00:00,0,1,0.5186213592474308
2026-06-18 15:35:00+00:00,0,0,0.49685240230631855
2026-06-18 15:40:00+00:00,0,0,0.4843679367022078
2026-06-18 15:45:00+00:00,0,0,0.4978439162653264
2026-06-18 15:50:00+00:00,0,0,0.4946294067164547
2026-06-18 16:00:00+00:00,0,1,0.5272184492005861
2026-06-18 16:05:00+00:00,0,1,0.502791087671333
2026-06-18 16:20:00+00:00,0,1,0.535731809432336
2026-06-18 16:25:00+00:00,1,1,0.5716096537405354
2026-06-18 16:30:00+00:00,1,1,0.578727487675238
2026-06-18 16:35:00+00:00,1,1,0.5849034432198372
2026-06-18 16:40:00+00:00,1,1,0.5479304775554095
2026-06-18 16:45:00+00:00,1,1,0.571296802575917
2026-06-18 16:50:00+00:00,0,1,0.5216569376309499
2026-06-18 16:55:00+00:00,0,1,0.5033171382897466
2026-06-18 17:05:00+00:00,0,1,0.5106324080194998
2026-06-18 17:10:00+00:00,1,1,0.5660887565150694
2026-06-18 17:15:00+00:00,1,1,0.5685549532539367
2026-06-18 17:20:00+00:00,1,1,0.6165632001941805
2026-06-18 17:25:00+00:00,1,1,0.5572038313258608
2026-06-18 17:30:00+00:00,1,1,0.5643149569875092
2026-06-18 17:35:00+00:00,1,1,0.5886237198580593
2026-06-18 17:40:00+00:00,1,1,0.5761436518187003
2026-06-18 17:45:00+00:00,1,1,0.5859832665336098
2026-06-18 17:50:00+00:00,1,1,0.646690446999845
2026-06-18 17:55:00+00:00,1,1,0.6163051743574067
2026-06-18 18:00:00+00:00,1,1,0.5614274664743923
2026-06-18 18:05:00+00:00,1,1,0.5557855851041629
2026-06-18 18:10:00+00:00,1,1,0.5294572330004151
2026-06-18 18:15:00+00:00,1,1,0.5007822959908411
2026-06-18 18:20:00+00:00,1,0,0.44530722197514294
2026-06-18 18:25:00+00:00,1,0,0.4634113437734425
2026-06-18 18:30:00+00:00,1,0,0.41599899201835316
2026-06-18 18:35:00+00:00,1,0,0.4083350096263472
2026-06-18 18:40:00+00:00,1,0,0.4586003745745062
2026-06-18 18:45:00+00:00,1,0,0.43664378697800865
2026-06-18 18:50:00+00:00,1,0,0.48700987710689175
2026-06-18 18:55:00+00:00,1,0,0.26922484782341877
2026-06-18 19:00:00+00:00,1,0,0.34291345606503354
2026-06-18 19:05:00+00:00,1,0,0.3065046991598631
2026-06-18 19:10:00+00:00,1,0,0.36218511639501016
2026-06-18 19:20:00+00:00,1,0,0.4457500324923042
2026-06-18 19:25:00+00:00,1,1,0.5039769512493202
2026-06-18 19:30:00+00:00,1,0,0.45567905689699023
2026-06-18 19:35:00+00:00,1,0,0.4799606813526687
2026-06-18 19:40:00+00:00,1,0,0.47256263559224376
2026-06-18 19:45:00+00:00,1,0,0.44472079517056495
2026-06-18 20:15:00+00:00,1,0,0.429020256361518
2026-06-18 20:20:00+00:00,1,0,0.43622151871378134
2026-06-18 20:25:00+00:00,1,0,0.4357170338969809
2026-06-18 20:30:00+00:00,1,0,0.42171860578927156
2026-06-18 20:35:00+00:00,1,0,0.39455613039949067
2026-06-18 20:40:00+00:00,1,0,0.4083957050736167
2026-06-18 20:45:00+00:00,1,0,0.38980698450136475
2026-06-18 20:50:00+00:00,1,0,0.4351451190325699
2026-06-18 20:55:00+00:00,1,0,0.4336164846162971
2026-06-18 21:00:00+00:00,1,0,0.41186756591111595
2026-06-18 21:05:00+00:00,1,0,0.44497268538826873
2026-06-18 21:10:00+00:00,1,0,0.43625922967348163
2026-06-18 21:15:00+00:00,1,0,0.45819286083911387
2026-06-18 21:20:00+00:00,1,0,0.4483029715332973
2026-06-18 21:25:00+00:00,1,0,0.46857568476910794
2026-06-18 21:30:00+00:00,1,0,0.4170273660827423
2026-06-18 21:35:00+00:00,0,0,0.4085634088906139
2026-06-18 21:40:00+00:00,0,0,0.4106294849133932
2026-06-18 21:45:00+00:00,0,0,0.39548514225423853
2026-06-18 21:50:00+00:00,0,0,0.3350267545289468
2026-06-18 21:55:00+00:00,0,0,0.3702245574966622
2026-06-18 22:00:00+00:00,0,0,0.385966839367414
2026-06-18 22:05:00+00:00,0,0,0.3935906963931701
2026-06-18 22:10:00+00:00,0,0,0.4118921098915904
2026-06-18 22:15:00+00:00,0,0,0.44954327344630896
2026-06-18 22:20:00+00:00,0,0,0.3581246895804305
2026-06-18 22:25:00+00:00,0,0,0.45230653939318066
2026-06-18 22:30:00+00:00,0,0,0.44795481365832296
2026-06-18 22:35:00+00:00,0,0,0.39458124929176713
2026-06-18 22:45:00+00:00,1,0,0.4269931767077199
2026-06-18 22:50:00+00:00,1,0,0.45492710472703723
2026-06-18 22:55:00+00:00,0,0,0.3840217957217815
2026-06-18 23:35:00+00:00,0,0,0.29844597358693126
2026-06-18 23:40:00+00:00,0,0,0.25184431813535924
2026-06-18 23:45:00+00:00,0,0,0.24740193845340266
2026-06-18 23:50:00+00:00,0,0,0.18992505311881736
2026-06-18 23:55:00+00:00,0,0,0.39129258702317243
2026-06-19 00:00:00+00:00,1,1,0.5157495239860437
2026-06-19 00:05:00+00:00,1,1,0.610911483228117
2026-06-19 00:10:00+00:00,0,1,0.576143212106969
2026-06-19 00:20:00+00:00,0,0,0.4992927300657504
2026-06-19 00:25:00+00:00,0,1,0.549163689495
2026-06-19 00:40:00+00:00,0,1,0.6495553631154986
2026-06-19 00:45:00+00:00,0,1,0.5470854069555245
2026-06-19 00:50:00+00:00,0,1,0.5634821991896574
2026-06-19 00:55:00+00:00,0,1,0.5981713889496926
2026-06-19 01:00:00+00:00,0,0,0.4117454468370658
2026-06-19 01:05:00+00:00,0,0,0.36658919474319596
2026-06-19 01:10:00+00:00,0,0,0.4240869051424278
2026-06-19 01:15:00+00:00,0,0,0.3580690951657524
2026-06-19 01:20:00+00:00,0,0,0.4198698824823638
2026-06-19 01:25:00+00:00,0,0,0.40001731107524857
2026-06-19 01:40:00+00:00,0,0,0.44649033199239957
2026-06-19 01:45:00+00:00,1,0,0.4091197712152566
2026-06-19 01:50:00+00:00,1,0,0.34549598883876637
2026-06-19 01:55:00+00:00,1,0,0.36501469097917755
2026-06-19 02:05:00+00:00,0,0,0.3071822130492753
2026-06-19 02:10:00+00:00,0,0,0.35388159467363695
2026-06-19 02:15:00+00:00,0,0,0.2801351998486621
2026-06-19 02:20:00+00:00,0,0,0.3751773460061143
2026-06-19 02:25:00+00:00,0,0,0.38260787479681985
2026-06-19 02:30:00+00:00,0,0,0.4476137058031263
2026-06-19 02:35:00+00:00,0,0,0.45536649069070917
2026-06-19 02:40:00+00:00,0,0,0.4583981027378748
2026-06-19 02:45:00+00:00,0,1,0.5168723804649127
2026-06-19 02:50:00+00:00,0,0,0.45563928938672005
2026-06-19 02:55:00+00:00,0,0,0.48836530649969173
2026-06-19 03:00:00+00:00,0,0,0.49138130293610416
2026-06-19 03:05:00+00:00,0,0,0.45586164891069764
2026-06-19 03:10:00+00:00,0,0,0.467148317378967
2026-06-19 03:15:00+00:00,0,0,0.4900436457391469
2026-06-19 03:20:00+00:00,0,0,0.4904987147711714
2026-06-19 03:25:00+00:00,0,1,0.5577029699781539
2026-06-19 03:30:00+00:00,0,1,0.5582202548350886
2026-06-19 03:40:00+00:00,1,0,0.4632351224336659
2026-06-19 03:45:00+00:00,1,0,0.46985480663562684
2026-06-19 03:50:00+00:00,1,0,0.4471047206737914
2026-06-19 03:55:00+00:00,1,1,0.5325361031906345
2026-06-19 04:00:00+00:00,1,1,0.5318563127610882
2026-06-19 04:05:00+00:00,1,1,0.5454706721724683
2026-06-19 04:10:00+00:00,1,1,0.5197811737272338
2026-06-19 04:15:00+00:00,1,0,0.4969435035700476
2026-06-19 04:20:00+00:00,1,1,0.5281835127784298
2026-06-19 04:25:00+00:00,1,1,0.5553185074790357
2026-06-19 04:30:00+00:00,1,1,0.5321103673136214
2026-06-19 04:45:00+00:00,0,0,0.48161680441858834
2026-06-19 04:55:00+00:00,1,0,0.3595320599956355
2026-06-19 05:00:00+00:00,1,0,0.41757173494980415
2026-06-19 05:05:00+00:00,1,0,0.44645598108643697
2026-06-19 05:10:00+00:00,1,0,0.4291207058340843
2026-06-19 05:15:00+00:00,1,0,0.42035666914278946
2026-06-19 05:20:00+00:00,1,0,0.4548867232929138
2026-06-19 05:25:00+00:00,1,0,0.42128812698915663
2026-06-19 05:30:00+00:00,1,0,0.4214586450433687
2026-06-19 05:35:00+00:00,1,0,0.4510096475069449
2026-06-19 05:40:00+00:00,1,0,0.4043608646769619
2026-06-19 05:45:00+00:00,1,0,0.40699128293200837
2026-06-19 05:50:00+00:00,1,0,0.47153579948682256
2026-06-19 05:55:00+00:00,1,0,0.4779537928433298
2026-06-19 06:00:00+00:00,1,0,0.48710397948937295
2026-06-19 06:05:00+00:00,1,1,0.5001869409673604
2026-06-19 06:10:00+00:00,1,0,0.4829034260372241
2026-06-19 06:15:00+00:00,1,0,0.4331236615583018
2026-06-19 06:20:00+00:00,1,0,0.42386345007085996
2026-06-19 06:25:00+00:00,1,0,0.47128016897372954
2026-06-19 06:30:00+00:00,1,0,0.4741541355521943
2026-06-19 06:35:00+00:00,1,0,0.47567418231930425
2026-06-19 06:40:00+00:00,1,1,0.5398090450090218
2026-06-19 06:45:00+00:00,1,1,0.5320220419680664
2026-06-19 06:50:00+00:00,1,1,0.5295743792337335
2026-06-19 06:55:00+00:00,1,1,0.5033578684498374
2026-06-19 07:10:00+00:00,1,1,0.5245675844973222
2026-06-19 07:15:00+00:00,1,1,0.5286199409609624
2026-06-19 07:20:00+00:00,1,1,0.5400571626499007
2026-06-19 07:25:00+00:00,1,1,0.5130578971841074
2026-06-19 07:30:00+00:00,1,1,0.5460090690640437
2026-06-19 07:35:00+00:00,1,1,0.5522018626516646
2026-06-19 07:40:00+00:00,1,1,0.5215446887550893
2026-06-19 07:45:00+00:00,1,1,0.5390843326131731
2026-06-19 07:50:00+00:00,0,1,0.5510649643317569
2026-06-19 07:55:00+00:00,0,1,0.5358124355055924
2026-06-19 08:00:00+00:00,0,1,0.5508754174091055
2026-06-19 08:05:00+00:00,0,1,0.5278995992148104
2026-06-19 08:10:00+00:00,0,1,0.5067172802692517
2026-06-19 08:15:00+00:00,0,0,0.4529593412120285
2026-06-19 08:20:00+00:00,0,1,0.5498063689304558
2026-06-19 08:25:00+00:00,0,1,0.5639255278459006
2026-06-19 08:30:00+00:00,0,1,0.5739861898156071
2026-06-19 08:35:00+00:00,0,1,0.5489798106099194
2026-06-19 08:40:00+00:00,0,1,0.5554023694748472
2026-06-19 08:45:00+00:00,0,1,0.5290077924678762
2026-06-19 08:50:00+00:00,0,1,0.5948383729429039
2026-06-19 08:55:00+00:00,0,1,0.614603845521056
2026-06-19 09:00:00+00:00,0,1,0.6039781856076778
2026-06-19 09:05:00+00:00,0,1,0.6056523336546757
2026-06-19 09:10:00+00:00,0,1,0.5746985390079108
2026-06-19 09:15:00+00:00,0,1,0.5337545336219501
2026-06-19 09:20:00+00:00,0,1,0.5526099558352765
2026-06-19 09:25:00+00:00,0,1,0.5872080326812444
2026-06-19 09:30:00+00:00,0,1,0.5213908106410272
2026-06-19 09:35:00+00:00,0,1,0.5689274572081026
2026-06-19 09:40:00+00:00,0,1,0.5357919328970135
2026-06-19 09:45:00+00:00,1,1,0.5915660904019698
2026-06-19 09:55:00+00:00,1,1,0.5942977682429406
2026-06-19 10:10:00+00:00,1,1,0.5627178098951484
2026-06-19 10:15:00+00:00,0,1,0.5459378141100356
2026-06-19 10:20:00+00:00,0,0,0.4901768139127981
2026-06-19 10:40:00+00:00,0,1,0.5585385275625036
2026-06-19 10:45:00+00:00,0,1,0.5301370083474544
2026-06-19 10:50:00+00:00,0,1,0.5265385928168379
2026-06-19 10:55:00+00:00,0,1,0.5530270262569883
2026-06-19 11:00:00+00:00,1,1,0.5614798336900804
2026-06-19 11:05:00+00:00,1,1,0.567264605740419
2026-06-19 11:10:00+00:00,0,1,0.5517085439852092
2026-06-19 11:25:00+00:00,0,1,0.5647313629754412
2026-06-19 11:30:00+00:00,0,1,0.561246943464275
2026-06-19 11:35:00+00:00,0,0,0.49965145525189564
2026-06-19 11:40:00+00:00,0,1,0.5603281190245917
2026-06-19 11:45:00+00:00,0,1,0.5746806402659453
2026-06-19 11:50:00+00:00,0,1,0.5746322953819735
2026-06-19 11:55:00+00:00,0,1,0.6083734139538053
2026-06-19 12:00:00+00:00,0,1,0.5154270868339675
2026-06-19 12:05:00+00:00,0,1,0.5124967814418315
2026-06-19 12:10:00+00:00,0,1,0.5983898792036826
2026-06-19 12:20:00+00:00,1,1,0.563245938482474
2026-06-19 12:25:00+00:00,1,1,0.5712963207572104
2026-06-19 12:30:00+00:00,1,1,0.614812766361874
2026-06-19 12:35:00+00:00,1,1,0.6010830999019692
2026-06-19 12:40:00+00:00,1,1,0.600833425076263
2026-06-19 12:45:00+00:00,1,1,0.629190633682747
2026-06-19 12:50:00+00:00,1,1,0.6200302293694768
2026-06-19 12:55:00+00:00,1,1,0.6187110586864356
2026-06-19 13:05:00+00:00,1,1,0.6264275033044422
2026-06-19 13:10:00+00:00,1,1,0.6089389068762449
2026-06-19 13:15:00+00:00,0,1,0.579380081011099
2026-06-19 13:20:00+00:00,0,1,0.5731825710771319
2026-06-19 13:30:00+00:00,0,1,0.5459941651254455
2026-06-19 13:35:00+00:00,0,1,0.5273666071183398
2026-06-19 13:40:00+00:00,0,1,0.5435096231503709
2026-06-19 13:45:00+00:00,0,1,0.5372820214579744
2026-06-19 13:50:00+00:00,0,1,0.5725101748895715
2026-06-19 13:55:00+00:00,0,1,0.5399242113499256
2026-06-19 14:00:00+00:00,0,1,0.5959214676659363
2026-06-19 14:05:00+00:00,0,1,0.5731115350776386
2026-06-19 14:10:00+00:00,0,1,0.5401550837218236
2026-06-19 14:15:00+00:00,0,1,0.605433831540253
2026-06-19 14:20:00+00:00,0,1,0.5977584546200074
2026-06-19 14:25:00+00:00,0,1,0.5853079070818248
2026-06-19 14:30:00+00:00,0,1,0.5923577754642873
2026-06-19 14:50:00+00:00,0,1,0.6430590778027886
2026-06-19 14:55:00+00:00,0,1,0.6439480315277589
2026-06-19 15:00:00+00:00,0,1,0.7067882737667863
2026-06-19 15:05:00+00:00,0,1,0.7220406429719771
2026-06-19 15:15:00+00:00,1,1,0.6993883295351203
2026-06-19 15:20:00+00:00,1,1,0.6971347803060796
2026-06-19 15:25:00+00:00,0,1,0.6695519336910629
2026-06-19 15:30:00+00:00,1,1,0.681596002487942
2026-06-19 15:35:00+00:00,1,1,0.6722229433723832
2026-06-19 15:45:00+00:00,1,1,0.6901452819844209
2026-06-19 15:50:00+00:00,1,1,0.7453476814590327
2026-06-19 15:55:00+00:00,1,1,0.7122651891028516
2026-06-19 16:00:00+00:00,1,1,0.6979573497150797
2026-06-19 16:05:00+00:00,1,1,0.6569095062803204
2026-06-19 16:10:00+00:00,1,1,0.6222619757960736
2026-06-19 16:15:00+00:00,1,1,0.5654559694979794
2026-06-19 16:20:00+00:00,1,1,0.5997641341524216
2026-06-19 16:25:00+00:00,1,1,0.5988287242094396
2026-06-19 16:30:00+00:00,1,1,0.6191899802480454
2026-06-19 16:45:00+00:00,0,1,0.5563875139398816
2026-06-19 16:50:00+00:00,0,1,0.5894694982411218
2026-06-19 16:55:00+00:00,0,1,0.5606658464392628
2026-06-19 17:00:00+00:00,0,1,0.5573126498666737
2026-06-19 17:05:00+00:00,0,1,0.5354024148022066
2026-06-19 17:10:00+00:00,0,1,0.5582205322160787
2026-06-19 17:15:00+00:00,0,1,0.593945264432599
2026-06-19 17:20:00+00:00,0,1,0.6007504187348102
2026-06-19 17:25:00+00:00,0,1,0.606571079815451
2026-06-19 17:30:00+00:00,0,1,0.5827733015739835
2026-06-19 17:50:00+00:00,1,1,0.6438187742240742
2026-06-19 17:55:00+00:00,1,1,0.7306579054939568
2026-06-19 18:00:00+00:00,1,1,0.6008173675537499
2026-06-19 18:05:00+00:00,1,1,0.5980279640948711
2026-06-19 18:10:00+00:00,1,1,0.5691805335794163
2026-06-19 18:15:00+00:00,1,1,0.5738496595757242
2026-06-19 18:20:00+00:00,1,1,0.526462900521416
2026-06-19 18:30:00+00:00,1,1,0.5480140664348654
2026-06-19 18:35:00+00:00,1,1,0.5359059250389335
2026-06-19 18:40:00+00:00,1,1,0.5287113194687023
2026-06-19 18:45:00+00:00,1,1,0.5393110629215953
2026-06-19 18:50:00+00:00,1,0,0.49680657435370745
2026-06-19 18:55:00+00:00,1,0,0.4859423005881602
2026-06-19 19:00:00+00:00,1,1,0.5156945381308886
2026-06-19 19:10:00+00:00,1,1,0.5394801849624729
2026-06-19 19:20:00+00:00,1,1,0.6069113579507752
2026-06-19 19:25:00+00:00,1,1,0.6078496391187876
2026-06-19 19:30:00+00:00,1,1,0.5323364981870955
2026-06-19 19:40:00+00:00,0,1,0.545357129015944
2026-06-19 19:45:00+00:00,0,1,0.5344059912215364
2026-06-19 19:50:00+00:00,0,1,0.5005854248657885
2026-06-19 19:55:00+00:00,0,1,0.5025726384704203
2026-06-19 20:00:00+00:00,0,1,0.5086780816225933
2026-06-19 20:05:00+00:00,0,0,0.4568305767474882
2026-06-19 20:10:00+00:00,0,0,0.4507677959143679
2026-06-19 20:15:00+00:00,0,0,0.41457982816173417
2026-06-19 20:20:00+00:00,0,0,0.42725057141748596
2026-06-19 20:25:00+00:00,0,0,0.4517025514090497
2026-06-19 20:30:00+00:00,0,0,0.48834885150984103
2026-06-19 20:35:00+00:00,0,0,0.49415132595825895
2026-06-19 20:40:00+00:00,0,0,0.49675219846552515
2026-06-19 20:45:00+00:00,0,1,0.5351458708986163
2026-06-19 20:50:00+00:00,0,1,0.5597099091506762
2026-06-19 21:00:00+00:00,0,1,0.5400664528989599
2026-06-19 21:05:00+00:00,0,1,0.5643539981343118
2026-06-19 21:10:00+00:00,0,1,0.5214766758791082
2026-06-19 21:35:00+00:00,1,1,0.5069256246741566
2026-06-19 21:40:00+00:00,1,1,0.5642708824820539
2026-06-19 21:45:00+00:00,1,1,0.5123046113273182
2026-06-19 21:50:00+00:00,1,1,0.6045633625960461
2026-06-19 21:55:00+00:00,1,0,0.4744456387549049
2026-06-19 22:00:00+00:00,1,1,0.6280990338934206
2026-06-19 22:05:00+00:00,1,1,0.5558411010643959
2026-06-19 22:20:00+00:00,0,0,0.3812332278441226
2026-06-19 22:25:00+00:00,1,0,0.4069080217790125
2026-06-19 22:30:00+00:00,1,0,0.4314606940617178
2026-06-19 22:35:00+00:00,0,0,0.427273312026871
2026-06-19 22:40:00+00:00,0,0,0.4332280745574449
2026-06-19 22:45:00+00:00,0,0,0.3190277888946335
2026-06-19 22:50:00+00:00,0,0,0.28907524175175725
2026-06-19 23:00:00+00:00,0,0,0.4068204123793307
2026-06-19 23:05:00+00:00,0,0,0.49049909161918787
2026-06-19 23:10:00+00:00,0,1,0.6215919499736591
2026-06-19 23:15:00+00:00,0,1,0.5559688788938859
2026-06-19 23:20:00+00:00,0,1,0.5523544650385102
2026-06-19 23:25:00+00:00,0,0,0.454842557820375
2026-06-19 23:30:00+00:00,0,0,0.4544535689850884
2026-06-19 23:40:00+00:00,1,1,0.590667474365623
2026-06-19 23:45:00+00:00,1,1,0.553888700003891
2026-06-19 23:50:00+00:00,1,1,0.5789930101085049
2026-06-19 23:55:00+00:00,1,1,0.7109900038504215
2026-06-22 00:05:00+00:00,1,1,0.8292040180374342
2026-06-22 00:10:00+00:00,1,1,0.8358897810796884
2026-06-22 00:15:00+00:00,1,1,0.8144456521294628
2026-06-22 00:20:00+00:00,1,1,0.8055034714170103
2026-06-22 00:25:00+00:00,1,1,0.8445904166217614
2026-06-22 00:30:00+00:00,1,1,0.8376274463805021
2026-06-22 00:35:00+00:00,1,1,0.8131300463203744
2026-06-22 00:40:00+00:00,1,1,0.6015016810375092
2026-06-22 00:45:00+00:00,1,1,0.5632185857421751
2026-06-22 00:50:00+00:00,1,1,0.6007741888301042
2026-06-22 00:55:00+00:00,1,1,0.5991523746892035
2026-06-22 01:00:00+00:00,1,0,0.465574243542816
2026-06-22 01:05:00+00:00,1,0,0.3860935956056943
2026-06-22 01:10:00+00:00,1,1,0.538990292022635
2026-06-22 01:15:00+00:00,1,0,0.3938957850437111
2026-06-22 01:20:00+00:00,1,0,0.3771904463585573
2026-06-22 01:25:00+00:00,1,0,0.41142624378768167
2026-06-22 01:40:00+00:00,1,0,0.37432288640229705
2026-06-22 01:45:00+00:00,1,0,0.3051817056076085
2026-06-22 01:50:00+00:00,1,0,0.34706834638688766
2026-06-22 01:55:00+00:00,0,0,0.36026620512378704
2026-06-22 02:00:00+00:00,1,0,0.35931939135582697
2026-06-22 02:05:00+00:00,1,0,0.36380439377174484
2026-06-22 02:10:00+00:00,1,0,0.30458954028556984
2026-06-22 02:15:00+00:00,1,0,0.3797866584394915
2026-06-22 02:20:00+00:00,1,0,0.3853004348062657
2026-06-22 02:25:00+00:00,1,0,0.38856644817286096
2026-06-22 02:30:00+00:00,1,0,0.37936888471238295
2026-06-22 02:35:00+00:00,1,0,0.2824147821844583
2026-06-22 02:45:00+00:00,1,0,0.34106434131873165
2026-06-22 02:50:00+00:00,1,0,0.44012753913837016
2026-06-22 02:55:00+00:00,1,0,0.4066697368457749
2026-06-22 03:00:00+00:00,1,0,0.4751177723906705
2026-06-22 03:05:00+00:00,0,0,0.3763453337323937
2026-06-22 03:10:00+00:00,0,0,0.36055695170939367
2026-06-22 03:15:00+00:00,1,0,0.4114756655015959
2026-06-22 03:20:00+00:00,1,0,0.3980041869460951
2026-06-22 03:30:00+00:00,0,0,0.3906302542199719
2026-06-22 03:35:00+00:00,1,0,0.40380877722324293
2026-06-22 03:45:00+00:00,0,0,0.3527585596500673
2026-06-22 03:50:00+00:00,0,0,0.38757826002509554
2026-06-22 03:55:00+00:00,1,0,0.3966001627995344
2026-06-22 04:00:00+00:00,1,0,0.349056110468061
2026-06-22 04:05:00+00:00,1,0,0.3468975041011639
2026-06-22 04:10:00+00:00,1,0,0.3818770211942286
2026-06-22 04:15:00+00:00,1,0,0.3950081221321343
2026-06-22 04:20:00+00:00,1,0,0.3753062001944984
2026-06-22 04:25:00+00:00,1,0,0.41613732371414985
2026-06-22 04:30:00+00:00,1,0,0.3936989589380134
2026-06-22 04:35:00+00:00,1,0,0.38524720912902327
2026-06-22 04:40:00+00:00,1,0,0.338873201503754
2026-06-22 04:45:00+00:00,1,0,0.31183730860981845
2026-06-22 05:10:00+00:00,0,0,0.28663213256013154
2026-06-22 05:15:00+00:00,0,0,0.27949561336393786
2026-06-22 05:20:00+00:00,1,0,0.44161250835764004
2026-06-22 05:25:00+00:00,1,0,0.3702700217261579
2026-06-22 05:30:00+00:00,1,0,0.3998103346399062
2026-06-22 05:35:00+00:00,1,0,0.3701086022609719
2026-06-22 05:40:00+00:00,1,0,0.3669185241383412
2026-06-22 05:45:00+00:00,1,0,0.3798884458495865
2026-06-22 05:50:00+00:00,1,0,0.3775873443956678
2026-06-22 05:55:00+00:00,1,0,0.379502509538517
2026-06-22 06:00:00+00:00,1,0,0.3858758506676352
2026-06-22 06:05:00+00:00,1,0,0.38127627206899595
2026-06-22 06:10:00+00:00,1,0,0.3818525108554773
2026-06-22 06:15:00+00:00,1,0,0.3782780814618254
2026-06-22 06:20:00+00:00,1,0,0.3845236468518356
2026-06-22 06:25:00+00:00,1,0,0.37735110435871755
2026-06-22 06:30:00+00:00,1,0,0.4014921211758092
2026-06-22 06:35:00+00:00,1,0,0.40705401532108243
2026-06-22 06:40:00+00:00,1,0,0.378895600322078
2026-06-22 06:45:00+00:00,1,0,0.3675838608075383
2026-06-22 06:50:00+00:00,1,0,0.3185305150837742
2026-06-22 06:55:00+00:00,1,0,0.3191122602773138
2026-06-22 07:00:00+00:00,1,0,0.19306758707730914
2026-06-22 07:05:00+00:00,1,0,0.3163961457839282
2026-06-22 07:10:00+00:00,1,0,0.2862337942619875
2026-06-22 07:15:00+00:00,1,0,0.2661478579911858
2026-06-22 07:20:00+00:00,1,0,0.264791558657575
2026-06-22 07:25:00+00:00,0,0,0.16475849222017888
2026-06-22 07:30:00+00:00,0,0,0.16021582660905892
2026-06-22 07:35:00+00:00,0,0,0.16021582660905892
2026-06-22 07:45:00+00:00,0,0,0.1460777350916649
2026-06-22 07:55:00+00:00,1,0,0.19524324151289763
2026-06-22 08:00:00+00:00,1,0,0.15011956223479409
2026-06-22 08:05:00+00:00,0,0,0.18887513057009622
2026-06-22 08:10:00+00:00,0,0,0.17242634463444736
2026-06-22 08:15:00+00:00,0,0,0.16800423479060464
2026-06-22 08:20:00+00:00,0,0,0.16904998622501616
2026-06-22 08:30:00+00:00,1,0,0.18097523441943833
2026-06-22 08:35:00+00:00,1,0,0.17615903667257665
2026-06-22 08:40:00+00:00,1,0,0.17773751492299233
2026-06-22 08:45:00+00:00,1,0,0.1664304588423065
2026-06-22 08:55:00+00:00,0,0,0.14652947152601759
2026-06-22 09:00:00+00:00,0,0,0.18843906305157232
2026-06-22 09:05:00+00:00,1,0,0.39592833323960125
2026-06-22 09:10:00+00:00,1,0,0.29699425091811643
2026-06-22 09:15:00+00:00,1,0,0.2770575851033162
2026-06-22 09:20:00+00:00,1,0,0.32487575568867827
2026-06-22 09:25:00+00:00,1,0,0.3501570417561657
2026-06-22 09:30:00+00:00,1,0,0.3056906794826639
2026-06-22 09:35:00+00:00,1,0,0.2951061535195695
2026-06-22 09:40:00+00:00,1,0,0.35365197463547726
2026-06-22 09:45:00+00:00,1,0,0.28561843285406247
2026-06-22 09:50:00+00:00,1,0,0.28668556194917827
2026-06-22 09:55:00+00:00,1,0,0.2867287116274231
2026-06-22 10:00:00+00:00,1,0,0.3563681413939775
2026-06-22 10:05:00+00:00,1,0,0.3305429823767644
2026-06-22 10:10:00+00:00,1,0,0.3203843319689824
2026-06-22 10:15:00+00:00,1,0,0.3231637161440958
2026-06-22 10:20:00+00:00,1,0,0.30700567592578165
2026-06-22 10:30:00+00:00,1,0,0.29106185386992994
2026-06-22 10:35:00+00:00,1,0,0.282874103228502
2026-06-22 10:45:00+00:00,1,0,0.29857025482204075
2026-06-22 10:50:00+00:00,1,0,0.3036767417920763
2026-06-22 10:55:00+00:00,1,0,0.3166657609462588
2026-06-22 11:00:00+00:00,1,0,0.35551691018557496
2026-06-22 11:05:00+00:00,0,0,0.3226852253278427
2026-06-22 11:10:00+00:00,0,0,0.30597351635365794
2026-06-22 11:15:00+00:00,0,0,0.3325305342801224
2026-06-22 11:20:00+00:00,0,0,0.32732890259997216
2026-06-22 11:35:00+00:00,0,0,0.33506858933146433
2026-06-22 11:45:00+00:00,0,0,0.305992808015314
2026-06-22 11:50:00+00:00,0,0,0.3035768373072166
2026-06-22 11:55:00+00:00,0,0,0.32098248033187504
2026-06-22 12:20:00+00:00,0,0,0.33231953671235503
2026-06-22 12:25:00+00:00,0,0,0.3151228280993357
2026-06-22 12:30:00+00:00,0,0,0.33524770962543177
2026-06-22 12:40:00+00:00,0,0,0.3025278367328433
2026-06-22 12:50:00+00:00,0,0,0.387918141732587
2026-06-22 12:55:00+00:00,0,0,0.31981290263157147
2026-06-22 13:00:00+00:00,0,0,0.31342004149407193
2026-06-22 13:20:00+00:00,1,0,0.48464491520982245
2026-06-22 13:25:00+00:00,1,0,0.43951314475709663
2026-06-22 13:50:00+00:00,1,0,0.4322408988681122
2026-06-22 13:55:00+00:00,1,0,0.3873388338701562
2026-06-22 14:00:00+00:00,1,0,0.4135596950542706
2026-06-22 14:05:00+00:00,1,0,0.42858617405493665
2026-06-22 14:10:00+00:00,1,0,0.44956865744186736
2026-06-22 14:15:00+00:00,1,0,0.42250802467681997
2026-06-22 14:20:00+00:00,1,0,0.4079568424963998
2026-06-22 14:25:00+00:00,1,0,0.425248703521983
2026-06-22 14:30:00+00:00,1,0,0.45913094623952
2026-06-22 14:35:00+00:00,1,0,0.4243348316463178
2026-06-22 14:40:00+00:00,1,0,0.44561932911565216
2026-06-22 14:45:00+00:00,1,0,0.46303324918348987
2026-06-22 14:50:00+00:00,0,0,0.3846475179138674
2026-06-22 15:00:00+00:00,1,0,0.41774592872613225
2026-06-22 15:05:00+00:00,1,0,0.4117954341702516
2026-06-22 15:10:00+00:00,1,0,0.3807935536690039
2026-06-22 15:15:00+00:00,1,0,0.38550874878149166
2026-06-22 15:20:00+00:00,1,0,0.4714235856304247
2026-06-22 15:25:00+00:00,1,0,0.35366932478777763
2026-06-22 15:30:00+00:00,1,0,0.40934068462435064
2026-06-22 15:35:00+00:00,1,0,0.40807818820644143
2026-06-22 15:40:00+00:00,1,0,0.4148139699925822
2026-06-22 15:45:00+00:00,1,0,0.4558293709355382
2026-06-22 15:50:00+00:00,1,0,0.4190964048848725
2026-06-22 15:55:00+00:00,1,0,0.3983634099209352
2026-06-22 16:00:00+00:00,1,0,0.36299200984827534
2026-06-22 16:05:00+00:00,0,0,0.2890350511645542
2026-06-22 16:10:00+00:00,0,0,0.31139164935147934
2026-06-22 16:15:00+00:00,0,0,0.29014875417098557
2026-06-22 16:20:00+00:00,0,0,0.2952920278331375
2026-06-22 16:25:00+00:00,0,0,0.25772389446117705
2026-06-22 16:30:00+00:00,0,0,0.3264461527957797
2026-06-22 16:35:00+00:00,0,0,0.32367896024976933
2026-06-22 16:40:00+00:00,0,0,0.24846793006524626
2026-06-22 16:45:00+00:00,0,0,0.22938624696052895
2026-06-22 16:50:00+00:00,0,0,0.2212777184216908
2026-06-22 16:55:00+00:00,0,0,0.2691257853142091
2026-06-22 17:00:00+00:00,0,0,0.2304463016572932
2026-06-22 17:05:00+00:00,0,0,0.36458915407277914
2026-06-22 17:10:00+00:00,0,0,0.2950089160843459
2026-06-22 17:15:00+00:00,0,0,0.3025308766382092
2026-06-22 17:20:00+00:00,0,0,0.31488867114187075
2026-06-22 17:25:00+00:00,0,0,0.33060441178493316
2026-06-22 17:30:00+00:00,0,0,0.3097709732043128
2026-06-22 17:35:00+00:00,0,0,0.31840810584214446
2026-06-22 17:40:00+00:00,0,0,0.21295075347318226
2026-06-22 17:45:00+00:00,1,0,0.2547748338280133
2026-06-22 17:50:00+00:00,1,0,0.20437063398823874
2026-06-22 17:55:00+00:00,1,0,0.18470794051515735
2026-06-22 18:00:00+00:00,1,0,0.209039910416363
2026-06-22 18:05:00+00:00,1,0,0.18774749087976025
2026-06-22 18:10:00+00:00,1,0,0.19726995804237926
2026-06-22 18:15:00+00:00,1,0,0.2403658431063318
2026-06-22 18:20:00+00:00,1,0,0.1891498797683609
2026-06-22 18:25:00+00:00,1,0,0.12363104572422885
2026-06-22 18:30:00+00:00,1,0,0.10391487187382482
2026-06-22 18:35:00+00:00,1,0,0.08839740194304753
2026-06-22 18:40:00+00:00,1,0,0.08683198145473922
2026-06-22 18:50:00+00:00,1,0,0.1245439255681726
2026-06-22 18:55:00+00:00,1,0,0.2094156034474561
2026-06-22 19:00:00+00:00,0,0,0.1666345561026409
2026-06-22 19:05:00+00:00,0,0,0.14336585378237687
2026-06-22 19:10:00+00:00,0,0,0.18828750168112615
2026-06-22 19:15:00+00:00,0,0,0.23712918597551338
2026-06-22 19:20:00+00:00,0,0,0.2260816335744228
2026-06-22 19:25:00+00:00,0,0,0.18903402684759193
2026-06-22 19:45:00+00:00,0,0,0.19609718022775172
2026-06-22 19:50:00+00:00,0,0,0.2502498701126066
2026-06-22 19:55:00+00:00,0,0,0.23307664581852483
2026-06-22 20:10:00+00:00,0,0,0.23747248835218437
2026-06-22 20:30:00+00:00,0,0,0.25950101327641734
2026-06-22 20:35:00+00:00,0,0,0.21972209338008067
2026-06-22 20:40:00+00:00,0,0,0.25848969904421837
2026-06-22 20:45:00+00:00,0,0,0.24678263260240885
2026-06-22 20:50:00+00:00,0,0,0.25480172469549955
2026-06-22 20:55:00+00:00,0,0,0.28899448361351526
2026-06-22 21:00:00+00:00,0,0,0.24240783332229057
2026-06-22 21:10:00+00:00,1,0,0.32811301958100403
2026-06-22 21:15:00+00:00,1,0,0.29547573705676067
2026-06-22 21:20:00+00:00,1,0,0.32807819390338255
2026-06-22 21:25:00+00:00,1,0,0.26763901928652495
2026-06-22 21:30:00+00:00,1,0,0.29215666842480653
2026-06-22 21:35:00+00:00,1,0,0.3651346405820531
2026-06-22 21:40:00+00:00,1,0,0.3264656838769347
2026-06-22 21:45:00+00:00,1,0,0.38589858233577956
2026-06-22 21:50:00+00:00,1,0,0.3711145211939743
2026-06-22 21:55:00+00:00,1,0,0.3519665396389714
2026-06-22 22:00:00+00:00,1,0,0.25705957192546314
2026-06-22 22:05:00+00:00,1,0,0.2583606784655266
2026-06-22 22:10:00+00:00,1,0,0.22052630592822853
2026-06-22 22:25:00+00:00,0,0,0.22301633539675608
2026-06-22 22:30:00+00:00,0,0,0.249311848783121
2026-06-22 22:35:00+00:00,0,0,0.24425582520576505
2026-06-22 22:40:00+00:00,0,0,0.27831875201254797
2026-06-22 22:45:00+00:00,0,0,0.2506083475888533
2026-06-22 22:50:00+00:00,0,0,0.23979588791353534
2026-06-22 22:55:00+00:00,0,0,0.22154009486516185
2026-06-22 23:00:00+00:00,0,0,0.0670020114491641
2026-06-22 23:05:00+00:00,0,0,0.06293088420399083
2026-06-22 23:10:00+00:00,0,0,0.0719747045242398
2026-06-22 23:15:00+00:00,0,0,0.06621029434831951
2026-06-22 23:20:00+00:00,0,0,0.07585596678054755
2026-06-22 23:25:00+00:00,0,0,0.08288982158349434
2026-06-22 23:30:00+00:00,0,0,0.06497701260911852
2026-06-22 23:35:00+00:00,0,0,0.0674688949802803
2026-06-22 23:40:00+00:00,0,0,0.0902749653277162
2026-06-22 23:45:00+00:00,0,0,0.06640370929643775
2026-06-22 23:50:00+00:00,0,0,0.055229525373241085
2026-06-22 23:55:00+00:00,0,0,0.27349823847124066
2026-06-23 00:00:00+00:00,1,1,0.8092139969540829
2026-06-23 00:05:00+00:00,1,1,0.7178730562018384
2026-06-23 00:10:00+00:00,1,1,0.7979196122805017
2026-06-23 00:15:00+00:00,1,1,0.7634639460060155
2026-06-23 00:20:00+00:00,1,1,0.8016555103921208
2026-06-23 00:25:00+00:00,1,1,0.7540791664263216
2026-06-23 00:30:00+00:00,1,1,0.7290569774415174
2026-06-23 00:35:00+00:00,1,1,0.7378413294281773
2026-06-23 00:40:00+00:00,1,1,0.6669224030278569
2026-06-23 00:45:00+00:00,1,1,0.7754825273263761
2026-06-23 00:50:00+00:00,1,1,0.7452614865761455
2026-06-23 00:55:00+00:00,1,1,0.7560179332882679
2026-06-23 01:00:00+00:00,1,1,0.6041552479529095
2026-06-23 01:05:00+00:00,0,1,0.5856106784740424
2026-06-23 01:10:00+00:00,0,1,0.5785004618029663
2026-06-23 01:15:00+00:00,0,1,0.5848225865353783
2026-06-23 01:20:00+00:00,0,1,0.558539501453399
2026-06-23 01:25:00+00:00,0,1,0.5733598741899953
2026-06-23 01:30:00+00:00,0,1,0.5699348679805101
2026-06-23 01:35:00+00:00,0,1,0.5744307753756986
2026-06-23 01:40:00+00:00,0,0,0.4625741671767798
2026-06-23 01:45:00+00:00,1,1,0.6293000197799585
2026-06-23 01:50:00+00:00,0,1,0.5572768959309526
2026-06-23 02:05:00+00:00,0,1,0.5318262090720575
2026-06-23 02:10:00+00:00,0,1,0.5020834806314025
2026-06-23 02:20:00+00:00,0,1,0.5269107053056956
2026-06-23 02:25:00+00:00,0,1,0.5442541355413145
2026-06-23 02:40:00+00:00,1,0,0.47445843058866105
2026-06-23 02:45:00+00:00,1,0,0.48207693938836316
2026-06-23 03:05:00+00:00,1,1,0.5719908019398753
2026-06-23 03:10:00+00:00,1,1,0.5784189406372748
2026-06-23 03:25:00+00:00,1,1,0.6162314338183978
2026-06-23 03:30:00+00:00,1,1,0.561123283772629
2026-06-23 03:45:00+00:00,0,1,0.5043813808720199
2026-06-23 03:50:00+00:00,1,1,0.5610076891873479
2026-06-23 04:05:00+00:00,0,1,0.5369038409926513
2026-06-23 04:10:00+00:00,0,1,0.5460955106524197
2026-06-23 04:15:00+00:00,0,1,0.5774746658581138
2026-06-23 04:25:00+00:00,0,1,0.5656614378951047
2026-06-23 04:30:00+00:00,0,1,0.5481189603366803
2026-06-23 04:35:00+00:00,0,1,0.5368423208257781
2026-06-23 04:40:00+00:00,0,1,0.5536582634513589
2026-06-23 04:45:00+00:00,0,1,0.5252975271135363
2026-06-23 04:50:00+00:00,0,1,0.5993717066654661
2026-06-23 05:00:00+00:00,0,1,0.5907621125006733
2026-06-23 05:05:00+00:00,1,1,0.5810420983639817
2026-06-23 05:10:00+00:00,1,1,0.5997276797617681
2026-06-23 05:15:00+00:00,1,1,0.5791352020216033
2026-06-23 05:20:00+00:00,1,1,0.59993776196559
2026-06-23 05:25:00+00:00,1,1,0.579123365471052
2026-06-23 05:30:00+00:00,1,1,0.5904851008778239
2026-06-23 05:35:00+00:00,1,1,0.5913078789979297
2026-06-23 05:45:00+00:00,0,1,0.5258859752169762
2026-06-23 05:50:00+00:00,0,1,0.5043391740361336
2026-06-23 05:55:00+00:00,0,0,0.4930165399278415
2026-06-23 06:00:00+00:00,0,0,0.48060131228674535
2026-06-23 06:15:00+00:00,0,0,0.43247853884411885
2026-06-23 06:25:00+00:00,0,0,0.49779503451629903
2026-06-23 06:35:00+00:00,1,1,0.5400654936237659
2026-06-23 06:40:00+00:00,1,1,0.5873509624438658
2026-06-23 06:45:00+00:00,1,1,0.5696264142845421
2026-06-23 06:50:00+00:00,1,1,0.5755743258794742
2026-06-23 06:55:00+00:00,1,1,0.5847288055921533
2026-06-23 07:00:00+00:00,1,1,0.5911915709718988
2026-06-23 07:05:00+00:00,1,1,0.5164745089075787
2026-06-23 07:10:00+00:00,1,0,0.4859180824453532
2026-06-23 07:15:00+00:00,1,0,0.4889502937338776
2026-06-23 07:20:00+00:00,1,0,0.49157358625288244
2026-06-23 07:25:00+00:00,1,0,0.4844472554951661
2026-06-23 07:30:00+00:00,1,0,0.4847718180159884
2026-06-23 07:35:00+00:00,1,0,0.4698402452938847
2026-06-23 07:40:00+00:00,1,1,0.5009294032515305
2026-06-23 07:45:00+00:00,1,1,0.5041336527555882
2026-06-23 07:50:00+00:00,1,0,0.4871851770144395
2026-06-23 07:55:00+00:00,1,0,0.4491928561359509
2026-06-23 08:00:00+00:00,1,0,0.4561138363987856
2026-06-23 08:05:00+00:00,1,0,0.4504511762525003
2026-06-23 08:10:00+00:00,1,0,0.4480701886524698
2026-06-23 08:15:00+00:00,1,1,0.5168451837281048
2026-06-23 08:20:00+00:00,1,0,0.4980474509029789
2026-06-23 08:25:00+00:00,1,1,0.5021476812426277
2026-06-23 08:30:00+00:00,1,1,0.5069785299558196
2026-06-23 08:35:00+00:00,1,1,0.5082842599869363
2026-06-23 08:40:00+00:00,1,1,0.5425108568801117
2026-06-23 08:45:00+00:00,1,0,0.4377640977129488
2026-06-23 08:55:00+00:00,0,1,0.520018548024117
2026-06-23 09:00:00+00:00,0,0,0.4785776036846099
2026-06-23 09:05:00+00:00,0,0,0.4844874348771098
2026-06-23 09:10:00+00:00,0,0,0.4085849245814776
2026-06-23 09:15:00+00:00,0,0,0.36880142170747343
2026-06-23 09:20:00+00:00,0,0,0.4086658911877895
2026-06-23 09:25:00+00:00,0,0,0.48124674370728365
2026-06-23 09:30:00+00:00,0,0,0.49784407690258997
2026-06-23 09:35:00+00:00,0,0,0.4917902938224336
2026-06-23 09:40:00+00:00,0,0,0.4688133512496439
2026-06-23 09:45:00+00:00,0,0,0.4633340659564108
2026-06-23 09:50:00+00:00,0,0,0.4655496872045958
2026-06-23 09:55:00+00:00,0,1,0.5583860879890031
2026-06-23 10:00:00+00:00,0,0,0.2758162633770513
2026-06-23 10:05:00+00:00,0,0,0.21749599328623248
2026-06-23 10:10:00+00:00,0,0,0.25519107669651353
2026-06-23 10:15:00+00:00,0,0,0.2773186378174931
2026-06-23 10:20:00+00:00,0,0,0.27035904549675865
2026-06-23 10:25:00+00:00,0,0,0.28526016128952586
2026-06-23 10:30:00+00:00,0,0,0.252420916813016
2026-06-23 10:35:00+00:00,0,0,0.29553043192121076
2026-06-23 10:40:00+00:00,0,0,0.2931592858121751
2026-06-23 10:45:00+00:00,0,0,0.3005474844941471
2026-06-23 10:50:00+00:00,0,0,0.32632126000468564
2026-06-23 10:55:00+00:00,0,0,0.3097316060118093
2026-06-23 11:00:00+00:00,1,0,0.2556202409157368
2026-06-23 11:05:00+00:00,1,0,0.2613430357472366
2026-06-23 11:35:00+00:00,0,0,0.22857426089450214
2026-06-23 11:40:00+00:00,0,0,0.26367226290058016
2026-06-23 11:55:00+00:00,0,0,0.25462100118408176
2026-06-23 12:05:00+00:00,1,0,0.3357914534985852
2026-06-23 12:15:00+00:00,0,0,0.33368336898797263
2026-06-23 12:20:00+00:00,0,0,0.36483969690749324
2026-06-23 12:25:00+00:00,0,0,0.3089427947453735
2026-06-23 12:30:00+00:00,0,0,0.2905193095754678
2026-06-23 12:35:00+00:00,0,0,0.34687728760684094
2026-06-23 12:45:00+00:00,1,0,0.3791258108528548
2026-06-23 12:50:00+00:00,1,0,0.33275498441449863
2026-06-23 12:55:00+00:00,1,0,0.34547675589218246
2026-06-23 13:00:00+00:00,1,0,0.3754339051017938
2026-06-23 13:05:00+00:00,1,0,0.38363359368496047
2026-06-23 13:10:00+00:00,1,0,0.375386881540402
2026-06-23 13:15:00+00:00,1,0,0.3038740373613594
2026-06-23 13:20:00+00:00,1,0,0.29603457065647504
2026-06-23 13:25:00+00:00,1,0,0.36802328588191063
2026-06-23 13:30:00+00:00,1,0,0.34590255473275144
2026-06-23 13:35:00+00:00,1,0,0.3249418473520725
2026-06-23 13:40:00+00:00,1,0,0.2709264046903448
2026-06-23 13:45:00+00:00,1,0,0.2756487344372157
2026-06-23 13:50:00+00:00,1,0,0.2803892990727317
2026-06-23 13:55:00+00:00,1,0,0.2869485364020621
2026-06-23 14:00:00+00:00,1,0,0.3438892958060174
2026-06-23 14:05:00+00:00,1,0,0.3597153156043316
2026-06-23 14:10:00+00:00,1,0,0.40242995355356037
2026-06-23 14:15:00+00:00,1,0,0.4275203113794826
2026-06-23 14:20:00+00:00,1,0,0.4057953039200936
2026-06-23 14:30:00+00:00,0,0,0.38473467551192475
2026-06-23 14:35:00+00:00,0,0,0.40539812314922263
2026-06-23 14:40:00+00:00,0,0,0.3813066163540213
2026-06-23 14:45:00+00:00,0,0,0.37328826474150295
2026-06-23 14:50:00+00:00,0,0,0.372774613399604
2026-06-23 14:55:00+00:00,0,0,0.39918946091910207
2026-06-23 15:10:00+00:00,1,0,0.48276595342005174
2026-06-23 15:30:00+00:00,1,1,0.5320274683957982
2026-06-23 15:40:00+00:00,0,0,0.47413224498924494
2026-06-23 15:45:00+00:00,0,0,0.4367061472329358
2026-06-23 15:50:00+00:00,0,0,0.40964548053810207
2026-06-23 15:55:00+00:00,0,0,0.4045212418295285
2026-06-23 16:00:00+00:00,0,0,0.44930660536861944
2026-06-23 16:05:00+00:00,0,0,0.4490598778625371
2026-06-23 16:15:00+00:00,1,1,0.5005443460511464
2026-06-23 16:20:00+00:00,1,1,0.5007338089571772
2026-06-23 16:25:00+00:00,1,1,0.5159677818467563
2026-06-23 16:30:00+00:00,1,1,0.5016453413035004
2026-06-23 16:35:00+00:00,1,1,0.5179628293914568
2026-06-23 16:40:00+00:00,1,1,0.5115572824535309
2026-06-23 16:45:00+00:00,1,1,0.5291602328717839
2026-06-23 16:55:00+00:00,1,0,0.4543057388030779
2026-06-23 17:00:00+00:00,1,0,0.4824595826821329
2026-06-23 17:05:00+00:00,1,1,0.5010174952557733
2026-06-23 17:20:00+00:00,0,0,0.45183834294675185
2026-06-23 17:25:00+00:00,0,0,0.4694957674441942
2026-06-23 17:30:00+00:00,0,0,0.484763073076878
2026-06-23 17:35:00+00:00,0,0,0.4965741505149688
2026-06-23 17:40:00+00:00,0,1,0.5142648246729586
2026-06-23 17:45:00+00:00,1,1,0.6293264175868782
2026-06-23 17:50:00+00:00,1,1,0.5935932732288223
2026-06-23 18:15:00+00:00,0,0,0.4976484832482271
2026-06-23 18:25:00+00:00,1,1,0.5565360507091329
2026-06-23 18:30:00+00:00,1,1,0.5906640839578404
2026-06-23 18:40:00+00:00,1,1,0.5829714805786604
2026-06-23 18:45:00+00:00,1,1,0.5572974181524037
2026-06-23 18:50:00+00:00,1,1,0.5297155083794293
2026-06-23 18:55:00+00:00,1,1,0.5475682798167332
2026-06-23 19:00:00+00:00,1,1,0.5112457632915011
2026-06-23 19:05:00+00:00,1,0,0.47163796917223316
2026-06-23 19:10:00+00:00,1,1,0.5746595802233846
2026-06-23 19:15:00+00:00,1,1,0.5427020730685926
2026-06-23 19:20:00+00:00,1,1,0.5156755005648489
2026-06-23 19:25:00+00:00,1,1,0.5028891842339912
2026-06-23 19:30:00+00:00,1,1,0.5051511069502727
2026-06-23 19:35:00+00:00,1,1,0.5465969595177707
2026-06-23 19:40:00+00:00,1,1,0.5842286718309595
2026-06-23 19:50:00+00:00,0,1,0.5089617689693491
2026-06-23 19:55:00+00:00,0,0,0.49205011480449984
2026-06-23 20:00:00+00:00,0,0,0.49566418710384613
2026-06-23 20:05:00+00:00,0,0,0.49566418710384613
2026-06-23 20:10:00+00:00,0,0,0.49491831728200975
2026-06-23 20:15:00+00:00,0,1,0.5197739457567337
2026-06-23 20:20:00+00:00,0,1,0.5007533202152972
2026-06-23 20:25:00+00:00,0,0,0.45374532530299155
2026-06-23 20:40:00+00:00,1,1,0.6125494190958395
2026-06-23 20:45:00+00:00,1,1,0.6145884052580093
2026-06-23 20:50:00+00:00,1,1,0.6816984295078682
2026-06-23 20:55:00+00:00,1,1,0.6224049757173172
2026-06-23 21:05:00+00:00,0,1,0.5724422169600966
2026-06-23 21:10:00+00:00,0,0,0.4262818972311721
2026-06-23 21:20:00+00:00,0,0,0.3581623355453751
2026-06-23 21:25:00+00:00,0,0,0.36412053582503706
2026-06-23 21:30:00+00:00,0,0,0.37384962097664753
2026-06-23 21:35:00+00:00,0,0,0.3734053043648278
2026-06-23 21:40:00+00:00,0,0,0.3639487660740898
2026-06-23 21:45:00+00:00,0,0,0.3601435802182423
2026-06-23 21:50:00+00:00,0,0,0.3689267311793021
2026-06-23 21:55:00+00:00,1,0,0.41187090969980056
2026-06-23 22:00:00+00:00,1,0,0.41860525854576824
2026-06-23 22:05:00+00:00,1,0,0.45032988153984965
2026-06-23 22:10:00+00:00,1,0,0.4864550336236234
2026-06-23 22:15:00+00:00,1,0,0.41811561562005406
2026-06-23 22:20:00+00:00,1,0,0.4880903129253784
2026-06-23 22:25:00+00:00,1,0,0.4631302012986349
2026-06-23 22:30:00+00:00,1,0,0.49603111044280623
2026-06-23 22:35:00+00:00,1,0,0.47716504980483504
2026-06-23 22:40:00+00:00,1,0,0.46124843998751647
2026-06-23 22:45:00+00:00,1,0,0.40883799657066666
2026-06-23 22:50:00+00:00,1,0,0.4689245650287107
2026-06-23 22:55:00+00:00,0,0,0.3042372163664416
2026-06-23 23:00:00+00:00,0,0,0.11764823358334776
2026-06-23 23:05:00+00:00,0,0,0.07957966850211991
2026-06-23 23:10:00+00:00,0,0,0.06679843843721633
2026-06-23 23:15:00+00:00,0,0,0.06956408340889735
2026-06-23 23:20:00+00:00,0,0,0.09039737896380882
2026-06-23 23:25:00+00:00,0,0,0.10989380262601074
2026-06-23 23:30:00+00:00,0,0,0.12058493034843706
2026-06-23 23:35:00+00:00,0,0,0.10851760862576015
2026-06-23 23:40:00+00:00,0,0,0.10189413121338087
2026-06-23 23:45:00+00:00,0,0,0.10333547640723476
2026-06-23 23:50:00+00:00,0,0,0.11311601574731264
2026-06-24 00:00:00+00:00,1,1,0.8813835974622866
2026-06-24 00:05:00+00:00,1,1,0.8579745472065416
2026-06-24 00:10:00+00:00,1,1,0.8364117937465924
2026-06-24 00:15:00+00:00,1,1,0.801023730316997
2026-06-24 00:20:00+00:00,1,1,0.8264638471624449
2026-06-24 00:25:00+00:00,1,1,0.823535374240184
2026-06-24 00:30:00+00:00,1,1,0.849301674765863
2026-06-24 00:35:00+00:00,1,1,0.8527456940437802
2026-06-24 00:40:00+00:00,1,1,0.8541407403842027
2026-06-24 00:45:00+00:00,1,1,0.6479255290210353
2026-06-24 00:50:00+00:00,1,1,0.6541076847754521
2026-06-24 00:55:00+00:00,1,1,0.7429526720283154
2026-06-24 01:00:00+00:00,0,1,0.6015700408084318
2026-06-24 01:05:00+00:00,0,1,0.5591101846321842
2026-06-24 01:10:00+00:00,0,1,0.5398281967151035
2026-06-24 01:20:00+00:00,0,1,0.5696336436374353
2026-06-24 01:45:00+00:00,1,1,0.5454788478999483
2026-06-24 01:50:00+00:00,1,1,0.5361240916623792
2026-06-24 01:55:00+00:00,1,0,0.48460948029926654
2026-06-24 02:00:00+00:00,1,0,0.4829761854008198
2026-06-24 02:05:00+00:00,1,0,0.45381840815791863
2026-06-24 02:10:00+00:00,1,0,0.4522506211163303
2026-06-24 02:15:00+00:00,1,0,0.45308693088393986
2026-06-24 02:20:00+00:00,1,0,0.45308693088393986
2026-06-24 02:25:00+00:00,1,0,0.45468711103748505
2026-06-24 02:30:00+00:00,1,0,0.46119570970428486
2026-06-24 02:35:00+00:00,1,0,0.48594437115484285
2026-06-24 02:40:00+00:00,1,0,0.482867744435198
2026-06-24 02:45:00+00:00,1,0,0.4705712362307429
2026-06-24 02:50:00+00:00,1,0,0.44407306680834613
2026-06-24 02:55:00+00:00,1,0,0.447272635200335
2026-06-24 03:00:00+00:00,1,1,0.5558539871956409
2026-06-24 03:05:00+00:00,1,1,0.5718755229117949
2026-06-24 03:15:00+00:00,0,0,0.46834693520367837
2026-06-24 03:20:00+00:00,0,1,0.5076434795195464
2026-06-24 03:25:00+00:00,0,1,0.583182095310269
2026-06-24 03:30:00+00:00,0,1,0.5697057710438512
2026-06-24 03:35:00+00:00,0,1,0.5760028953315761
2026-06-24 03:40:00+00:00,0,1,0.5434001827688496
2026-06-24 03:45:00+00:00,0,1,0.5525659571182306
2026-06-24 03:50:00+00:00,0,1,0.577432959627385
2026-06-24 03:55:00+00:00,0,1,0.5730430045885042
2026-06-24 04:00:00+00:00,0,1,0.624590029830722
2026-06-24 04:10:00+00:00,0,1,0.6309088786219117
2026-06-24 04:15:00+00:00,0,1,0.6133587486156333
2026-06-24 04:20:00+00:00,0,1,0.5995542497980403
2026-06-24 04:25:00+00:00,0,1,0.6235254272845582
2026-06-24 04:30:00+00:00,0,1,0.5352030635581599
2026-06-24 04:35:00+00:00,0,1,0.5432076116433153
2026-06-24 04:45:00+00:00,0,1,0.5430643390335792
2026-06-24 04:50:00+00:00,0,1,0.6383058815546353
2026-06-24 04:55:00+00:00,0,1,0.6106762712137571
2026-06-24 05:00:00+00:00,0,1,0.57596341373549
2026-06-24 05:05:00+00:00,0,1,0.5646516121193916
2026-06-24 05:10:00+00:00,1,1,0.5998547148282216
2026-06-24 05:15:00+00:00,1,1,0.6511086826352097
2026-06-24 05:20:00+00:00,1,1,0.628653682540446
2026-06-24 05:45:00+00:00,0,1,0.6328286991359234
2026-06-24 06:00:00+00:00,0,1,0.5838292046133691
2026-06-24 06:05:00+00:00,0,1,0.5288305534977785
2026-06-24 06:10:00+00:00,0,0,0.486875248839565
2026-06-24 06:15:00+00:00,0,1,0.5486037347212236
2026-06-24 06:20:00+00:00,0,1,0.5258285939851358
2026-06-24 06:30:00+00:00,0,1,0.6045284116345485
2026-06-24 06:40:00+00:00,0,1,0.5403604249750797
2026-06-24 07:15:00+00:00,1,1,0.5767590081151087
2026-06-24 07:20:00+00:00,1,1,0.5780842866236039
2026-06-24 07:25:00+00:00,1,1,0.5326250797268061
2026-06-24 07:30:00+00:00,1,1,0.5614310052010008
2026-06-24 07:35:00+00:00,1,1,0.5822323313421283
2026-06-24 07:40:00+00:00,1,1,0.5478441459526363
2026-06-24 07:45:00+00:00,1,1,0.5465497487325982
2026-06-24 07:50:00+00:00,1,1,0.5494547828101677
2026-06-24 07:55:00+00:00,1,1,0.5478441459526363
2026-06-24 08:00:00+00:00,1,1,0.5445935349200067
2026-06-24 08:05:00+00:00,1,1,0.5478441459526363
2026-06-24 08:10:00+00:00,1,1,0.6093196891853729
2026-06-24 08:15:00+00:00,1,1,0.5519605831823642
2026-06-24 08:20:00+00:00,1,0,0.49119930573064075
2026-06-24 08:25:00+00:00,1,0,0.4608544243256295
2026-06-24 08:30:00+00:00,1,0,0.4195257786018964
2026-06-24 08:35:00+00:00,1,1,0.5064164080017588
2026-06-24 08:40:00+00:00,1,1,0.500667650247372
2026-06-24 08:45:00+00:00,1,1,0.5451826055520558
2026-06-24 08:50:00+00:00,1,0,0.49089825887676625
2026-06-24 08:55:00+00:00,1,1,0.5089093394057355
2026-06-24 09:00:00+00:00,1,1,0.5790467444105523
2026-06-24 09:05:00+00:00,1,1,0.5521491584264663
2026-06-24 09:10:00+00:00,1,1,0.5533850802227519
2026-06-24 09:15:00+00:00,1,1,0.54928552672003
2026-06-24 09:20:00+00:00,1,1,0.5533850802227519
2026-06-24 09:30:00+00:00,1,0,0.41264212399477224
2026-06-24 09:35:00+00:00,1,0,0.4118114346455031
2026-06-24 09:50:00+00:00,1,1,0.5031991056187476
2026-06-24 10:00:00+00:00,0,1,0.5825614109345931
2026-06-24 10:05:00+00:00,1,1,0.5533847303822994
2026-06-24 10:10:00+00:00,1,0,0.48543741238731486
2026-06-24 10:15:00+00:00,1,1,0.5509484011482194
2026-06-24 10:20:00+00:00,0,1,0.5441775239887751
2026-06-24 10:25:00+00:00,1,1,0.5503412298495313
2026-06-24 10:35:00+00:00,1,1,0.5354918794462739
2026-06-24 10:40:00+00:00,1,1,0.5583081761583141
2026-06-24 10:45:00+00:00,1,1,0.5421140552851206
2026-06-24 10:50:00+00:00,1,1,0.5358925418052088
2026-06-24 10:55:00+00:00,1,1,0.5277439846332674
2026-06-24 11:00:00+00:00,1,1,0.6101970883944261
2026-06-24 11:05:00+00:00,1,1,0.5489456558228089
2026-06-24 11:10:00+00:00,1,1,0.5824922536905068
2026-06-24 11:15:00+00:00,1,1,0.6113576316297503
2026-06-24 11:20:00+00:00,1,1,0.5875573376009992
2026-06-24 11:25:00+00:00,1,1,0.5956031413844424
2026-06-24 11:30:00+00:00,1,1,0.590242865744742
2026-06-24 11:40:00+00:00,1,1,0.5711126024264338
2026-06-24 11:45:00+00:00,1,1,0.5827536717187561
2026-06-24 11:55:00+00:00,0,1,0.5897075080691176
2026-06-24 12:00:00+00:00,0,1,0.6013420159429651
2026-06-24 12:05:00+00:00,0,1,0.587953131048147
2026-06-24 12:10:00+00:00,0,1,0.5950697303951203
2026-06-24 12:15:00+00:00,0,1,0.5580381605451497
2026-06-24 12:20:00+00:00,0,1,0.6034578208397235
2026-06-24 12:25:00+00:00,0,1,0.5440390355486179
2026-06-24 12:30:00+00:00,0,1,0.52168364142972
2026-06-24 12:35:00+00:00,0,1,0.653876612053009
2026-06-24 12:40:00+00:00,0,1,0.5288738104843588
2026-06-24 12:45:00+00:00,0,1,0.5484306094399427
2026-06-24 12:50:00+00:00,0,1,0.5959131764281753
2026-06-24 12:55:00+00:00,0,1,0.5756143002418169
2026-06-24 13:00:00+00:00,0,1,0.5869656149891594
2026-06-24 13:05:00+00:00,0,1,0.5709531958919682
2026-06-24 13:10:00+00:00,0,1,0.653730875546895
2026-06-24 13:15:00+00:00,0,1,0.6002897232050309
2026-06-24 13:20:00+00:00,0,1,0.5730319519177033
2026-06-24 13:25:00+00:00,0,1,0.6303884784417542
2026-06-24 13:30:00+00:00,0,1,0.5986813773119919
2026-06-24 13:35:00+00:00,0,1,0.6142886025359099
2026-06-24 13:40:00+00:00,0,1,0.6746420265045443
2026-06-24 13:45:00+00:00,0,1,0.6354851266861029
2026-06-24 13:50:00+00:00,0,1,0.6265474305242067
2026-06-24 13:55:00+00:00,0,1,0.6490965681644684
2026-06-24 14:00:00+00:00,0,1,0.6720648194797811
2026-06-24 14:05:00+00:00,0,1,0.6759636892864541
2026-06-24 14:10:00+00:00,0,1,0.6589243363086514
2026-06-24 14:15:00+00:00,0,1,0.6339099437062244
2026-06-24 14:20:00+00:00,0,1,0.648598165311102
2026-06-24 14:25:00+00:00,1,1,0.7054014068036736
2026-06-24 14:30:00+00:00,1,1,0.6746781554054165
2026-06-24 14:35:00+00:00,1,1,0.6595887410951548
2026-06-24 14:40:00+00:00,1,1,0.6430045263476353
2026-06-24 14:45:00+00:00,1,1,0.6402420747329048
2026-06-24 14:50:00+00:00,1,1,0.6731247192884526
2026-06-24 14:55:00+00:00,1,1,0.6735141791141609
2026-06-24 15:00:00+00:00,1,1,0.6723798006283852
2026-06-24 15:05:00+00:00,1,1,0.6476179238191351
2026-06-24 15:10:00+00:00,1,1,0.6440001656597747
2026-06-24 15:15:00+00:00,1,1,0.679550628559906
2026-06-24 15:20:00+00:00,1,1,0.6267406835016236
2026-06-24 15:25:00+00:00,1,1,0.6226955114463437
2026-06-24 15:30:00+00:00,1,1,0.590561097761881
2026-06-24 15:35:00+00:00,1,1,0.604282915003104
2026-06-24 15:45:00+00:00,1,1,0.5929603017831933
2026-06-24 16:00:00+00:00,0,1,0.6094638046386605
2026-06-24 16:05:00+00:00,0,1,0.5804004215633811
2026-06-24 16:10:00+00:00,0,1,0.6124294205010629
2026-06-24 16:20:00+00:00,1,1,0.6174988172559672
2026-06-24 16:25:00+00:00,1,1,0.6556701631065021
2026-06-24 16:35:00+00:00,1,1,0.6204566836329092
2026-06-24 16:40:00+00:00,1,1,0.6144105266037753
2026-06-24 16:45:00+00:00,0,1,0.5381531153084305
2026-06-24 16:55:00+00:00,1,1,0.5349689163437441
2026-06-24 17:00:00+00:00,1,1,0.6787705826100151
2026-06-24 17:05:00+00:00,1,1,0.6284786320591317
2026-06-24 17:10:00+00:00,1,1,0.6079051029916579
2026-06-24 17:15:00+00:00,1,1,0.5333839646746189
2026-06-24 17:25:00+00:00,1,1,0.6241750021304794
2026-06-24 17:30:00+00:00,1,1,0.6299492049464009
2026-06-24 17:35:00+00:00,1,1,0.6191380036490619
2026-06-24 17:40:00+00:00,1,1,0.6191380036490619
2026-06-24 17:45:00+00:00,1,1,0.6163065511860681
2026-06-24 17:50:00+00:00,1,1,0.626090562132294
2026-06-24 17:55:00+00:00,0,1,0.5723833460416254
2026-06-24 18:00:00+00:00,0,1,0.5748780325116589
2026-06-24 18:05:00+00:00,0,1,0.5574118019779207
2026-06-24 18:10:00+00:00,0,1,0.5570639325834474
2026-06-24 18:25:00+00:00,0,1,0.5313052285032515
2026-06-24 18:30:00+00:00,0,1,0.5795945179172319
2026-06-24 18:35:00+00:00,0,1,0.5388612917953998
2026-06-24 18:40:00+00:00,0,1,0.6385079186860628
2026-06-24 19:05:00+00:00,1,1,0.6453327200830684
2026-06-24 19:10:00+00:00,1,1,0.5939151491103983
2026-06-24 19:15:00+00:00,1,1,0.6045776805108338
2026-06-24 19:20:00+00:00,1,1,0.6173817090565729
2026-06-24 19:25:00+00:00,1,1,0.7059254532189172
2026-06-24 19:30:00+00:00,1,1,0.7029342844141749
2026-06-24 19:35:00+00:00,1,1,0.6928768155171721
2026-06-24 19:40:00+00:00,1,1,0.6560281900092053
2026-06-24 19:45:00+00:00,1,1,0.6138759880054593
2026-06-24 19:50:00+00:00,1,1,0.6148204218498194
2026-06-24 19:55:00+00:00,1,1,0.6124888771455268
2026-06-24 20:00:00+00:00,1,1,0.6170120668846824
2026-06-24 20:05:00+00:00,1,1,0.5689069366372023
2026-06-24 20:10:00+00:00,1,1,0.5689133855256749
2026-06-24 20:15:00+00:00,1,1,0.5568664717717162
2026-06-24 20:30:00+00:00,1,1,0.6938165751486536
2026-06-24 20:35:00+00:00,1,1,0.6159856777070796
2026-06-24 20:45:00+00:00,0,1,0.5666987527732033
2026-06-24 20:50:00+00:00,0,1,0.5421997419788183
2026-06-24 20:55:00+00:00,0,1,0.5796804779303145
2026-06-24 21:00:00+00:00,0,1,0.547082033817019
2026-06-24 21:05:00+00:00,0,1,0.5137363177174136
2026-06-24 21:10:00+00:00,0,1,0.5400170151022256
2026-06-24 21:20:00+00:00,1,1,0.5742182649248009
2026-06-24 21:25:00+00:00,1,1,0.5366046172707105
2026-06-24 21:30:00+00:00,1,0,0.4592658795363156
2026-06-24 21:35:00+00:00,1,1,0.5783251935322434
2026-06-24 21:40:00+00:00,1,1,0.6191845455375269
2026-06-24 21:45:00+00:00,1,1,0.5530922560811818
2026-06-24 21:50:00+00:00,1,1,0.5589541943253618
2026-06-24 21:55:00+00:00,1,1,0.6141447311986227
2026-06-24 22:00:00+00:00,1,1,0.5405473715318747
2026-06-24 22:05:00+00:00,1,0,0.38456492385198904
2026-06-24 22:10:00+00:00,1,0,0.40708969426282376
2026-06-24 22:25:00+00:00,0,0,0.2624672641150483
2026-06-24 22:30:00+00:00,0,0,0.24142970038024567
2026-06-24 22:45:00+00:00,1,0,0.32568702923767784
2026-06-24 22:50:00+00:00,1,0,0.32998102491288894
2026-06-24 22:55:00+00:00,0,0,0.26031895976981795
2026-06-24 23:00:00+00:00,0,0,0.09281970671512849
2026-06-24 23:05:00+00:00,0,0,0.09074600022587823
2026-06-24 23:10:00+00:00,0,0,0.06815067455353076
2026-06-24 23:15:00+00:00,0,0,0.07318909825205333
2026-06-24 23:20:00+00:00,0,0,0.07340947730022088
2026-06-24 23:25:00+00:00,0,0,0.09054562634821041
2026-06-24 23:30:00+00:00,0,0,0.08929784391269417
2026-06-24 23:35:00+00:00,0,0,0.07791268863171483
2026-06-24 23:40:00+00:00,0,0,0.09737059835611503
2026-06-24 23:45:00+00:00,0,0,0.08754410813964125
2026-06-24 23:50:00+00:00,0,0,0.08616298978344493
2026-06-25 00:00:00+00:00,1,1,0.7082539752155099
2026-06-25 00:05:00+00:00,1,1,0.6951053646815641
2026-06-25 00:10:00+00:00,1,1,0.6361435244740589
2026-06-25 00:15:00+00:00,1,1,0.6841249339551555
2026-06-25 00:25:00+00:00,1,1,0.6370192084359463
2026-06-25 00:50:00+00:00,1,0,0.49014085834219034
2026-06-25 00:55:00+00:00,1,0,0.4498083350997212
2026-06-25 01:00:00+00:00,1,0,0.4498981064709397
2026-06-25 01:20:00+00:00,1,1,0.5190527752206751
2026-06-25 01:25:00+00:00,1,1,0.5407906402652161
2026-06-25 01:30:00+00:00,1,1,0.5296932923632969
2026-06-25 01:35:00+00:00,1,1,0.5153241187618169
2026-06-25 01:40:00+00:00,1,1,0.5031678307198584
2026-06-25 01:45:00+00:00,1,0,0.4492817885394433
2026-06-25 01:50:00+00:00,1,0,0.44987946558440234
2026-06-25 02:00:00+00:00,0,0,0.38130624830486676
2026-06-25 02:05:00+00:00,0,0,0.4163011195542122
2026-06-25 02:15:00+00:00,0,0,0.4112220929634454
2026-06-25 02:20:00+00:00,0,0,0.4136951460291173
2026-06-25 02:25:00+00:00,0,0,0.37573478352059725
2026-06-25 02:30:00+00:00,0,0,0.3672912511610741
2026-06-25 02:35:00+00:00,0,0,0.3989245170410363
2026-06-25 02:40:00+00:00,0,0,0.42379917759678
2026-06-25 02:45:00+00:00,0,0,0.3977263572631898
2026-06-25 02:50:00+00:00,0,0,0.3675709706387549
2026-06-25 02:55:00+00:00,0,0,0.41514308625096474
2026-06-25 03:00:00+00:00,0,1,0.5471261480361445
2026-06-25 03:05:00+00:00,0,1,0.5179707895885654
2026-06-25 03:10:00+00:00,0,0,0.4591685912342767
2026-06-25 03:15:00+00:00,0,1,0.5299000955827698
2026-06-25 03:20:00+00:00,0,1,0.5244896655110495
2026-06-25 03:25:00+00:00,0,0,0.4834347358177198
2026-06-25 03:30:00+00:00,0,0,0.4485314251967517
2026-06-25 03:35:00+00:00,0,0,0.42610550022906984
2026-06-25 03:40:00+00:00,0,0,0.49655429586771976
2026-06-25 03:50:00+00:00,0,1,0.6087528286236535
2026-06-25 04:00:00+00:00,0,1,0.7015499452391829
2026-06-25 04:05:00+00:00,0,1,0.7120114771225661
2026-06-25 04:10:00+00:00,0,1,0.7048902997283875
2026-06-25 04:20:00+00:00,1,1,0.7817643754377994
2026-06-25 04:30:00+00:00,1,1,0.6020941646734908
2026-06-25 04:40:00+00:00,1,1,0.6269927738944058
2026-06-25 04:50:00+00:00,0,1,0.5599297792088348
2026-06-25 05:10:00+00:00,1,1,0.7030776403900502
2026-06-25 05:15:00+00:00,1,1,0.6785187307626683
2026-06-25 05:20:00+00:00,1,1,0.6626281783131369
2026-06-25 05:25:00+00:00,1,1,0.6819050504207904
2026-06-25 05:30:00+00:00,1,1,0.6057743677575904
2026-06-25 05:35:00+00:00,1,1,0.654075776410827
2026-06-25 05:40:00+00:00,1,1,0.628565358445276
2026-06-25 05:45:00+00:00,1,1,0.6142502519481328
2026-06-25 05:50:00+00:00,1,1,0.6298353899806483
2026-06-25 05:55:00+00:00,1,1,0.6312167082782122
2026-06-25 06:00:00+00:00,1,1,0.5837350463714606
2026-06-25 06:05:00+00:00,1,1,0.576067878148219
2026-06-25 06:10:00+00:00,1,1,0.5626192846574822
2026-06-25 06:15:00+00:00,1,1,0.5028956312681782
2026-06-25 06:20:00+00:00,1,0,0.4665184859879215
2026-06-25 06:25:00+00:00,1,1,0.5071678474415461
2026-06-25 06:30:00+00:00,1,1,0.528697595183631
2026-06-25 06:35:00+00:00,1,1,0.5364139615779656
2026-06-25 06:40:00+00:00,1,0,0.48972972967037504
2026-06-25 06:45:00+00:00,1,0,0.4959143664439682
2026-06-25 06:50:00+00:00,1,0,0.4822447702550783
2026-06-25 06:55:00+00:00,1,1,0.5160318151423466
2026-06-25 07:00:00+00:00,1,1,0.5272948108942137
2026-06-25 07:05:00+00:00,1,1,0.5089349109968675
2026-06-25 07:10:00+00:00,1,0,0.4843435884715023
2026-06-25 07:15:00+00:00,1,1,0.5238272096692009
2026-06-25 07:20:00+00:00,1,0,0.4563730303865525
2026-06-25 07:25:00+00:00,1,1,0.5195626049415265
2026-06-25 07:30:00+00:00,1,1,0.5315526632220356
2026-06-25 07:35:00+00:00,1,1,0.5238272096692009
2026-06-25 07:40:00+00:00,1,0,0.4785632163715215
2026-06-25 07:45:00+00:00,1,0,0.48011516625339884
2026-06-25 07:50:00+00:00,1,0,0.4592881302854915
2026-06-25 07:55:00+00:00,1,0,0.41380615565540696
2026-06-25 08:00:00+00:00,1,0,0.44642009404381594
2026-06-25 08:05:00+00:00,1,1,0.5264899764268358
2026-06-25 08:10:00+00:00,1,0,0.4833722691132041
2026-06-25 08:15:00+00:00,1,1,0.5184680667443614
2026-06-25 08:20:00+00:00,1,1,0.509146359984688
2026-06-25 08:25:00+00:00,1,1,0.5646766893225879
2026-06-25 08:30:00+00:00,1,1,0.5348299251822985
2026-06-25 08:35:00+00:00,1,0,0.4761678887802002
2026-06-25 08:40:00+00:00,1,0,0.46958611643630443
2026-06-25 08:45:00+00:00,1,1,0.5299675415572855
2026-06-25 08:50:00+00:00,1,1,0.5249827658508588
2026-06-25 08:55:00+00:00,1,1,0.5216166025750096
2026-06-25 09:00:00+00:00,1,0,0.4632765771761603
2026-06-25 09:05:00+00:00,1,0,0.4236778424784527
2026-06-25 09:10:00+00:00,1,0,0.4945568406149266
2026-06-25 09:15:00+00:00,1,0,0.4559706732131554
2026-06-25 09:20:00+00:00,1,0,0.4439514759652544
2026-06-25 09:25:00+00:00,0,0,0.3985518185086588
2026-06-25 09:30:00+00:00,0,0,0.45704514736563356
2026-06-25 09:35:00+00:00,0,0,0.399973984680467
2026-06-25 09:45:00+00:00,1,0,0.38335231428032807
2026-06-25 09:50:00+00:00,0,0,0.49696289287612855
2026-06-25 09:55:00+00:00,0,1,0.5496471714731569
2026-06-25 10:00:00+00:00,0,0,0.4785718612383928
2026-06-25 10:05:00+00:00,0,1,0.5552804223387168
2026-06-25 10:10:00+00:00,0,1,0.5703269023305833
2026-06-25 10:15:00+00:00,0,1,0.5522005824792954
2026-06-25 10:20:00+00:00,0,1,0.5786563818246963
2026-06-25 10:25:00+00:00,0,1,0.5880708900935895
2026-06-25 10:30:00+00:00,0,1,0.5548025180941368
2026-06-25 10:35:00+00:00,0,1,0.6436756891213874
2026-06-25 10:40:00+00:00,0,1,0.5221783625425019
2026-06-25 10:45:00+00:00,0,1,0.5306134889762535
2026-06-25 10:50:00+00:00,0,1,0.5770138242307026
2026-06-25 10:55:00+00:00,0,1,0.6485926400541845
2026-06-25 11:15:00+00:00,1,1,0.6929709302191914
2026-06-25 11:20:00+00:00,1,1,0.6732404154745039
2026-06-25 11:25:00+00:00,1,1,0.6825094067468447
2026-06-25 11:30:00+00:00,1,1,0.6688616547855485
2026-06-25 11:35:00+00:00,1,1,0.6634031175067286
2026-06-25 11:40:00+00:00,1,1,0.6728390849596247
2026-06-25 11:45:00+00:00,1,1,0.649702647696529
2026-06-25 11:50:00+00:00,0,1,0.6147658411197834
2026-06-25 11:55:00+00:00,1,1,0.662303627903619
2026-06-25 12:05:00+00:00,0,1,0.6280771219675282
2026-06-25 12:15:00+00:00,0,1,0.5838126994291093
2026-06-25 12:35:00+00:00,1,1,0.6102493908268447
2026-06-25 12:40:00+00:00,1,1,0.6052778972289267
2026-06-25 12:45:00+00:00,1,1,0.6143065860072402
2026-06-25 12:50:00+00:00,1,1,0.6143929826406737
2026-06-25 12:55:00+00:00,1,1,0.619743029660231
2026-06-25 13:00:00+00:00,1,1,0.6263206995625237
2026-06-25 13:05:00+00:00,1,0,0.44568513386175235
2026-06-25 13:10:00+00:00,1,0,0.4177105503587702
2026-06-25 13:15:00+00:00,1,0,0.41184288850042106
2026-06-25 13:20:00+00:00,1,0,0.41057803920435737
2026-06-25 13:25:00+00:00,1,0,0.40231527301208825
2026-06-25 13:30:00+00:00,1,0,0.38992008825487984
2026-06-25 13:35:00+00:00,1,0,0.3919677141857434
2026-06-25 13:40:00+00:00,1,0,0.3636580090808851
2026-06-25 13:45:00+00:00,1,0,0.3244801229426165
2026-06-25 13:50:00+00:00,1,0,0.3925465346094817
2026-06-25 13:55:00+00:00,0,0,0.34272041782365886
2026-06-25 14:00:00+00:00,1,0,0.3542656804367355
2026-06-25 14:05:00+00:00,0,0,0.49272834165736423
2026-06-25 14:10:00+00:00,0,0,0.3819649021163818
2026-06-25 14:15:00+00:00,0,0,0.3987031753542119
2026-06-25 14:25:00+00:00,0,0,0.3432412992827066
2026-06-25 14:30:00+00:00,0,0,0.32238899696160656
2026-06-25 14:35:00+00:00,0,0,0.3220429829793161
2026-06-25 14:40:00+00:00,0,1,0.5638523634998991
2026-06-25 14:45:00+00:00,0,0,0.48592629109406416
2026-06-25 14:50:00+00:00,0,0,0.4564055481189991
2026-06-25 14:55:00+00:00,0,1,0.5276178126769008
2026-06-25 15:00:00+00:00,0,0,0.4544322688423433
2026-06-25 15:10:00+00:00,0,1,0.5353099608392764
2026-06-25 15:15:00+00:00,0,1,0.5385244137594704
2026-06-25 15:20:00+00:00,0,0,0.44395951263269134
2026-06-25 15:25:00+00:00,0,1,0.5138711573682984
2026-06-25 15:30:00+00:00,0,1,0.5288377202425203
2026-06-25 15:35:00+00:00,0,1,0.5074887499280107
2026-06-25 15:40:00+00:00,1,1,0.5186790096415447
2026-06-25 15:45:00+00:00,0,1,0.5212774956769741
2026-06-25 15:50:00+00:00,0,1,0.5312196853800318
2026-06-25 15:55:00+00:00,0,1,0.5069734815248471
2026-06-25 16:00:00+00:00,0,1,0.5176685629501661
2026-06-25 16:05:00+00:00,0,1,0.5098347080214238
2026-06-25 16:10:00+00:00,0,1,0.5598248295760672
2026-06-25 16:15:00+00:00,0,1,0.5218302476315075
2026-06-25 16:20:00+00:00,0,1,0.5653830775495268
2026-06-25 16:25:00+00:00,0,1,0.5670353946371185
2026-06-25 16:30:00+00:00,0,1,0.5615570419377188
2026-06-25 16:35:00+00:00,0,1,0.6014965774581136
2026-06-25 16:40:00+00:00,0,1,0.5701461966511993
2026-06-25 16:45:00+00:00,0,1,0.5684918436662014
2026-06-25 16:50:00+00:00,0,1,0.6311031958687141
2026-06-25 16:55:00+00:00,0,1,0.5704800067369541
2026-06-25 17:00:00+00:00,1,0,0.4625339859288838
2026-06-25 17:15:00+00:00,0,0,0.4850550859041191
2026-06-25 17:20:00+00:00,0,0,0.4492242216127865
2026-06-25 17:25:00+00:00,0,0,0.4513445571039452
2026-06-25 17:30:00+00:00,0,0,0.4803925852453709
2026-06-25 17:40:00+00:00,1,0,0.38991333343145484
2026-06-25 17:45:00+00:00,1,0,0.36354794280073005
2026-06-25 17:50:00+00:00,1,0,0.3974122183597024
2026-06-25 18:00:00+00:00,1,0,0.39667812785249507
2026-06-25 18:05:00+00:00,1,0,0.4716732005303199
2026-06-25 18:20:00+00:00,1,0,0.46448291173776174
2026-06-25 18:25:00+00:00,1,0,0.4466670665138133
2026-06-25 18:30:00+00:00,1,0,0.48538567143039896
2026-06-25 18:35:00+00:00,1,0,0.4931778559952298
2026-06-25 18:40:00+00:00,1,0,0.4394353584907868
2026-06-25 18:45:00+00:00,1,0,0.4514120354799651
2026-06-25 18:50:00+00:00,1,0,0.46885133224331094
2026-06-25 18:55:00+00:00,1,0,0.4735705383725375
2026-06-25 19:00:00+00:00,1,0,0.47392426293620993
2026-06-25 19:05:00+00:00,1,1,0.5019918683298895
2026-06-25 19:10:00+00:00,1,0,0.48642976114587705
2026-06-25 19:15:00+00:00,1,1,0.5149947844984792
2026-06-25 19:20:00+00:00,1,1,0.5460238401659135
2026-06-25 19:25:00+00:00,1,1,0.5540008953200922
2026-06-25 19:30:00+00:00,1,1,0.5555320231401529
2026-06-25 19:35:00+00:00,1,1,0.5020053077629998
2026-06-25 19:40:00+00:00,1,1,0.5577068040203037
2026-06-25 19:45:00+00:00,1,1,0.5440363591438089
2026-06-25 19:50:00+00:00,1,1,0.5210228234624298
2026-06-25 20:00:00+00:00,1,0,0.473262680126713
2026-06-25 20:05:00+00:00,1,1,0.5328324464181156
2026-06-25 20:15:00+00:00,1,0,0.4345512706672794
2026-06-25 20:30:00+00:00,0,0,0.47427829829895235
2026-06-25 20:35:00+00:00,0,0,0.4707229604298994
2026-06-25 20:45:00+00:00,1,0,0.49784134593307316
2026-06-25 20:50:00+00:00,1,1,0.5560860679939432
2026-06-25 20:55:00+00:00,1,1,0.5067410196806307
2026-06-25 21:00:00+00:00,0,1,0.557445573171147
2026-06-25 21:10:00+00:00,1,1,0.596644885076942
2026-06-25 21:15:00+00:00,1,1,0.5193047163706402
2026-06-25 21:25:00+00:00,1,1,0.546039935782093
2026-06-25 21:30:00+00:00,0,1,0.5118242979774298
2026-06-25 21:35:00+00:00,0,0,0.4787786292259688
2026-06-25 21:40:00+00:00,0,0,0.4870636709466973
2026-06-25 21:50:00+00:00,1,1,0.5481051991812345
2026-06-25 22:20:00+00:00,1,1,0.590929674062302
2026-06-25 22:25:00+00:00,1,1,0.5892276079786716
2026-06-25 22:30:00+00:00,1,1,0.6575886058007135
2026-06-25 22:35:00+00:00,1,1,0.6777539679989846
2026-06-25 22:45:00+00:00,0,1,0.5152673333329086
2026-06-25 22:50:00+00:00,0,0,0.47807662544225543
2026-06-25 23:00:00+00:00,0,0,0.12289474275992877
2026-06-25 23:05:00+00:00,0,0,0.12591018092776374
2026-06-25 23:10:00+00:00,0,0,0.09933203733381937
2026-06-25 23:15:00+00:00,0,0,0.1390331865173858
2026-06-25 23:20:00+00:00,0,0,0.09546120106491482
2026-06-25 23:35:00+00:00,0,0,0.08612533534642487
2026-06-25 23:40:00+00:00,0,0,0.12241660096218088
2026-06-25 23:45:00+00:00,0,0,0.11893704145536728
2026-06-25 23:50:00+00:00,0,0,0.11893704145536728
2026-06-25 23:55:00+00:00,0,0,0.10957430832250477
2026-06-26 00:00:00+00:00,1,1,0.5993396436271576
2026-06-26 00:05:00+00:00,1,1,0.5914039243643777
2026-06-26 00:10:00+00:00,1,0,0.4626478788045406
2026-06-26 00:15:00+00:00,1,0,0.46750459440060216
2026-06-26 00:20:00+00:00,1,1,0.6499418198159048
2026-06-26 00:30:00+00:00,0,1,0.5038468471318747
2026-06-26 00:35:00+00:00,1,1,0.605706796617621
2026-06-26 00:55:00+00:00,1,0,0.49797817340122497
2026-06-26 01:05:00+00:00,1,1,0.5537238030484944
2026-06-26 01:15:00+00:00,1,1,0.5386504921412458
2026-06-26 01:20:00+00:00,1,1,0.5483166342939189
2026-06-26 01:25:00+00:00,1,1,0.5457652381128767
2026-06-26 01:30:00+00:00,1,1,0.5598202937381884
2026-06-26 01:35:00+00:00,1,1,0.5748727074765871
2026-06-26 01:40:00+00:00,1,1,0.563914222990451
2026-06-26 01:45:00+00:00,1,1,0.578441610301533
2026-06-26 01:50:00+00:00,1,0,0.459975058954499
2026-06-26 01:55:00+00:00,1,1,0.5626125436564453
2026-06-26 02:00:00+00:00,1,1,0.5935852668096089
2026-06-26 02:05:00+00:00,1,1,0.5638570918493584
2026-06-26 02:10:00+00:00,1,0,0.3652236438969925
2026-06-26 02:25:00+00:00,1,0,0.4597595451245638
2026-06-26 02:30:00+00:00,1,0,0.4562452022991548
2026-06-26 02:45:00+00:00,1,0,0.45331486636569646
2026-06-26 02:50:00+00:00,1,0,0.43987031102763385
2026-06-26 02:55:00+00:00,1,0,0.4162491926496148
2026-06-26 03:00:00+00:00,1,0,0.45922204354222523
2026-06-26 03:10:00+00:00,1,0,0.458288516405575
2026-06-26 03:15:00+00:00,1,0,0.4219128034943169
2026-06-26 03:20:00+00:00,1,0,0.48642935405443083
2026-06-26 03:25:00+00:00,1,0,0.42287809684095196
2026-06-26 03:30:00+00:00,1,1,0.5020645266470319
2026-06-26 03:35:00+00:00,1,0,0.4706259327362078
2026-06-26 03:40:00+00:00,1,0,0.4662303409818515
2026-06-26 03:45:00+00:00,1,0,0.47944857496668486
2026-06-26 03:55:00+00:00,0,0,0.4524981160455703
2026-06-26 04:00:00+00:00,0,0,0.49131606390039745
2026-06-26 04:05:00+00:00,0,1,0.5242044599573172
2026-06-26 04:10:00+00:00,0,1,0.5392341287102788
2026-06-26 04:15:00+00:00,0,0,0.4916112824679983
2026-06-26 04:20:00+00:00,0,1,0.5194893799163545
2026-06-26 04:25:00+00:00,0,0,0.4898712365902837
2026-06-26 04:30:00+00:00,0,0,0.49001048503649886
2026-06-26 04:35:00+00:00,0,1,0.5522071486296621
2026-06-26 04:40:00+00:00,0,1,0.5284455183614453
2026-06-26 04:45:00+00:00,0,1,0.5350371496058085
2026-06-26 04:50:00+00:00,0,1,0.5260273101304863
2026-06-26 04:55:00+00:00,0,1,0.5821537745041928
2026-06-26 05:00:00+00:00,0,1,0.5946259436940942
2026-06-26 05:05:00+00:00,0,1,0.5215894964854175
2026-06-26 05:10:00+00:00,0,1,0.5219262291878026
2026-06-26 05:15:00+00:00,0,0,0.4898412738024929
2026-06-26 05:20:00+00:00,0,0,0.475286661461089
2026-06-26 05:25:00+00:00,0,0,0.4665777412930436
2026-06-26 05:30:00+00:00,0,1,0.5358574174106137
2026-06-26 05:35:00+00:00,0,0,0.4807019004933578
2026-06-26 05:40:00+00:00,0,0,0.47259281534544123
2026-06-26 05:45:00+00:00,0,1,0.5268283136990953
2026-06-26 05:50:00+00:00,0,1,0.5088153300237163
2026-06-26 05:55:00+00:00,0,1,0.5069160127468916
2026-06-26 06:00:00+00:00,0,1,0.6079745128924839
2026-06-26 06:05:00+00:00,0,1,0.5834815267702456
2026-06-26 06:10:00+00:00,0,1,0.6081097625241825
2026-06-26 06:15:00+00:00,0,1,0.6345314351264232
2026-06-26 06:20:00+00:00,0,1,0.6340237103512565
2026-06-26 06:25:00+00:00,0,1,0.6502970813230233
2026-06-26 06:30:00+00:00,0,1,0.7079421013213876
2026-06-26 06:35:00+00:00,0,1,0.6929557439611306
2026-06-26 06:40:00+00:00,0,1,0.7338128911319177
2026-06-26 06:50:00+00:00,0,1,0.6626206018228427
2026-06-26 06:55:00+00:00,0,1,0.6286006422844287
2026-06-26 07:00:00+00:00,0,1,0.6991366934242792
2026-06-26 07:05:00+00:00,0,1,0.7013361524464817
2026-06-26 07:15:00+00:00,0,1,0.6684317790713306
2026-06-26 07:30:00+00:00,1,1,0.6590257516018687
2026-06-26 07:40:00+00:00,0,1,0.6797310895436027
2026-06-26 07:45:00+00:00,0,1,0.6409435070292754
2026-06-26 07:50:00+00:00,0,1,0.6321403763353793
2026-06-26 07:55:00+00:00,0,1,0.6350255388182019
2026-06-26 08:10:00+00:00,0,1,0.7239990431909954
2026-06-26 08:15:00+00:00,1,1,0.7208272389360321
2026-06-26 08:20:00+00:00,1,1,0.7178958017741794
2026-06-26 08:25:00+00:00,1,1,0.7446580373417222
2026-06-26 08:30:00+00:00,1,1,0.7170387903738311
2026-06-26 08:35:00+00:00,1,1,0.710389558678185
2026-06-26 08:40:00+00:00,1,1,0.7452033754897541
2026-06-26 08:45:00+00:00,1,1,0.6976767518228492
2026-06-26 08:50:00+00:00,1,1,0.7548937747363698
2026-06-26 08:55:00+00:00,1,1,0.7600587169631339
2026-06-26 09:00:00+00:00,1,1,0.6501592920021334
2026-06-26 09:05:00+00:00,1,1,0.6453191707420005
2026-06-26 09:10:00+00:00,1,1,0.6358711141088844
2026-06-26 09:15:00+00:00,1,1,0.6035924446898847
2026-06-26 09:20:00+00:00,1,1,0.5833257959318688
2026-06-26 09:25:00+00:00,1,1,0.5654354480735801
2026-06-26 09:35:00+00:00,0,1,0.5184371292522616
2026-06-26 09:40:00+00:00,0,0,0.49378048650388634
2026-06-26 09:45:00+00:00,0,0,0.4464648844570674
2026-06-26 09:50:00+00:00,0,0,0.4663658991129251
2026-06-26 09:55:00+00:00,0,0,0.44181946448762993
2026-06-26 10:00:00+00:00,0,0,0.47312786564251436
2026-06-26 10:05:00+00:00,0,1,0.5060990947871822
2026-06-26 10:10:00+00:00,0,1,0.5161352149124667
2026-06-26 10:15:00+00:00,0,1,0.5054454548723044
2026-06-26 10:20:00+00:00,0,0,0.48483395510285293
2026-06-26 10:25:00+00:00,0,0,0.44421525463198813
2026-06-26 10:30:00+00:00,0,0,0.47153385906854917
2026-06-26 10:40:00+00:00,0,1,0.530520053068623
2026-06-26 10:45:00+00:00,0,1,0.5426898691394142
2026-06-26 10:50:00+00:00,0,1,0.563249566528641
2026-06-26 10:55:00+00:00,0,1,0.6035101469634649
2026-06-26 11:00:00+00:00,0,1,0.6073537461182287
2026-06-26 11:20:00+00:00,1,1,0.6227692060301977
2026-06-26 11:30:00+00:00,0,1,0.5315758431574701
2026-06-26 11:35:00+00:00,0,1,0.5332267969538436
2026-06-26 11:40:00+00:00,0,1,0.5465373356401989
2026-06-26 11:45:00+00:00,0,1,0.5332837570620903
2026-06-26 11:55:00+00:00,1,1,0.5540511284055974
2026-06-26 12:00:00+00:00,1,1,0.5897007119177934
2026-06-26 12:05:00+00:00,1,1,0.5755551806136704
2026-06-26 12:10:00+00:00,1,1,0.5792437994778504
2026-06-26 12:15:00+00:00,1,1,0.5659624143389916
2026-06-26 12:20:00+00:00,1,1,0.5119907886362829
2026-06-26 12:25:00+00:00,1,1,0.5430841018641192
2026-06-26 12:40:00+00:00,1,1,0.5526769193705232
2026-06-26 12:45:00+00:00,1,1,0.578303575587832
2026-06-26 12:50:00+00:00,1,1,0.5625484193859513
2026-06-26 13:00:00+00:00,1,1,0.5090681774461934
2026-06-26 13:05:00+00:00,1,1,0.550721850596859
2026-06-26 13:10:00+00:00,1,1,0.5313867992030437
2026-06-26 13:25:00+00:00,1,1,0.5241252518434409
2026-06-26 13:30:00+00:00,1,1,0.5382992101353902
2026-06-26 13:35:00+00:00,1,1,0.5248568425255684
2026-06-26 13:40:00+00:00,1,1,0.5165921962829192
2026-06-26 13:45:00+00:00,1,1,0.5079369779477236
2026-06-26 13:50:00+00:00,1,0,0.481304575075844
2026-06-26 13:55:00+00:00,1,1,0.5177125692214168
2026-06-26 14:00:00+00:00,1,1,0.5056130524650227
2026-06-26 14:05:00+00:00,1,0,0.48344801825961486
2026-06-26 14:10:00+00:00,1,0,0.4678843308489491
2026-06-26 14:15:00+00:00,1,0,0.46353888917193653
2026-06-26 14:20:00+00:00,1,1,0.5530345546398746
2026-06-26 14:25:00+00:00,1,1,0.5709692069880052
2026-06-26 14:30:00+00:00,1,1,0.5726358370701544
2026-06-26 14:35:00+00:00,1,1,0.5828931299699851
2026-06-26 14:40:00+00:00,1,1,0.5381711647180685
2026-06-26 14:45:00+00:00,1,1,0.5570792998491572
2026-06-26 14:50:00+00:00,1,1,0.5588651197047613
2026-06-26 15:05:00+00:00,1,1,0.5103676180494027
2026-06-26 15:15:00+00:00,1,1,0.5140493404797427
2026-06-26 15:20:00+00:00,0,1,0.6394820347250194
2026-06-26 15:25:00+00:00,0,1,0.5028128290589718
2026-06-26 15:30:00+00:00,0,1,0.5013305173996901
2026-06-26 15:35:00+00:00,0,0,0.49850982194769466
2026-06-26 15:40:00+00:00,0,0,0.449592200017893
2026-06-26 15:45:00+00:00,0,0,0.4856287328485687
2026-06-26 15:50:00+00:00,0,1,0.516282173878096
2026-06-26 15:55:00+00:00,0,1,0.7150083693082135
2026-06-26 16:00:00+00:00,0,1,0.6933272213338719
2026-06-26 16:05:00+00:00,0,1,0.691392397385677
2026-06-26 16:10:00+00:00,0,1,0.6881004685059949
2026-06-26 16:15:00+00:00,0,1,0.5790094004965305
2026-06-26 16:20:00+00:00,0,1,0.6932098538506193
2026-06-26 16:25:00+00:00,0,1,0.6669904765780216
2026-06-26 16:30:00+00:00,0,1,0.6724853846334815
2026-06-26 16:35:00+00:00,0,1,0.6758944815558223
2026-06-26 16:40:00+00:00,0,1,0.7072103346922184
2026-06-26 16:45:00+00:00,0,1,0.676875769908083
2026-06-26 16:55:00+00:00,1,1,0.694498162601341
2026-06-26 17:00:00+00:00,1,1,0.6975288472015568
2026-06-26 17:05:00+00:00,1,1,0.6840372537517448
2026-06-26 17:10:00+00:00,1,1,0.6884639572770432
2026-06-26 17:15:00+00:00,1,1,0.7155221667221581
2026-06-26 17:20:00+00:00,1,1,0.689480935731908
2026-06-26 17:25:00+00:00,1,1,0.6946976562274711
2026-06-26 17:30:00+00:00,1,1,0.6774723448633047
2026-06-26 17:35:00+00:00,1,1,0.6755552172006657
2026-06-26 17:40:00+00:00,1,1,0.6891759207724175
2026-06-26 17:45:00+00:00,1,1,0.6852098637457238
2026-06-26 17:50:00+00:00,1,1,0.6457805517871084
2026-06-26 17:55:00+00:00,0,1,0.5160352037615683
2026-06-26 18:00:00+00:00,0,0,0.4882899955831796
2026-06-26 18:10:00+00:00,1,1,0.5433180924412266
2026-06-26 18:15:00+00:00,1,0,0.48492353031369456
2026-06-26 18:20:00+00:00,1,1,0.5631787870465247
2026-06-26 18:25:00+00:00,1,1,0.534055447591216
2026-06-26 18:30:00+00:00,1,1,0.5288200781010858
2026-06-26 18:35:00+00:00,1,1,0.5321238013537684
2026-06-26 18:40:00+00:00,1,1,0.5471614138110219
2026-06-26 18:45:00+00:00,1,1,0.5786612864906931
2026-06-26 18:50:00+00:00,1,1,0.5205746909431805
2026-06-26 18:55:00+00:00,1,1,0.5421055157755247
2026-06-26 19:00:00+00:00,1,1,0.5288657300576517
2026-06-26 19:05:00+00:00,1,0,0.493928483966103
2026-06-26 19:10:00+00:00,1,0,0.48544451428724916
2026-06-26 19:15:00+00:00,1,0,0.48759285493162213
2026-06-26 19:45:00+00:00,1,1,0.5068087886929548
2026-06-26 19:55:00+00:00,1,1,0.5131067282330009
2026-06-26 20:05:00+00:00,1,1,0.5095103701368277
2026-06-26 20:10:00+00:00,1,0,0.4925601435442811
2026-06-26 20:20:00+00:00,1,0,0.46875374160298494
2026-06-26 20:30:00+00:00,0,0,0.47089581483550647
2026-06-26 20:35:00+00:00,0,0,0.4540971711875974
2026-06-26 20:40:00+00:00,0,0,0.47215083284018466
2026-06-26 20:45:00+00:00,0,0,0.4727805606724744
2026-06-26 20:50:00+00:00,0,0,0.4770727543638148
2026-06-26 20:55:00+00:00,0,0,0.46649104225964355
2026-06-26 21:00:00+00:00,0,0,0.4969080254083674
2026-06-26 21:05:00+00:00,0,0,0.3765407946040652
2026-06-26 21:10:00+00:00,0,0,0.38261934790694735
2026-06-26 21:15:00+00:00,0,0,0.3919550359058166
2026-06-26 21:20:00+00:00,0,0,0.42973685831997044
2026-06-26 21:30:00+00:00,1,0,0.47318655046348784
2026-06-26 21:35:00+00:00,1,0,0.46571101750065214
2026-06-26 21:40:00+00:00,1,0,0.49716422881255
2026-06-26 21:45:00+00:00,1,0,0.46117728184597423
2026-06-26 21:50:00+00:00,0,1,0.5770618272771812
2026-06-26 21:55:00+00:00,1,0,0.45346373657577027
2026-06-26 22:00:00+00:00,1,1,0.5110481297401285
2026-06-26 22:05:00+00:00,1,1,0.5656842895602575
2026-06-26 22:10:00+00:00,1,0,0.3716431316577889
2026-06-26 22:15:00+00:00,1,0,0.3650045119889343
2026-06-26 22:20:00+00:00,1,0,0.2896969364668865
2026-06-26 22:30:00+00:00,1,0,0.28441953322315444
2026-06-26 22:35:00+00:00,1,0,0.2548559271712267
2026-06-26 22:40:00+00:00,0,0,0.2444909456932253
2026-06-26 22:45:00+00:00,1,0,0.3039809893922854
2026-06-26 22:50:00+00:00,1,0,0.37940332606348653
2026-06-26 22:55:00+00:00,0,0,0.20741263161851214
2026-06-26 23:00:00+00:00,0,0,0.30201464376702114
2026-06-26 23:05:00+00:00,0,0,0.3150532843367455
2026-06-26 23:10:00+00:00,0,0,0.3705466736837174
2026-06-26 23:15:00+00:00,0,0,0.35090030636729186
2026-06-26 23:20:00+00:00,0,0,0.3883709513288474
2026-06-26 23:25:00+00:00,0,0,0.4059557914830676
2026-06-26 23:30:00+00:00,0,0,0.30257233449562687
2026-06-26 23:35:00+00:00,0,0,0.2926764687087678
2026-06-26 23:40:00+00:00,0,0,0.3859996482430059
2026-06-26 23:45:00+00:00,0,0,0.44137882168978554
2026-06-26 23:50:00+00:00,1,0,0.35538531509399224
2026-06-26 23:55:00+00:00,1,0,0.37036064819451975
2026-06-29 00:05:00+00:00,1,1,0.6217703561754433
2026-06-29 00:10:00+00:00,1,1,0.6140470512465014
2026-06-29 00:15:00+00:00,1,1,0.6727143786106695
2026-06-29 00:20:00+00:00,1,1,0.675297128202604
2026-06-29 00:30:00+00:00,1,1,0.7006042352733266
2026-06-29 00:35:00+00:00,1,1,0.6842170264793116
2026-06-29 00:40:00+00:00,1,1,0.6411788423095757
2026-06-29 00:45:00+00:00,1,1,0.6558029176453415
2026-06-29 01:00:00+00:00,1,0,0.40957610252394455
2026-06-29 01:05:00+00:00,1,0,0.4193433125588557
2026-06-29 01:10:00+00:00,1,0,0.4072567719315107
2026-06-29 01:45:00+00:00,1,0,0.3620237123590534
2026-06-29 02:00:00+00:00,0,0,0.3304958815875273
2026-06-29 02:05:00+00:00,0,0,0.2907416733347218
2026-06-29 02:10:00+00:00,0,0,0.2910901914089472
2026-06-29 02:15:00+00:00,0,0,0.30451235224531015
2026-06-29 02:20:00+00:00,0,0,0.28045669399768536
2026-06-29 02:25:00+00:00,0,0,0.2951489729405253
2026-06-29 02:30:00+00:00,0,0,0.2710239871878388
2026-06-29 02:35:00+00:00,0,0,0.25744565718256684
2026-06-29 02:40:00+00:00,0,0,0.32833982878136886
2026-06-29 02:45:00+00:00,0,0,0.3029017241032139
2026-06-29 02:50:00+00:00,0,0,0.3470996283361061
2026-06-29 02:55:00+00:00,0,0,0.3417167961804809
2026-06-29 03:00:00+00:00,1,0,0.4114902219895879
2026-06-29 03:05:00+00:00,1,0,0.39661432254798723
2026-06-29 03:10:00+00:00,1,0,0.3651130807498326
2026-06-29 03:20:00+00:00,0,0,0.3364014345566967
2026-06-29 03:35:00+00:00,1,0,0.3844255611552312
2026-06-29 03:40:00+00:00,1,0,0.3683490493060245
2026-06-29 03:45:00+00:00,1,0,0.3622786459902925
2026-06-29 03:50:00+00:00,1,0,0.4280127832796634
2026-06-29 03:55:00+00:00,1,0,0.4072905049017041
2026-06-29 04:00:00+00:00,1,0,0.4050039927517218
2026-06-29 04:05:00+00:00,0,0,0.3685963300141379
2026-06-29 04:25:00+00:00,0,0,0.40963122337542246
2026-06-29 04:35:00+00:00,1,0,0.3701951303363171
2026-06-29 05:00:00+00:00,1,0,0.3655971227721807
2026-06-29 05:05:00+00:00,1,0,0.3957114952390954
2026-06-29 05:10:00+00:00,1,0,0.3715013608972761
2026-06-29 05:15:00+00:00,1,0,0.3937439511167554
2026-06-29 05:20:00+00:00,1,0,0.4403003584536933
2026-06-29 05:25:00+00:00,1,0,0.37915650552445285
2026-06-29 05:30:00+00:00,1,0,0.36789563275596093
2026-06-29 05:35:00+00:00,1,0,0.34127650450473657
2026-06-29 05:40:00+00:00,1,0,0.34484346493386786
2026-06-29 05:55:00+00:00,1,0,0.3471939717874099
2026-06-29 06:05:00+00:00,1,0,0.3664860836838791
2026-06-29 06:15:00+00:00,1,0,0.38077463905244197
2026-06-29 06:20:00+00:00,1,0,0.36992957736670945
2026-06-29 06:25:00+00:00,1,0,0.3909395978082343
2026-06-29 06:30:00+00:00,1,0,0.38077463905244197
2026-06-29 06:35:00+00:00,1,0,0.3787490624507794
2026-06-29 06:40:00+00:00,1,0,0.39298912885310466
2026-06-29 06:45:00+00:00,1,0,0.3703678815409176
2026-06-29 06:50:00+00:00,1,0,0.37919152740558887
2026-06-29 06:55:00+00:00,1,0,0.37448869023954157
2026-06-29 07:00:00+00:00,1,0,0.390875546944687
2026-06-29 07:05:00+00:00,1,0,0.37991569433483663
2026-06-29 07:15:00+00:00,0,0,0.33041796918627914
2026-06-29 07:20:00+00:00,0,0,0.37121140168680933
2026-06-29 07:25:00+00:00,0,0,0.3116575853168397
2026-06-29 07:30:00+00:00,0,0,0.32745530652022226
2026-06-29 07:35:00+00:00,0,0,0.3830970771989406
2026-06-29 07:40:00+00:00,0,0,0.3830970771989406
2026-06-29 07:50:00+00:00,0,0,0.3961160503700856
2026-06-29 07:55:00+00:00,0,0,0.3680523021566007
2026-06-29 08:00:00+00:00,0,0,0.3554128382504795
2026-06-29 08:10:00+00:00,1,0,0.3319858438841841
2026-06-29 08:15:00+00:00,1,0,0.3283689339847964
2026-06-29 08:20:00+00:00,1,0,0.3243662714162187
2026-06-29 08:25:00+00:00,1,0,0.3072461397405672
2026-06-29 08:30:00+00:00,1,0,0.31827319116707253
2026-06-29 08:35:00+00:00,1,0,0.34200098098651405
2026-06-29 08:40:00+00:00,1,0,0.3278913079893906
2026-06-29 08:50:00+00:00,1,0,0.39060838778361945
2026-06-29 08:55:00+00:00,0,0,0.36654032268921005
2026-06-29 09:00:00+00:00,1,0,0.38861310117122255
2026-06-29 09:05:00+00:00,1,0,0.3889172607044678
2026-06-29 09:10:00+00:00,0,0,0.3734759879533693
2026-06-29 09:15:00+00:00,0,0,0.2861830285196989
2026-06-29 09:20:00+00:00,0,0,0.24304920662440269
2026-06-29 09:25:00+00:00,0,0,0.3432872652204516
2026-06-29 09:30:00+00:00,0,0,0.35307331652466556
2026-06-29 09:35:00+00:00,0,0,0.4077451630258699
2026-06-29 09:45:00+00:00,1,0,0.37373240949301373
2026-06-29 09:50:00+00:00,1,0,0.32988314724049234
2026-06-29 09:55:00+00:00,1,0,0.443089511006771
2026-06-29 10:00:00+00:00,0,0,0.33446997327460753
2026-06-29 10:05:00+00:00,1,0,0.3319593107979457
2026-06-29 10:15:00+00:00,1,0,0.3310782811826399
2026-06-29 10:20:00+00:00,1,0,0.3644504139611724
2026-06-29 10:25:00+00:00,1,0,0.42676773107827987
2026-06-29 10:30:00+00:00,1,0,0.3913053722053893
2026-06-29 10:35:00+00:00,1,0,0.41132217375584773
2026-06-29 10:40:00+00:00,1,0,0.3839110237677651
2026-06-29 10:45:00+00:00,1,0,0.3859470565694851
2026-06-29 10:50:00+00:00,1,0,0.3568209229748906
2026-06-29 10:55:00+00:00,1,0,0.35962187298848314
2026-06-29 11:00:00+00:00,1,0,0.37842761581675216
2026-06-29 11:05:00+00:00,1,0,0.3941353378269287
2026-06-29 11:10:00+00:00,1,0,0.3805296750937961
2026-06-29 11:15:00+00:00,1,0,0.3245856427521154
2026-06-29 11:20:00+00:00,1,0,0.3294876809258086
2026-06-29 11:25:00+00:00,1,0,0.29475371029032144
2026-06-29 11:30:00+00:00,1,0,0.29634401105822267
2026-06-29 11:35:00+00:00,1,0,0.33813690893329157
2026-06-29 11:40:00+00:00,1,0,0.33593378321112605
2026-06-29 11:45:00+00:00,1,0,0.34026909066310274
2026-06-29 11:50:00+00:00,1,0,0.3918577695877036
2026-06-29 11:55:00+00:00,1,0,0.272390664824524
2026-06-29 12:00:00+00:00,1,0,0.335249518516282
2026-06-29 12:05:00+00:00,1,0,0.2886224084644568
2026-06-29 12:10:00+00:00,1,0,0.2865885898438602
2026-06-29 12:15:00+00:00,1,0,0.290408890321568
2026-06-29 12:20:00+00:00,1,0,0.2536931981188601
2026-06-29 12:25:00+00:00,1,0,0.2562572035779625
2026-06-29 12:30:00+00:00,1,0,0.27078933269755345
2026-06-29 12:35:00+00:00,0,0,0.24898900936075594
2026-06-29 12:40:00+00:00,0,0,0.21247805497295275
2026-06-29 12:45:00+00:00,0,0,0.25867041661093454
2026-06-29 12:50:00+00:00,0,0,0.24681148407872713
2026-06-29 12:55:00+00:00,0,0,0.22039849779408152
2026-06-29 13:00:00+00:00,0,0,0.21612235301229343
2026-06-29 13:05:00+00:00,0,0,0.20557726524227787
2026-06-29 13:10:00+00:00,0,0,0.2066415228788344
2026-06-29 13:15:00+00:00,0,0,0.2349333304690917
2026-06-29 13:20:00+00:00,0,0,0.23801911102241385
2026-06-29 13:25:00+00:00,0,0,0.23858524258803857
2026-06-29 13:30:00+00:00,0,0,0.30673375538887726
2026-06-29 13:35:00+00:00,0,0,0.3172938139417627
2026-06-29 13:40:00+00:00,0,0,0.32100748059523726
2026-06-29 13:45:00+00:00,0,0,0.32665009367645054
2026-06-29 13:50:00+00:00,0,0,0.3747055892775792
2026-06-29 13:55:00+00:00,0,0,0.38443747551546503
2026-06-29 14:00:00+00:00,1,0,0.40583378736450104
2026-06-29 14:05:00+00:00,0,0,0.36752413949975427
2026-06-29 14:15:00+00:00,1,0,0.33923890989524524
2026-06-29 14:20:00+00:00,1,0,0.39006835214158025
2026-06-29 14:25:00+00:00,1,0,0.3858833989130078
2026-06-29 14:30:00+00:00,1,0,0.39396603407083375
2026-06-29 14:35:00+00:00,1,0,0.386301265637058
2026-06-29 14:40:00+00:00,1,0,0.3891261279164405
2026-06-29 14:45:00+00:00,1,0,0.38056000360695946
2026-06-29 14:50:00+00:00,1,0,0.3761105123099412
2026-06-29 14:55:00+00:00,1,0,0.37022361759461997
2026-06-29 15:00:00+00:00,1,0,0.3165645012875841
2026-06-29 15:05:00+00:00,1,0,0.3243383721984213
2026-06-29 15:10:00+00:00,1,0,0.32215339343414523
2026-06-29 15:15:00+00:00,1,0,0.3281620853191608
2026-06-29 15:20:00+00:00,1,0,0.27132426531729353
2026-06-29 15:25:00+00:00,1,0,0.24727965461383178
2026-06-29 15:30:00+00:00,1,0,0.25239954358655686
2026-06-29 15:35:00+00:00,1,0,0.24490085622254776
2026-06-29 15:40:00+00:00,1,0,0.24376700861196968
2026-06-29 15:45:00+00:00,1,0,0.28676497502491344
2026-06-29 15:50:00+00:00,1,0,0.24379885840378446
2026-06-29 15:55:00+00:00,1,0,0.30873137062325823
2026-06-29 16:00:00+00:00,1,0,0.3253400623983323
2026-06-29 16:05:00+00:00,1,0,0.32648777392651657
2026-06-29 16:10:00+00:00,1,0,0.33025699346323145
2026-06-29 16:15:00+00:00,0,0,0.269419885230455
2026-06-29 16:20:00+00:00,0,0,0.27706318411364395
2026-06-29 16:30:00+00:00,0,0,0.25909554524680983
2026-06-29 16:35:00+00:00,0,0,0.2791102176093768
2026-06-29 16:40:00+00:00,0,0,0.22544555219388343
2026-06-29 16:50:00+00:00,0,0,0.18952691035674252
2026-06-29 16:55:00+00:00,0,0,0.28008015549912807
2026-06-29 17:00:00+00:00,1,0,0.49964049268188393
2026-06-29 17:05:00+00:00,1,0,0.3215208652955201
2026-06-29 17:10:00+00:00,1,0,0.34961891683652707
2026-06-29 17:15:00+00:00,1,0,0.38772226713765645
2026-06-29 17:20:00+00:00,1,0,0.39436522694530785
2026-06-29 17:25:00+00:00,1,0,0.3267023300049121
2026-06-29 17:30:00+00:00,1,0,0.35437393344430296
2026-06-29 17:35:00+00:00,1,0,0.3480783870587184
2026-06-29 17:50:00+00:00,1,0,0.3582387393569568
2026-06-29 18:05:00+00:00,0,0,0.29840576936477764
2026-06-29 18:35:00+00:00,0,0,0.23803944927631812
2026-06-29 18:50:00+00:00,0,0,0.26393896020239804
2026-06-29 18:55:00+00:00,1,0,0.27973645611155884
2026-06-29 19:00:00+00:00,1,0,0.23278164973488802
2026-06-29 19:05:00+00:00,1,0,0.25295202562786945
2026-06-29 19:15:00+00:00,1,0,0.23584788085340844
2026-06-29 19:20:00+00:00,1,0,0.23453211098046756
2026-06-29 19:25:00+00:00,1,0,0.23979055709165598
2026-06-29 19:40:00+00:00,1,0,0.2428312579332018
2026-06-29 19:45:00+00:00,1,0,0.2354292428771623
2026-06-29 19:50:00+00:00,1,0,0.2575397520784071
2026-06-29 19:55:00+00:00,0,0,0.23007484867427092
2026-06-29 20:15:00+00:00,0,0,0.23435030659546505
2026-06-29 20:20:00+00:00,0,0,0.18751087404869327
2026-06-29 20:25:00+00:00,0,0,0.23303949662187975
2026-06-29 20:30:00+00:00,1,0,0.2387071980438339
2026-06-29 20:35:00+00:00,1,0,0.23388183630696616
2026-06-29 20:45:00+00:00,1,0,0.2446462380030525
2026-06-29 20:50:00+00:00,1,0,0.2041464312552652
2026-06-29 20:55:00+00:00,1,0,0.18063757069484285
2026-06-29 21:00:00+00:00,1,0,0.18947775083582108
2026-06-29 21:05:00+00:00,1,0,0.18348860568732706
2026-06-29 21:10:00+00:00,1,0,0.20686752828873517
2026-06-29 21:15:00+00:00,1,0,0.22124293521206864
2026-06-29 21:20:00+00:00,1,0,0.23436283469945451
2026-06-29 21:30:00+00:00,0,0,0.2074460621357998
2026-06-29 21:35:00+00:00,0,0,0.20886350311822915
2026-06-29 21:40:00+00:00,0,0,0.20766002593760913
2026-06-29 21:45:00+00:00,0,0,0.1871097646065754
2026-06-29 21:50:00+00:00,0,0,0.1415482939110557
2026-06-29 21:55:00+00:00,0,0,0.1774290825265266
2026-06-29 22:05:00+00:00,0,0,0.16879819111625666
2026-06-29 22:10:00+00:00,0,0,0.16269234445157
2026-06-29 22:15:00+00:00,0,0,0.1844703991204548
2026-06-29 22:20:00+00:00,0,0,0.1626629925907771
2026-06-29 22:30:00+00:00,1,0,0.22793188976136633
2026-06-29 22:35:00+00:00,1,0,0.22827755333457556
2026-06-29 22:40:00+00:00,1,0,0.2733571974777358
2026-06-29 22:45:00+00:00,1,0,0.2877136444311399
2026-06-29 22:50:00+00:00,1,0,0.23065065604674298
2026-06-29 22:55:00+00:00,0,0,0.1776260017874325
2026-06-29 23:00:00+00:00,0,0,0.06894514054930317
2026-06-29 23:05:00+00:00,0,0,0.07026670347531139
2026-06-29 23:10:00+00:00,0,0,0.08835171136171563
2026-06-29 23:15:00+00:00,0,0,0.0737481533527235
2026-06-29 23:20:00+00:00,0,0,0.08270721497520836
2026-06-29 23:25:00+00:00,0,0,0.0881167610299574
2026-06-29 23:30:00+00:00,0,0,0.07608367933619023
2026-06-29 23:35:00+00:00,0,0,0.06241985057478288
2026-06-29 23:40:00+00:00,0,0,0.08106326779487172
2026-06-29 23:45:00+00:00,0,0,0.07464036877699219
2026-06-29 23:50:00+00:00,0,0,0.07166085239689877
2026-06-29 23:55:00+00:00,0,0,0.14918163124368372
2026-06-30 00:00:00+00:00,1,1,0.7051164288709099
2026-06-30 00:05:00+00:00,1,1,0.7867533689154902
2026-06-30 00:10:00+00:00,1,1,0.7809569786699031
2026-06-30 00:15:00+00:00,1,1,0.7840917135728326
2026-06-30 00:20:00+00:00,1,1,0.8545736390238904
2026-06-30 00:25:00+00:00,1,1,0.8282838798398797
2026-06-30 00:30:00+00:00,1,1,0.8588412723727432
2026-06-30 00:35:00+00:00,1,1,0.7745962096063774
2026-06-30 00:40:00+00:00,1,1,0.7941300358039984
2026-06-30 00:45:00+00:00,1,1,0.7325718959679315
2026-06-30 00:50:00+00:00,1,1,0.6739214413737407
2026-06-30 00:55:00+00:00,1,1,0.8182284213621119
2026-06-30 01:05:00+00:00,0,1,0.5223378906349666
2026-06-30 01:10:00+00:00,0,1,0.5038835673489714
2026-06-30 01:15:00+00:00,0,1,0.5234892237295121
2026-06-30 01:20:00+00:00,0,1,0.508140532570298
2026-06-30 01:30:00+00:00,0,1,0.5119374165025664
2026-06-30 01:35:00+00:00,0,1,0.5472802672206829
2026-06-30 01:40:00+00:00,0,1,0.5428854109095396
2026-06-30 01:45:00+00:00,0,1,0.5682556710054159
2026-06-30 02:00:00+00:00,1,1,0.5206854527502994
2026-06-30 02:05:00+00:00,1,1,0.515041446074401
2026-06-30 02:10:00+00:00,1,0,0.49246553524812653
2026-06-30 02:15:00+00:00,1,0,0.4962057002838722
2026-06-30 02:20:00+00:00,1,0,0.48411027929145367
2026-06-30 02:25:00+00:00,1,0,0.47990943108007916
2026-06-30 02:30:00+00:00,1,1,0.5229326368892808
2026-06-30 02:35:00+00:00,1,1,0.5017955820641488
2026-06-30 02:40:00+00:00,1,1,0.5063707587251186
2026-06-30 02:45:00+00:00,1,1,0.5181642967776942
2026-06-30 02:50:00+00:00,1,1,0.5126769544943275
2026-06-30 02:55:00+00:00,1,0,0.48411027929145367
2026-06-30 03:00:00+00:00,1,0,0.48025166466806785
2026-06-30 03:05:00+00:00,1,0,0.46911910277775737
2026-06-30 03:10:00+00:00,1,0,0.46033684045230383
2026-06-30 03:15:00+00:00,1,0,0.47939781952170496
2026-06-30 03:20:00+00:00,1,0,0.46496331952551895
2026-06-30 03:25:00+00:00,1,1,0.5001537431278271
2026-06-30 03:30:00+00:00,1,0,0.39926637036483387
2026-06-30 03:35:00+00:00,1,0,0.4022522761262418
2026-06-30 03:40:00+00:00,1,0,0.40234754388350547
2026-06-30 03:45:00+00:00,1,0,0.40833854490308913
2026-06-30 03:50:00+00:00,0,0,0.4450667454875973
2026-06-30 03:55:00+00:00,1,0,0.3255057568536911
2026-06-30 04:05:00+00:00,0,0,0.2782793848084458
2026-06-30 04:10:00+00:00,0,0,0.2810921358877309
2026-06-30 04:20:00+00:00,1,0,0.19958382724490703
2026-06-30 04:30:00+00:00,1,0,0.21333680723465837
2026-06-30 04:40:00+00:00,0,0,0.23332677422565262
2026-06-30 04:45:00+00:00,0,0,0.26577694327774937
2026-06-30 04:55:00+00:00,0,0,0.24455567634181483
2026-06-30 05:05:00+00:00,1,0,0.22601598155782945
2026-06-30 05:10:00+00:00,1,0,0.262051388841865
2026-06-30 05:15:00+00:00,1,0,0.2585483548030631
2026-06-30 05:20:00+00:00,1,0,0.3524981022097236
2026-06-30 05:35:00+00:00,1,0,0.3572445879710986
2026-06-30 05:40:00+00:00,1,0,0.36892180398968183
2026-06-30 05:45:00+00:00,1,0,0.36544420116113485
2026-06-30 05:55:00+00:00,1,0,0.3416914362394952
2026-06-30 06:10:00+00:00,0,0,0.35417952006876025
2026-06-30 06:15:00+00:00,0,0,0.3523576473617288
2026-06-30 06:20:00+00:00,0,0,0.35679952067509846
2026-06-30 06:25:00+00:00,1,0,0.41559950416369723
2026-06-30 06:30:00+00:00,1,0,0.362268132022272
2026-06-30 06:35:00+00:00,1,0,0.35257503233455945
2026-06-30 06:55:00+00:00,1,0,0.3657688235735719
2026-06-30 07:10:00+00:00,1,0,0.3440637462934057
2026-06-30 07:20:00+00:00,1,0,0.3750523003502384
2026-06-30 07:25:00+00:00,1,0,0.3664840180427992
2026-06-30 07:30:00+00:00,1,0,0.3418056335321543
2026-06-30 07:35:00+00:00,1,0,0.4367451525887073
2026-06-30 07:40:00+00:00,1,0,0.3660449814881712
2026-06-30 07:45:00+00:00,1,0,0.348703506861659
2026-06-30 07:50:00+00:00,1,0,0.39731965554245574
2026-06-30 07:55:00+00:00,1,0,0.4273515236100684
2026-06-30 08:00:00+00:00,1,0,0.45165604801773196
2026-06-30 08:05:00+00:00,1,0,0.41529769592370497
2026-06-30 08:10:00+00:00,1,0,0.4272751335999481
2026-06-30 08:15:00+00:00,1,0,0.44500019448114697
2026-06-30 08:20:00+00:00,1,1,0.5010409041103747
2026-06-30 08:25:00+00:00,1,1,0.5266347663752637
2026-06-30 08:30:00+00:00,1,1,0.5133728065250677
2026-06-30 08:35:00+00:00,1,0,0.45202537636027224
2026-06-30 08:40:00+00:00,1,0,0.4652762198275354
2026-06-30 08:45:00+00:00,1,0,0.46061376301335766
2026-06-30 08:55:00+00:00,0,0,0.4085659984173815
2026-06-30 09:00:00+00:00,0,0,0.3872202694998958
2026-06-30 09:05:00+00:00,0,0,0.36374235659247933
2026-06-30 09:10:00+00:00,0,0,0.4888326408671496
2026-06-30 09:15:00+00:00,0,0,0.427062208967023
2026-06-30 09:20:00+00:00,0,0,0.44798613993755704
2026-06-30 09:25:00+00:00,0,0,0.44999322390809443
2026-06-30 09:30:00+00:00,0,0,0.478926692965229
2026-06-30 09:35:00+00:00,0,0,0.4545197769605133
2026-06-30 09:40:00+00:00,0,0,0.46817963037070603
2026-06-30 09:45:00+00:00,0,0,0.46802283611767576
2026-06-30 09:50:00+00:00,0,0,0.4898949488831872
2026-06-30 09:55:00+00:00,1,0,0.4803729084753088
2026-06-30 10:00:00+00:00,1,0,0.4637209617376798
2026-06-30 10:05:00+00:00,1,0,0.4932558653145329
2026-06-30 10:10:00+00:00,1,1,0.5033534141377332
2026-06-30 10:15:00+00:00,1,1,0.5055888888832086
2026-06-30 10:20:00+00:00,1,1,0.5132361407557063
2026-06-30 10:25:00+00:00,1,1,0.5123279063203006
2026-06-30 10:30:00+00:00,1,1,0.5203704129551836
2026-06-30 10:35:00+00:00,1,0,0.47243639474399146
2026-06-30 10:40:00+00:00,1,1,0.5077989932403547
2026-06-30 10:45:00+00:00,1,0,0.4456858032817442
2026-06-30 10:50:00+00:00,1,0,0.4588521336710168
2026-06-30 10:55:00+00:00,1,0,0.47757187212363544
2026-06-30 11:00:00+00:00,1,0,0.46884238319574517
2026-06-30 11:05:00+00:00,1,0,0.4226997142893661
2026-06-30 11:10:00+00:00,0,0,0.4465739188631862
2026-06-30 11:30:00+00:00,0,0,0.4859088034152559
2026-06-30 11:35:00+00:00,0,0,0.4826780546158502
2026-06-30 11:40:00+00:00,0,0,0.43361314095794995
2026-06-30 11:45:00+00:00,0,0,0.4900105258590863
2026-06-30 11:50:00+00:00,0,0,0.4221969563656283
2026-06-30 11:55:00+00:00,0,0,0.37587349400589726
2026-06-30 12:00:00+00:00,0,0,0.41371141210478624
2026-06-30 12:10:00+00:00,1,0,0.42798729170315614
2026-06-30 12:25:00+00:00,1,0,0.427209287262881
2026-06-30 12:30:00+00:00,1,0,0.41951740017023237
2026-06-30 12:40:00+00:00,1,0,0.42153628426235124
2026-06-30 12:45:00+00:00,1,0,0.4219425691681223
2026-06-30 12:50:00+00:00,1,0,0.445281750641478
2026-06-30 12:55:00+00:00,1,0,0.49922539248074355
2026-06-30 13:00:00+00:00,1,1,0.5378086446064407
2026-06-30 13:05:00+00:00,1,1,0.511308404288313
2026-06-30 13:10:00+00:00,1,1,0.504961253886659
2026-06-30 13:15:00+00:00,1,1,0.5088490247041809
2026-06-30 13:20:00+00:00,1,1,0.510844727769139
2026-06-30 13:25:00+00:00,1,1,0.5136854741761927
2026-06-30 13:30:00+00:00,1,1,0.528177321759001
2026-06-30 13:35:00+00:00,1,1,0.5232002771347387
2026-06-30 13:40:00+00:00,1,1,0.5424510436975691
2026-06-30 13:45:00+00:00,1,1,0.5176735534004403
2026-06-30 13:50:00+00:00,1,1,0.5304775055477206
2026-06-30 13:55:00+00:00,1,1,0.509919974474776
2026-06-30 14:00:00+00:00,1,0,0.49395978887552483
2026-06-30 14:05:00+00:00,1,0,0.4974299733674684
2026-06-30 14:10:00+00:00,1,1,0.5031207605686793
2026-06-30 14:15:00+00:00,1,0,0.4829392113387753
2026-06-30 14:20:00+00:00,1,1,0.5349092791036673
2026-06-30 14:25:00+00:00,1,1,0.5061915373746879
2026-06-30 14:30:00+00:00,0,1,0.5062512714062662
2026-06-30 14:40:00+00:00,1,0,0.49548991390502406
2026-06-30 14:45:00+00:00,1,1,0.5182569434224932
2026-06-30 14:50:00+00:00,0,1,0.505779464709735
2026-06-30 14:55:00+00:00,0,0,0.4515243106715258
2026-06-30 15:00:00+00:00,0,0,0.4213663903012182
2026-06-30 15:05:00+00:00,0,0,0.42613928246228405
2026-06-30 15:10:00+00:00,0,0,0.47835003981836954
2026-06-30 15:15:00+00:00,0,0,0.4753590936135128
2026-06-30 15:20:00+00:00,0,0,0.46520290974590195
2026-06-30 15:25:00+00:00,0,0,0.4124047756771143
2026-06-30 15:30:00+00:00,1,0,0.4236028431455484
2026-06-30 15:50:00+00:00,1,0,0.35535972772763846
2026-06-30 15:55:00+00:00,1,0,0.44061018323285456
2026-06-30 16:00:00+00:00,1,0,0.4346517055361733
2026-06-30 16:05:00+00:00,1,0,0.4102306393656643
2026-06-30 16:10:00+00:00,1,0,0.39326551688776196
2026-06-30 16:15:00+00:00,1,0,0.41751508444934093
2026-06-30 16:20:00+00:00,1,0,0.3184975709645087
2026-06-30 16:25:00+00:00,1,0,0.3546283872308566
2026-06-30 16:50:00+00:00,1,0,0.3752288980956417
2026-06-30 16:55:00+00:00,1,0,0.373310731155787
2026-06-30 17:00:00+00:00,1,0,0.40998420565972715
2026-06-30 17:05:00+00:00,1,0,0.4131908410333262
2026-06-30 17:10:00+00:00,1,0,0.41384453206677435
2026-06-30 17:15:00+00:00,1,0,0.3942527473597345
2026-06-30 17:20:00+00:00,1,0,0.40707184500013244
2026-06-30 17:25:00+00:00,1,0,0.4185902064084353
2026-06-30 17:30:00+00:00,1,0,0.41872651485809026
2026-06-30 17:35:00+00:00,1,0,0.407367443131337
2026-06-30 17:40:00+00:00,1,0,0.4238241692914111
2026-06-30 17:45:00+00:00,1,0,0.3753848572446292
2026-06-30 17:50:00+00:00,1,0,0.3814960051402221
2026-06-30 17:55:00+00:00,1,0,0.44076356523592736
2026-06-30 18:00:00+00:00,1,0,0.3748586770149635
2026-06-30 18:05:00+00:00,1,0,0.33713001937620585
2026-06-30 18:10:00+00:00,1,0,0.31887306260251386
2026-06-30 18:15:00+00:00,1,0,0.34003237491398275
2026-06-30 18:20:00+00:00,1,0,0.3298164402946131
2026-06-30 18:25:00+00:00,1,0,0.3497403562213507
2026-06-30 18:30:00+00:00,1,0,0.3510900202399681
2026-06-30 18:40:00+00:00,0,0,0.3382048862297812
2026-06-30 18:50:00+00:00,1,0,0.3327262849439577
2026-06-30 18:55:00+00:00,1,0,0.34700900633659265
2026-06-30 19:00:00+00:00,0,0,0.3193866696946299
2026-06-30 19:10:00+00:00,0,0,0.2887152841989634
2026-06-30 19:15:00+00:00,0,0,0.29048459599473003
2026-06-30 19:20:00+00:00,0,0,0.2892640566890546
2026-06-30 19:25:00+00:00,0,0,0.28782785723962867
2026-06-30 19:30:00+00:00,0,0,0.33959446126995413
2026-06-30 19:40:00+00:00,0,0,0.33634729828101195
2026-06-30 19:45:00+00:00,0,0,0.37471874899412666
2026-06-30 19:50:00+00:00,0,0,0.4004737944395586
2026-06-30 19:55:00+00:00,0,0,0.3816091993439902
2026-06-30 20:00:00+00:00,0,0,0.38392579898790113
2026-06-30 20:05:00+00:00,0,0,0.3813126198002739
2026-06-30 20:10:00+00:00,0,0,0.3823617803277782
2026-06-30 20:15:00+00:00,0,0,0.46189011696910093
2026-06-30 20:20:00+00:00,0,0,0.46709579097142623
2026-06-30 20:30:00+00:00,0,0,0.42655683829500207
2026-06-30 20:40:00+00:00,1,0,0.4607831345628403
2026-06-30 20:45:00+00:00,1,1,0.5938325803423781
2026-06-30 20:55:00+00:00,1,1,0.5080083126790135
2026-06-30 21:15:00+00:00,0,0,0.4553484777387484
2026-06-30 21:20:00+00:00,1,1,0.5178009667835366
2026-06-30 21:25:00+00:00,1,0,0.38604880384898776
2026-06-30 21:30:00+00:00,1,0,0.395163955085233
2026-06-30 21:45:00+00:00,1,0,0.3492510273780388
2026-06-30 21:50:00+00:00,1,0,0.45690739673771497
2026-06-30 21:55:00+00:00,0,0,0.4260626579821575
2026-06-30 22:10:00+00:00,0,0,0.4262332334797712
2026-06-30 22:15:00+00:00,0,0,0.4187096485675921
2026-06-30 22:20:00+00:00,0,0,0.2981801598405722
2026-06-30 22:25:00+00:00,0,0,0.31111850042237427
2026-06-30 22:30:00+00:00,0,0,0.4177351231319086
2026-06-30 22:40:00+00:00,0,0,0.39654076070741257
2026-06-30 22:45:00+00:00,0,0,0.3504946750326782
2026-06-30 22:50:00+00:00,0,0,0.3021779248000342
2026-06-30 22:55:00+00:00,0,1,0.6064296651508662
2026-06-30 23:00:00+00:00,0,0,0.12792568763135193
2026-06-30 23:05:00+00:00,0,0,0.11212336529293476
2026-06-30 23:10:00+00:00,1,0,0.12008851757232644
2026-06-30 23:15:00+00:00,1,0,0.1386340784861621
2026-06-30 23:20:00+00:00,1,0,0.20470823962085566
2026-06-30 23:25:00+00:00,1,0,0.08094837447344597
2026-06-30 23:35:00+00:00,0,0,0.059043589371123154
2026-06-30 23:40:00+00:00,0,0,0.12982801855571485
2026-06-30 23:45:00+00:00,0,0,0.11163045172886918
2026-06-30 23:50:00+00:00,0,0,0.12698316623414008
2026-06-30 23:55:00+00:00,1,1,0.6252729775115243
2026-07-01 00:00:00+00:00,1,1,0.7761811643978201
2026-07-01 00:05:00+00:00,1,1,0.7456245662762967
2026-07-01 00:15:00+00:00,1,1,0.6811054840641745
2026-07-01 00:25:00+00:00,1,1,0.6732806398059596
2026-07-01 00:30:00+00:00,1,1,0.6944939303379865
2026-07-01 00:35:00+00:00,1,1,0.814408328585992
2026-07-01 00:40:00+00:00,1,1,0.7782381948236369
2026-07-01 00:45:00+00:00,1,1,0.7453829689009571
2026-07-01 00:50:00+00:00,1,1,0.7571890025282796
2026-07-01 00:55:00+00:00,1,1,0.748826667946104
2026-07-01 01:10:00+00:00,0,1,0.5098022635349512
2026-07-01 01:15:00+00:00,0,1,0.5045973634004663
2026-07-01 01:20:00+00:00,0,1,0.5122436617357004
2026-07-01 01:25:00+00:00,0,1,0.5265279487009129
2026-07-01 01:30:00+00:00,0,1,0.5321315766219828
2026-07-01 01:35:00+00:00,0,1,0.567300891195875
2026-07-01 01:40:00+00:00,0,1,0.5768154230376018
2026-07-01 01:50:00+00:00,1,1,0.5530769573737313
2026-07-01 01:55:00+00:00,1,0,0.425187566643857
2026-07-01 02:00:00+00:00,1,0,0.42933231347274337
2026-07-01 02:05:00+00:00,1,0,0.42722664505811825
2026-07-01 02:10:00+00:00,1,0,0.4620396696728429
2026-07-01 02:15:00+00:00,1,1,0.5024057266524803
2026-07-01 02:20:00+00:00,1,1,0.5041221703650881
2026-07-01 02:25:00+00:00,1,1,0.5777740549483037
2026-07-01 02:30:00+00:00,1,1,0.588697413503739
2026-07-01 02:35:00+00:00,1,1,0.5405822145086667
2026-07-01 02:40:00+00:00,1,1,0.5168281134493096
2026-07-01 02:45:00+00:00,1,1,0.5199544438425697
2026-07-01 02:50:00+00:00,1,0,0.4992207346416105
2026-07-01 02:55:00+00:00,1,1,0.5210292209735711
2026-07-01 03:00:00+00:00,1,1,0.5881412942103703
2026-07-01 03:05:00+00:00,1,1,0.5632320782716226
2026-07-01 03:10:00+00:00,1,1,0.5355600123968332
2026-07-01 03:25:00+00:00,1,1,0.5806124451420522
2026-07-01 03:30:00+00:00,0,1,0.587239583343981
2026-07-01 03:35:00+00:00,0,1,0.5762371877547711
2026-07-01 03:40:00+00:00,0,0,0.4777673925636958
2026-07-01 03:45:00+00:00,0,1,0.5576171153924511
2026-07-01 03:50:00+00:00,0,1,0.5710106090788432
2026-07-01 04:00:00+00:00,1,1,0.585030871391898
2026-07-01 04:10:00+00:00,0,1,0.55583213006491
2026-07-01 04:15:00+00:00,0,1,0.5583857764428403
2026-07-01 04:25:00+00:00,1,1,0.5297380928163129
2026-07-01 04:30:00+00:00,1,1,0.5592385741264576
2026-07-01 04:35:00+00:00,1,1,0.5387253438900429
2026-07-01 04:40:00+00:00,1,1,0.6004158491400448
2026-07-01 04:45:00+00:00,1,1,0.5748786276125776
2026-07-01 04:50:00+00:00,1,1,0.5483475933917176
2026-07-01 04:55:00+00:00,1,1,0.5254267728953822
2026-07-01 05:00:00+00:00,1,1,0.5090928385306683
2026-07-01 05:05:00+00:00,1,1,0.5293001611923028
2026-07-01 05:10:00+00:00,1,1,0.5780888503165003
2026-07-01 05:15:00+00:00,1,1,0.5494566820712933
2026-07-01 05:20:00+00:00,1,1,0.5583991301997401
2026-07-01 05:25:00+00:00,1,1,0.5372419529933187
2026-07-01 05:30:00+00:00,1,1,0.5414593464148266
2026-07-01 05:35:00+00:00,1,1,0.5249671630613627
2026-07-01 05:40:00+00:00,1,1,0.5502855992968531
2026-07-01 05:45:00+00:00,1,1,0.5522068872598109
2026-07-01 05:50:00+00:00,1,1,0.5484216143073553
2026-07-01 05:55:00+00:00,1,1,0.5789770632846363
2026-07-01 06:00:00+00:00,1,1,0.5543757612042804
2026-07-01 06:05:00+00:00,1,1,0.5765630382316707
2026-07-01 06:10:00+00:00,1,1,0.5453186116180005
2026-07-01 06:25:00+00:00,0,0,0.4828180037778917
2026-07-01 06:30:00+00:00,0,0,0.4716980569116645
2026-07-01 06:35:00+00:00,0,0,0.4749633684399758
2026-07-01 06:40:00+00:00,0,0,0.4551965460264744
2026-07-01 06:45:00+00:00,0,0,0.4689793528717845
2026-07-01 06:50:00+00:00,0,1,0.5587388522032941
2026-07-01 06:55:00+00:00,0,1,0.5541554592193113
2026-07-01 07:00:00+00:00,0,1,0.5485720773304912
2026-07-01 07:05:00+00:00,0,1,0.5703688427432457
2026-07-01 07:10:00+00:00,0,1,0.5753485226191232
2026-07-01 07:15:00+00:00,0,1,0.5578694819482608
2026-07-01 07:20:00+00:00,0,1,0.5456950305885973
2026-07-01 07:25:00+00:00,0,1,0.550376146969315
2026-07-01 07:30:00+00:00,1,1,0.6410792043011413
2026-07-01 07:35:00+00:00,1,1,0.5977187045403682
2026-07-01 07:55:00+00:00,0,1,0.5775228561130201
2026-07-01 08:00:00+00:00,0,0,0.4961497047948679
2026-07-01 08:05:00+00:00,1,1,0.5986478423008696
2026-07-01 08:10:00+00:00,1,1,0.5963093507284093
2026-07-01 08:25:00+00:00,0,1,0.5662050677697459
2026-07-01 08:30:00+00:00,0,1,0.5413863061587002
2026-07-01 08:35:00+00:00,0,1,0.5610101940612674
2026-07-01 08:45:00+00:00,0,1,0.5774604247972462
2026-07-01 08:50:00+00:00,0,1,0.5821455267926182
2026-07-01 08:55:00+00:00,0,1,0.5766311812719438
2026-07-01 09:00:00+00:00,0,1,0.5578518389688129
2026-07-01 09:05:00+00:00,0,1,0.5348691877655912
2026-07-01 09:10:00+00:00,0,1,0.5439875531077798
2026-07-01 09:15:00+00:00,0,1,0.635557322792973
2026-07-01 09:20:00+00:00,0,1,0.572752236101946
2026-07-01 09:30:00+00:00,0,1,0.5954119435909824
2026-07-01 09:35:00+00:00,0,1,0.6199644867451545
2026-07-01 09:40:00+00:00,0,1,0.6108159683907024
2026-07-01 09:50:00+00:00,0,1,0.5971536990490602
2026-07-01 10:00:00+00:00,1,1,0.6516833748295126
2026-07-01 10:05:00+00:00,1,1,0.6503909874963512
2026-07-01 10:10:00+00:00,1,1,0.6554589552420137
2026-07-01 10:20:00+00:00,0,1,0.5746159883715798
2026-07-01 10:25:00+00:00,0,1,0.5674955627511434
2026-07-01 10:30:00+00:00,0,1,0.6811134508913608
2026-07-01 10:35:00+00:00,1,1,0.6826353918929197
2026-07-01 10:40:00+00:00,0,1,0.6170378647515268
2026-07-01 11:00:00+00:00,0,1,0.5968560586614705
2026-07-01 11:05:00+00:00,0,1,0.5910897730710729
2026-07-01 11:15:00+00:00,1,1,0.6407068976179252
2026-07-01 11:20:00+00:00,1,1,0.6165218143482522
2026-07-01 11:25:00+00:00,1,1,0.6332283542513948
2026-07-01 11:30:00+00:00,1,1,0.6430333401678907
2026-07-01 11:35:00+00:00,1,1,0.6446846476706346
2026-07-01 11:40:00+00:00,1,1,0.6493136157476393
2026-07-01 11:45:00+00:00,1,1,0.6375305793844455
2026-07-01 11:50:00+00:00,1,1,0.6434716409147704
2026-07-01 11:55:00+00:00,1,1,0.623503198710249
2026-07-01 12:00:00+00:00,1,1,0.6478680398122758
2026-07-01 12:05:00+00:00,1,1,0.6402261095973166
2026-07-01 12:10:00+00:00,1,1,0.6481392426649955
2026-07-01 12:15:00+00:00,0,1,0.6462177614518847
2026-07-01 12:20:00+00:00,0,1,0.609470583306039
2026-07-01 12:25:00+00:00,1,1,0.6864856854075576
2026-07-01 12:35:00+00:00,1,1,0.5717369307311684
2026-07-01 12:45:00+00:00,0,1,0.5777169301396071
2026-07-01 12:50:00+00:00,0,1,0.5347673966849297
2026-07-01 12:55:00+00:00,0,1,0.523909279098466
2026-07-01 13:00:00+00:00,0,1,0.5922087585277601
2026-07-01 13:10:00+00:00,1,1,0.6218366421211423
2026-07-01 13:15:00+00:00,1,1,0.6459319696744558
2026-07-01 13:30:00+00:00,1,1,0.6286725921007729
2026-07-01 13:45:00+00:00,1,0,0.4972600273060419
2026-07-01 13:50:00+00:00,1,0,0.4939607470656564
2026-07-01 13:55:00+00:00,1,1,0.5072417150606963
2026-07-01 14:10:00+00:00,0,1,0.5312252884653004
2026-07-01 14:20:00+00:00,0,1,0.5120632761268087
2026-07-01 14:35:00+00:00,1,1,0.5475166869941629
2026-07-01 14:40:00+00:00,1,1,0.5384929674116862
2026-07-01 14:45:00+00:00,1,1,0.5469173976797322
2026-07-01 15:05:00+00:00,0,1,0.5461077326448144
2026-07-01 15:10:00+00:00,1,1,0.52257767404131
2026-07-01 15:15:00+00:00,0,1,0.5459784768799514
2026-07-01 15:20:00+00:00,0,1,0.5638799741437136
2026-07-01 15:25:00+00:00,0,1,0.550617245992724
2026-07-01 15:30:00+00:00,0,1,0.5511152043515178
2026-07-01 15:35:00+00:00,0,0,0.4973469253037226
2026-07-01 15:40:00+00:00,0,1,0.5155512434901766
2026-07-01 15:45:00+00:00,0,1,0.5092017193609819
2026-07-01 15:50:00+00:00,0,1,0.7153584902891663
2026-07-01 15:55:00+00:00,0,1,0.6764065563201678
2026-07-01 16:00:00+00:00,0,1,0.6898651067638752
2026-07-01 16:05:00+00:00,0,1,0.7176751813618109
2026-07-01 16:10:00+00:00,0,1,0.6823111308568657
2026-07-01 16:15:00+00:00,0,1,0.7136945558894892
2026-07-01 16:20:00+00:00,0,1,0.6300320292038992
2026-07-01 16:25:00+00:00,0,1,0.5786422294382507
2026-07-01 16:30:00+00:00,0,0,0.4839037293797843
2026-07-01 16:35:00+00:00,0,0,0.4868558599220246
2026-07-01 16:40:00+00:00,0,0,0.40167718064969793
2026-07-01 16:45:00+00:00,1,0,0.3993291701632241
2026-07-01 17:05:00+00:00,1,0,0.4451039605760604
2026-07-01 17:10:00+00:00,1,0,0.4491660063537441
2026-07-01 17:15:00+00:00,1,0,0.437666208060446
2026-07-01 17:20:00+00:00,1,0,0.4553454237486864
2026-07-01 17:25:00+00:00,0,0,0.4355146706759019
2026-07-01 17:30:00+00:00,1,0,0.43805794581623725
2026-07-01 17:35:00+00:00,1,0,0.44657314314401236
2026-07-01 17:40:00+00:00,1,0,0.4255432895703507
2026-07-01 17:45:00+00:00,1,0,0.47334886413433236
2026-07-01 18:00:00+00:00,0,0,0.3237705071204914
2026-07-01 18:05:00+00:00,0,0,0.39411473205283115
2026-07-01 18:10:00+00:00,0,0,0.41197109497160284
2026-07-01 18:20:00+00:00,0,0,0.39488910589768095
2026-07-01 18:55:00+00:00,1,1,0.5085535250477494
2026-07-01 19:00:00+00:00,1,1,0.5008201517239267
2026-07-01 19:05:00+00:00,1,1,0.5035195484543182
2026-07-01 19:10:00+00:00,1,1,0.5420737786648515
2026-07-01 19:15:00+00:00,1,0,0.42946754233474244
2026-07-01 19:20:00+00:00,1,1,0.5020341219273227
2026-07-01 19:25:00+00:00,1,1,0.5150713135334263
2026-07-01 19:30:00+00:00,1,1,0.5040569901764232
2026-07-01 19:35:00+00:00,1,0,0.4964534728950278
2026-07-01 19:40:00+00:00,1,0,0.494594466930746
2026-07-01 19:45:00+00:00,1,0,0.49472203152597766
2026-07-01 19:50:00+00:00,1,1,0.5002669275041907
2026-07-01 19:55:00+00:00,1,0,0.4820806889179857
2026-07-01 20:00:00+00:00,1,0,0.4856865907615479
2026-07-01 20:05:00+00:00,1,0,0.4787948034394587
2026-07-01 20:10:00+00:00,1,0,0.4492411404288977
2026-07-01 20:15:00+00:00,1,0,0.46186659445429723
2026-07-01 20:20:00+00:00,1,0,0.4512725558834759
2026-07-01 20:25:00+00:00,1,0,0.4533968602636775
2026-07-01 20:30:00+00:00,1,0,0.4644655248063119
2026-07-01 20:35:00+00:00,1,0,0.4858578462580028
2026-07-01 20:40:00+00:00,1,0,0.46492284020443625
2026-07-01 20:45:00+00:00,1,0,0.4665990884707143
2026-07-01 21:05:00+00:00,0,1,0.5301497439184343
2026-07-01 21:10:00+00:00,0,1,0.5193609179330114
2026-07-01 21:20:00+00:00,0,0,0.47628532494981685
2026-07-01 21:25:00+00:00,0,0,0.46844307370678
2026-07-01 21:30:00+00:00,0,0,0.4624190531950687
2026-07-01 21:35:00+00:00,0,0,0.459243167205813
2026-07-01 21:40:00+00:00,0,0,0.42650735685915947
2026-07-01 21:50:00+00:00,1,0,0.4312055250261591
2026-07-01 21:55:00+00:00,1,0,0.45253279654529727
2026-07-01 22:00:00+00:00,1,0,0.4429417279978422
2026-07-01 22:05:00+00:00,1,0,0.4179711533871067
2026-07-01 22:10:00+00:00,1,0,0.462240272293999
2026-07-01 22:15:00+00:00,1,0,0.42348892142519257
2026-07-01 22:20:00+00:00,1,0,0.4499861647950229
2026-07-01 22:25:00+00:00,1,0,0.46592104489832714
2026-07-01 22:30:00+00:00,1,1,0.5428467195750217
2026-07-01 22:35:00+00:00,1,1,0.5135827618111795
2026-07-01 22:40:00+00:00,1,0,0.47888878883086083
2026-07-01 22:45:00+00:00,1,0,0.4591187904326999
2026-07-01 22:50:00+00:00,1,0,0.4999182539523255
2026-07-01 23:00:00+00:00,0,0,0.09159012930760535
2026-07-01 23:05:00+00:00,0,0,0.09831212718062574
2026-07-01 23:10:00+00:00,0,0,0.09418491733626981
2026-07-01 23:15:00+00:00,0,0,0.10000052726383152
2026-07-01 23:20:00+00:00,0,0,0.09896635541347173
2026-07-01 23:25:00+00:00,0,0,0.06705597483685478
2026-07-01 23:30:00+00:00,0,0,0.06705597483685478
2026-07-01 23:35:00+00:00,0,0,0.07775350249033074
2026-07-01 23:40:00+00:00,0,0,0.07281527015845646
2026-07-01 23:45:00+00:00,0,0,0.05340056803680078
2026-07-01 23:50:00+00:00,0,0,0.06506323325313787
2026-07-01 23:55:00+00:00,0,0,0.18145104724270855
2026-07-02 00:00:00+00:00,1,1,0.6538487203219193
2026-07-02 00:20:00+00:00,1,1,0.6883195492801052
2026-07-02 00:25:00+00:00,1,1,0.6064520109177026
2026-07-02 00:30:00+00:00,1,1,0.6626931476948219
2026-07-02 00:55:00+00:00,1,0,0.4991071576971637
2026-07-02 01:00:00+00:00,0,0,0.46213859413471603
2026-07-02 01:15:00+00:00,1,1,0.5189544715532534
2026-07-02 01:20:00+00:00,1,1,0.5342642858539144
2026-07-02 01:25:00+00:00,1,1,0.523194557318166
2026-07-02 01:30:00+00:00,1,1,0.525389989666437
2026-07-02 01:35:00+00:00,1,1,0.5123502968040616
2026-07-02 01:40:00+00:00,1,1,0.5099934424618178
2026-07-02 01:45:00+00:00,0,1,0.5016408850749777
2026-07-02 01:50:00+00:00,1,0,0.4933648470746779
2026-07-02 01:55:00+00:00,1,0,0.4852642163182206
2026-07-02 02:00:00+00:00,0,0,0.38842859147524905
2026-07-02 02:05:00+00:00,0,0,0.43421144871412787
2026-07-02 02:10:00+00:00,0,0,0.43712548528166834
2026-07-02 02:15:00+00:00,0,0,0.3797784649104299
2026-07-02 02:20:00+00:00,0,0,0.38422564785960217
2026-07-02 02:25:00+00:00,1,0,0.3742389077659728
2026-07-02 02:30:00+00:00,0,0,0.4026228070021766
2026-07-02 02:35:00+00:00,0,0,0.462207148298562
2026-07-02 02:45:00+00:00,1,1,0.5082161985477692
2026-07-02 02:50:00+00:00,1,0,0.4449455252859313
2026-07-02 02:55:00+00:00,1,0,0.4607816550259872
2026-07-02 03:00:00+00:00,1,1,0.6411495376269052
2026-07-02 03:05:00+00:00,1,1,0.6288165165074842
2026-07-02 03:10:00+00:00,1,1,0.5962848030260854
2026-07-02 03:15:00+00:00,1,1,0.6359047835645683
2026-07-02 03:20:00+00:00,1,1,0.6068050505299047
2026-07-02 03:25:00+00:00,0,1,0.5923633012724546
2026-07-02 03:40:00+00:00,0,1,0.5941261863486174
2026-07-02 03:45:00+00:00,0,1,0.580698889665597
2026-07-02 03:50:00+00:00,0,1,0.5928518556288241
2026-07-02 03:55:00+00:00,0,1,0.6187996396727624
2026-07-02 04:10:00+00:00,0,1,0.6047543516799406
2026-07-02 04:15:00+00:00,0,1,0.6141241224149777
2026-07-02 04:20:00+00:00,0,1,0.5893897136612445
2026-07-02 04:25:00+00:00,0,1,0.6017680085059522
2026-07-02 04:30:00+00:00,0,1,0.6031072521325472
2026-07-02 04:35:00+00:00,0,1,0.6020697061645426
2026-07-02 04:40:00+00:00,0,1,0.6289314885261316
2026-07-02 05:00:00+00:00,0,1,0.6102760913272007
2026-07-02 05:10:00+00:00,1,1,0.6441101428869279
2026-07-02 05:20:00+00:00,0,1,0.6242081130004158
2026-07-02 05:30:00+00:00,1,1,0.6542064189623479
2026-07-02 05:35:00+00:00,1,1,0.6215338022033139
2026-07-02 05:50:00+00:00,0,1,0.6306692889730714
2026-07-02 05:55:00+00:00,0,1,0.5341982006146704
2026-07-02 06:00:00+00:00,0,0,0.47503572564248064
2026-07-02 06:05:00+00:00,0,0,0.4676199434733182
2026-07-02 06:10:00+00:00,0,1,0.5082715275466116
2026-07-02 06:15:00+00:00,0,1,0.5556206383004845
2026-07-02 06:20:00+00:00,0,1,0.5767135544246145
2026-07-02 06:25:00+00:00,0,1,0.549236623830055
2026-07-02 06:30:00+00:00,0,1,0.5647051417370196
2026-07-02 06:35:00+00:00,0,1,0.5268712384961234
2026-07-02 06:40:00+00:00,0,1,0.5685323250051794
2026-07-02 06:45:00+00:00,0,1,0.5216891764589524
2026-07-02 06:50:00+00:00,0,1,0.5292509577352363
2026-07-02 06:55:00+00:00,0,1,0.7363673943274895
2026-07-02 07:00:00+00:00,0,1,0.7373697106685526
2026-07-02 07:05:00+00:00,0,1,0.7371741455264972
2026-07-02 07:10:00+00:00,0,1,0.716495143234719
2026-07-02 07:15:00+00:00,0,1,0.6864705875979996
2026-07-02 07:20:00+00:00,0,1,0.7240010210174206
2026-07-02 07:25:00+00:00,0,1,0.6826855766352073
2026-07-02 07:30:00+00:00,0,1,0.7035919025696179
2026-07-02 07:35:00+00:00,0,1,0.6892995241929553
2026-07-02 07:40:00+00:00,0,1,0.6679606078207686
2026-07-02 07:45:00+00:00,0,1,0.6651420635060287
2026-07-02 07:50:00+00:00,0,1,0.6706547841731129
2026-07-02 07:55:00+00:00,0,1,0.6467991688417736
2026-07-02 08:00:00+00:00,0,1,0.663554011539526
2026-07-02 08:05:00+00:00,0,1,0.6787490064551626
2026-07-02 08:10:00+00:00,0,1,0.6768197212906454
2026-07-02 08:15:00+00:00,0,1,0.7082942092022289
2026-07-02 08:20:00+00:00,0,1,0.7277278893565966
2026-07-02 08:25:00+00:00,0,1,0.7313045864631446
2026-07-02 08:30:00+00:00,0,1,0.7410363890002896
2026-07-02 08:35:00+00:00,0,1,0.7112884887068119
2026-07-02 08:40:00+00:00,0,1,0.729801765937374
2026-07-02 08:45:00+00:00,0,1,0.7098405188148486
2026-07-02 08:50:00+00:00,0,1,0.743600380603483
2026-07-02 08:55:00+00:00,0,1,0.7828636194794948
2026-07-02 09:00:00+00:00,0,1,0.7354894782401342
2026-07-02 09:05:00+00:00,0,1,0.5733301587008154
2026-07-02 09:10:00+00:00,0,1,0.6661998896377279
2026-07-02 09:15:00+00:00,0,1,0.7035912400783321
2026-07-02 09:20:00+00:00,0,1,0.6921027900032806
2026-07-02 09:25:00+00:00,0,1,0.7066918062471715
2026-07-02 09:30:00+00:00,0,1,0.5985596069616066
2026-07-02 09:35:00+00:00,0,1,0.5872135178838315
2026-07-02 09:40:00+00:00,0,1,0.6322118221909349
2026-07-02 09:45:00+00:00,0,0,0.2917176654347326
2026-07-02 09:50:00+00:00,0,0,0.21041439032866924
2026-07-02 09:55:00+00:00,0,0,0.15099640430323166
2026-07-02 10:00:00+00:00,0,0,0.15040559919234944
2026-07-02 10:05:00+00:00,0,0,0.1568730595316656
2026-07-02 10:10:00+00:00,0,0,0.13323132051160508
2026-07-02 10:15:00+00:00,0,0,0.09108948460509175
2026-07-02 10:20:00+00:00,0,0,0.11587082974528498
2026-07-02 10:25:00+00:00,0,0,0.1075411930304382
2026-07-02 10:30:00+00:00,0,0,0.12137533968701611
2026-07-02 10:35:00+00:00,0,0,0.12435226003121239
2026-07-02 10:40:00+00:00,0,0,0.15766445975195317
2026-07-02 10:45:00+00:00,0,0,0.09643701429878562
2026-07-02 10:50:00+00:00,0,0,0.2563609136880191
2026-07-02 10:55:00+00:00,0,0,0.18430405777433523
2026-07-02 11:00:00+00:00,0,0,0.2073448690071619
2026-07-02 11:10:00+00:00,1,0,0.22682666804591328
2026-07-02 11:20:00+00:00,0,0,0.1631999321770866
2026-07-02 11:30:00+00:00,1,0,0.18233042306248806
2026-07-02 11:45:00+00:00,1,0,0.1422392902060474
2026-07-02 11:50:00+00:00,1,0,0.12529908342388227
2026-07-02 11:55:00+00:00,1,0,0.1584291183695445
2026-07-02 12:00:00+00:00,1,0,0.07627641888242932
2026-07-02 12:15:00+00:00,1,0,0.04371285659092164
2026-07-02 12:20:00+00:00,1,0,0.05268088910141908
2026-07-02 12:25:00+00:00,1,0,0.071535056068684
2026-07-02 12:30:00+00:00,1,0,0.08999695888855148
2026-07-02 12:35:00+00:00,1,0,0.0889097747391873
2026-07-02 12:40:00+00:00,1,0,0.07886231276971788
2026-07-02 12:45:00+00:00,1,0,0.09113197020803132
2026-07-02 12:50:00+00:00,1,0,0.0866496425516111
2026-07-02 12:55:00+00:00,1,0,0.14966029196180244
2026-07-02 13:00:00+00:00,1,0,0.1797372379368986
2026-07-02 13:05:00+00:00,1,0,0.13626569052746282
2026-07-02 13:10:00+00:00,1,0,0.18009811592965583
2026-07-02 13:20:00+00:00,0,0,0.1439798349336812
2026-07-02 13:25:00+00:00,0,0,0.15191253133364413
2026-07-02 13:30:00+00:00,0,0,0.21596187518715765
2026-07-02 13:35:00+00:00,0,0,0.18184027054509344
2026-07-02 13:45:00+00:00,1,0,0.2492597215991124
2026-07-02 13:50:00+00:00,1,0,0.31265726446715697
2026-07-02 13:55:00+00:00,1,0,0.2745513035156248
2026-07-02 14:00:00+00:00,1,0,0.2739585538288462
2026-07-02 14:05:00+00:00,1,0,0.30144485091461193
2026-07-02 14:10:00+00:00,1,0,0.29099325982065927
2026-07-02 14:15:00+00:00,1,0,0.294510273588907
2026-07-02 14:20:00+00:00,1,0,0.3292713232059501
2026-07-02 14:25:00+00:00,1,0,0.3190599752497221
2026-07-02 14:30:00+00:00,0,0,0.35117101546619894
2026-07-02 14:35:00+00:00,0,0,0.44324753424364055
2026-07-02 14:40:00+00:00,0,0,0.3959243034610727
2026-07-02 14:45:00+00:00,0,0,0.39074853112727315
2026-07-02 14:50:00+00:00,0,0,0.32000016812935717
2026-07-02 14:55:00+00:00,0,0,0.34632078303352537
2026-07-02 15:00:00+00:00,0,0,0.3260385317512971
2026-07-02 15:05:00+00:00,0,0,0.33882123000252956
2026-07-02 15:10:00+00:00,0,0,0.35027607268914057
2026-07-02 15:15:00+00:00,0,0,0.36602744769886264
2026-07-02 15:20:00+00:00,0,0,0.2882170187919288
2026-07-02 15:25:00+00:00,0,0,0.2811908885771598
2026-07-02 15:30:00+00:00,1,0,0.2225164489869748
2026-07-02 15:35:00+00:00,1,0,0.17047903058924596
2026-07-02 15:40:00+00:00,1,0,0.13207660053939982
2026-07-02 15:55:00+00:00,0,0,0.13603313348354332
2026-07-02 16:05:00+00:00,0,0,0.1141458981974288
2026-07-02 16:10:00+00:00,0,0,0.11835958656242872
2026-07-02 16:15:00+00:00,0,0,0.14625146953093654
2026-07-02 16:20:00+00:00,0,0,0.12893769801201715
2026-07-02 16:25:00+00:00,0,0,0.16223762151974142
2026-07-02 16:30:00+00:00,1,0,0.19504378792437385
2026-07-02 16:35:00+00:00,1,0,0.19860459905415487
2026-07-02 16:40:00+00:00,1,0,0.2211405619593793
2026-07-02 16:45:00+00:00,1,0,0.21725864238525164
2026-07-02 16:50:00+00:00,1,0,0.2189113627392608
2026-07-02 16:55:00+00:00,1,0,0.20894525484490584
2026-07-02 17:05:00+00:00,1,0,0.25002407954632183
2026-07-02 17:10:00+00:00,1,0,0.2498428578402973
2026-07-02 17:20:00+00:00,0,0,0.2540353665423924
2026-07-02 17:25:00+00:00,0,0,0.1794871441462586
2026-07-02 17:30:00+00:00,0,0,0.2433614694692105
2026-07-02 17:35:00+00:00,0,0,0.24129401017752097
2026-07-02 17:40:00+00:00,0,0,0.23267155676245943
2026-07-02 17:45:00+00:00,0,0,0.2540496033674635
2026-07-02 17:50:00+00:00,0,0,0.26276428967977106
2026-07-02 17:55:00+00:00,0,0,0.31172758432658076
2026-07-02 18:00:00+00:00,0,0,0.31734494802380975
2026-07-02 18:05:00+00:00,1,0,0.31459848679117103
2026-07-02 18:15:00+00:00,1,0,0.34126165372703565
2026-07-02 18:20:00+00:00,1,0,0.31696828897596757
2026-07-02 18:25:00+00:00,1,0,0.32765054347807415
2026-07-02 18:30:00+00:00,1,0,0.32160649461054985
2026-07-02 18:35:00+00:00,1,0,0.31993965200726526
2026-07-02 18:40:00+00:00,1,0,0.37937303898402014
2026-07-02 18:45:00+00:00,1,0,0.35408437289304495
2026-07-02 18:50:00+00:00,1,0,0.3757337822807734
2026-07-02 18:55:00+00:00,1,0,0.3502131451181884
2026-07-02 19:00:00+00:00,1,0,0.26919135387858695
2026-07-02 19:05:00+00:00,1,0,0.31761082456945383
2026-07-02 19:10:00+00:00,1,0,0.3500533313395791
2026-07-02 19:15:00+00:00,1,0,0.3803733324577794
2026-07-02 19:20:00+00:00,1,0,0.3314074549314235
2026-07-02 19:25:00+00:00,1,0,0.30343451896205653
2026-07-02 19:35:00+00:00,1,0,0.40946924280653957
2026-07-02 19:40:00+00:00,1,0,0.4121221273404244
2026-07-02 19:45:00+00:00,1,0,0.41992444612755
2026-07-02 19:50:00+00:00,1,0,0.40723576375523085
2026-07-02 19:55:00+00:00,1,0,0.4151705753148193
2026-07-02 20:10:00+00:00,1,1,0.5150726760635848
2026-07-02 20:25:00+00:00,0,0,0.3213374535422228
2026-07-02 20:30:00+00:00,0,0,0.3247089349788394
2026-07-02 20:35:00+00:00,0,0,0.33318506621078725
2026-07-02 20:40:00+00:00,0,0,0.3176741141967055
2026-07-02 20:45:00+00:00,0,0,0.3224450423907926
2026-07-02 20:50:00+00:00,0,0,0.30770691001939526
2026-07-02 20:55:00+00:00,0,0,0.31962793117211974
2026-07-02 21:00:00+00:00,1,0,0.3555060646947117
2026-07-02 21:05:00+00:00,1,0,0.34040723588353594
2026-07-02 21:20:00+00:00,1,0,0.35134340642764
2026-07-02 21:25:00+00:00,1,0,0.3495554150374247
2026-07-02 21:30:00+00:00,1,0,0.4468164992051242
2026-07-02 21:35:00+00:00,1,1,0.5085176103591347
2026-07-02 21:40:00+00:00,1,0,0.4398010816331789
2026-07-02 21:45:00+00:00,1,0,0.4710339546938327
2026-07-02 21:50:00+00:00,1,1,0.5203269369038283
2026-07-02 21:55:00+00:00,1,1,0.5208169020549088
2026-07-02 22:00:00+00:00,1,0,0.4126523632641718
2026-07-02 22:05:00+00:00,1,0,0.4502770513641798
2026-07-02 22:10:00+00:00,1,0,0.4182170999307648
2026-07-02 22:20:00+00:00,0,0,0.4102904122969121
2026-07-02 22:25:00+00:00,0,0,0.3835078888141333
2026-07-02 22:30:00+00:00,0,0,0.4788419202920191
2026-07-02 22:35:00+00:00,0,0,0.4749007279302581
2026-07-02 22:40:00+00:00,0,0,0.4835552471252484
2026-07-02 22:45:00+00:00,0,0,0.43305878227137257
2026-07-02 22:50:00+00:00,0,0,0.4410015485517602
2026-07-02 22:55:00+00:00,0,0,0.48440571529474924
2026-07-02 23:00:00+00:00,0,0,0.0800015055362279
2026-07-02 23:05:00+00:00,0,0,0.08085265846622086
2026-07-02 23:15:00+00:00,0,0,0.0772309411427252
2026-07-02 23:20:00+00:00,0,0,0.06817250472967158
2026-07-02 23:25:00+00:00,1,0,0.08614768388116967
2026-07-02 23:35:00+00:00,1,0,0.07733181845553791
2026-07-02 23:45:00+00:00,0,0,0.06221608544385241
2026-07-02 23:50:00+00:00,0,0,0.09099044918841923
2026-07-02 23:55:00+00:00,0,0,0.0881914016695863
2026-07-03 00:00:00+00:00,1,1,0.5361632313652858
2026-07-03 00:05:00+00:00,1,1,0.7849262455350535
2026-07-03 00:10:00+00:00,1,0,0.41084431117197523
2026-07-03 00:15:00+00:00,1,1,0.5369540528415825
2026-07-03 00:20:00+00:00,1,1,0.5393740454557463
2026-07-03 00:25:00+00:00,1,0,0.4057260887763832
2026-07-03 00:30:00+00:00,1,1,0.5589851619423637
2026-07-03 00:35:00+00:00,1,0,0.43276680170715526
2026-07-03 00:40:00+00:00,1,0,0.41864130937410843
2026-07-03 00:45:00+00:00,1,0,0.4315393902261927
2026-07-03 00:50:00+00:00,1,0,0.4800587677113967
2026-07-03 00:55:00+00:00,1,1,0.6239141327024754
2026-07-03 01:00:00+00:00,1,1,0.5313111356348061
2026-07-03 01:05:00+00:00,1,0,0.4801922870592328
2026-07-03 01:10:00+00:00,1,0,0.45700177532889297
2026-07-03 01:15:00+00:00,1,0,0.4725978609573721
2026-07-03 01:20:00+00:00,1,0,0.4629505464394286
2026-07-03 01:25:00+00:00,1,0,0.4773462911937276
2026-07-03 01:30:00+00:00,1,1,0.5005588570278868
2026-07-03 01:35:00+00:00,1,0,0.4586019427535166
2026-07-03 01:40:00+00:00,1,0,0.4618894823731157
2026-07-03 01:45:00+00:00,1,0,0.4235961191013642
2026-07-03 01:50:00+00:00,1,0,0.46142690227095456
2026-07-03 01:55:00+00:00,1,0,0.4427172001674983
2026-07-03 02:00:00+00:00,1,0,0.40765374388992365
2026-07-03 02:05:00+00:00,1,0,0.40183833091835713
2026-07-03 02:10:00+00:00,1,0,0.4536869472889451
2026-07-03 02:15:00+00:00,1,0,0.4906603161617027
2026-07-03 02:20:00+00:00,1,0,0.49274310647391645
2026-07-03 02:25:00+00:00,1,1,0.5061183154015101
2026-07-03 02:30:00+00:00,1,0,0.4576863546705549
2026-07-03 02:35:00+00:00,1,0,0.4742896343071688
2026-07-03 02:40:00+00:00,1,0,0.4315291330407967
2026-07-03 02:50:00+00:00,0,0,0.316931816637869
2026-07-03 02:55:00+00:00,0,0,0.30601912534639314
2026-07-03 03:00:00+00:00,0,0,0.4692704082151586
2026-07-03 03:05:00+00:00,0,0,0.3903638048730069
2026-07-03 03:10:00+00:00,0,0,0.3830409436787195
2026-07-03 03:15:00+00:00,0,0,0.4775559906102212
2026-07-03 03:20:00+00:00,0,0,0.4943618203494451
2026-07-03 03:25:00+00:00,0,0,0.4682509943365528
2026-07-03 03:30:00+00:00,0,0,0.48135285877197004
2026-07-03 03:35:00+00:00,0,1,0.5204526920123212
2026-07-03 03:40:00+00:00,0,0,0.48328112958362685
2026-07-03 03:45:00+00:00,0,0,0.46727210293249555
2026-07-03 03:50:00+00:00,1,0,0.236790816002074
2026-07-03 03:55:00+00:00,1,0,0.32387827416524556
2026-07-03 04:00:00+00:00,0,0,0.3606273186613653
2026-07-03 04:05:00+00:00,0,0,0.39734597298235663
2026-07-03 04:10:00+00:00,1,0,0.3619833022110944
2026-07-03 04:15:00+00:00,1,0,0.3852137784490008
2026-07-03 04:20:00+00:00,1,0,0.3535841467840475
2026-07-03 04:25:00+00:00,1,0,0.42084395372783945
2026-07-03 04:30:00+00:00,1,0,0.4544831785945175
2026-07-03 04:45:00+00:00,0,0,0.3373820569517455
2026-07-03 04:50:00+00:00,0,0,0.3146419144019945
2026-07-03 04:55:00+00:00,0,0,0.4337853056790492
2026-07-03 05:00:00+00:00,0,0,0.4116523414946463
2026-07-03 05:05:00+00:00,1,0,0.470068223220455
2026-07-03 05:15:00+00:00,1,0,0.43636719177240674
2026-07-03 05:20:00+00:00,1,0,0.407967009044905
2026-07-03 05:25:00+00:00,1,0,0.383137242762059
2026-07-03 05:40:00+00:00,1,0,0.46217899603566676
2026-07-03 06:20:00+00:00,0,0,0.48070370513358934
2026-07-03 06:25:00+00:00,0,0,0.49599590263923066
2026-07-03 06:45:00+00:00,1,1,0.5400806541492014
2026-07-03 06:50:00+00:00,1,1,0.5501011637216904
2026-07-03 06:55:00+00:00,0,1,0.5172348331857654
2026-07-03 07:00:00+00:00,0,1,0.507451256794404
2026-07-03 07:05:00+00:00,0,0,0.4801691867481267
2026-07-03 07:10:00+00:00,0,1,0.5274076990551886
2026-07-03 07:15:00+00:00,0,1,0.5187336012514444
2026-07-03 07:20:00+00:00,0,0,0.4958280634441474
2026-07-03 07:25:00+00:00,0,1,0.5320265237384122
2026-07-03 07:30:00+00:00,0,1,0.5055266740329905
2026-07-03 07:35:00+00:00,0,0,0.4763705973835917
2026-07-03 07:40:00+00:00,0,0,0.474786038274211
2026-07-03 07:45:00+00:00,0,0,0.46554139494241265
2026-07-03 07:50:00+00:00,0,1,0.5372301591559449
2026-07-03 07:55:00+00:00,1,1,0.5388970692644075
2026-07-03 08:00:00+00:00,1,1,0.5322779441787787
2026-07-03 08:05:00+00:00,1,1,0.517435236418992
2026-07-03 08:15:00+00:00,0,0,0.42994497885910055
2026-07-03 08:20:00+00:00,0,0,0.4476106517525479
2026-07-03 08:25:00+00:00,0,1,0.5366621522813914
2026-07-03 08:30:00+00:00,0,1,0.5516818482952895
2026-07-03 08:35:00+00:00,0,1,0.6052620815319477
2026-07-03 08:40:00+00:00,0,1,0.5152062036059788
2026-07-03 08:45:00+00:00,0,1,0.5161115110775213
2026-07-03 08:50:00+00:00,0,1,0.5257988524664229
2026-07-03 08:55:00+00:00,0,1,0.5263806963391466
2026-07-03 09:00:00+00:00,0,1,0.5639031983017447
2026-07-03 09:05:00+00:00,0,1,0.5048750654676089
2026-07-03 09:10:00+00:00,0,1,0.5186885210190881
2026-07-03 09:15:00+00:00,0,0,0.4498188985782294
2026-07-03 09:20:00+00:00,0,1,0.5014941102613933
2026-07-03 09:25:00+00:00,0,0,0.39674396494867914
2026-07-03 09:30:00+00:00,1,0,0.2944601231382971
2026-07-03 09:35:00+00:00,1,0,0.252087983247073
2026-07-03 09:40:00+00:00,1,0,0.2514091142550159
2026-07-03 09:45:00+00:00,1,0,0.2710537631492692
2026-07-03 09:55:00+00:00,0,0,0.2494526649552761
2026-07-03 10:05:00+00:00,1,0,0.22594228849947548
2026-07-03 10:10:00+00:00,1,0,0.22118020520110954
2026-07-03 10:15:00+00:00,1,0,0.21302508233531414
2026-07-03 10:20:00+00:00,1,0,0.2162588011335162
2026-07-03 10:25:00+00:00,1,0,0.23797637938027955
2026-07-03 10:35:00+00:00,0,0,0.25297797341451317
2026-07-03 10:45:00+00:00,1,0,0.3337131199202458
2026-07-03 10:50:00+00:00,1,0,0.30188153258328
2026-07-03 10:55:00+00:00,1,0,0.35047302065320796
2026-07-03 11:00:00+00:00,1,0,0.32266670841268486
2026-07-03 11:05:00+00:00,1,0,0.3481339370811239
2026-07-03 11:10:00+00:00,1,0,0.38905310074929916
2026-07-03 11:15:00+00:00,1,0,0.4007388876235104
2026-07-03 11:20:00+00:00,1,0,0.3724296668966701
2026-07-03 11:25:00+00:00,1,0,0.3465191421816961
2026-07-03 11:30:00+00:00,1,0,0.3495306793322641
2026-07-03 11:35:00+00:00,1,0,0.3445507953390169
2026-07-03 11:40:00+00:00,1,0,0.3119794530522322
2026-07-03 11:45:00+00:00,1,0,0.3109022046946947
2026-07-03 11:50:00+00:00,1,0,0.4027736907090422
2026-07-03 11:55:00+00:00,1,0,0.4252739694152769
2026-07-03 12:00:00+00:00,1,0,0.40656790529826103
2026-07-03 12:05:00+00:00,1,0,0.38284053802927376
2026-07-03 12:10:00+00:00,1,0,0.39050203487300045
2026-07-03 12:15:00+00:00,1,0,0.4169414257540215
2026-07-03 12:20:00+00:00,1,0,0.4264110969821802
2026-07-03 12:25:00+00:00,1,0,0.42644661777935894
2026-07-03 12:30:00+00:00,1,0,0.35256112065651846
2026-07-03 12:35:00+00:00,1,0,0.39841483256973015
2026-07-03 12:40:00+00:00,1,0,0.4255294500539148
2026-07-03 12:45:00+00:00,1,0,0.4149732420737873
2026-07-03 12:55:00+00:00,0,1,0.528710717769489
2026-07-03 13:00:00+00:00,0,1,0.5581391874239529
2026-07-03 13:05:00+00:00,0,0,0.47201950288613753
2026-07-03 13:10:00+00:00,0,0,0.45615623117081183
2026-07-03 13:15:00+00:00,0,0,0.42517076270903137
2026-07-03 13:20:00+00:00,0,0,0.4821122379613183
2026-07-03 13:25:00+00:00,0,0,0.4628122658225188
2026-07-03 13:45:00+00:00,1,0,0.48268868739924886
2026-07-03 13:50:00+00:00,1,0,0.47606681370889664
2026-07-03 13:55:00+00:00,1,1,0.5014900532841217
2026-07-03 14:00:00+00:00,1,0,0.4961976589740038
2026-07-03 14:05:00+00:00,1,0,0.4686314964749
2026-07-03 14:10:00+00:00,1,0,0.48588422403245896
2026-07-03 14:15:00+00:00,1,0,0.49616991686933914
2026-07-03 14:20:00+00:00,1,0,0.48443395461971034
2026-07-03 14:25:00+00:00,1,1,0.5380366797497185
2026-07-03 14:45:00+00:00,0,1,0.5406897936780957
2026-07-03 14:55:00+00:00,1,1,0.5304357226060045
2026-07-03 15:00:00+00:00,1,1,0.5423798248567642
2026-07-03 15:05:00+00:00,1,1,0.5374946294848861
2026-07-03 15:10:00+00:00,1,1,0.506133370052428
2026-07-03 15:15:00+00:00,1,1,0.5054658912527477
2026-07-03 15:20:00+00:00,1,1,0.512112661461781
2026-07-03 15:25:00+00:00,1,1,0.5115370468719411
2026-07-03 15:30:00+00:00,1,1,0.5362570313950814
2026-07-03 15:35:00+00:00,1,1,0.5427388697065342
2026-07-03 15:40:00+00:00,1,1,0.5214204556610061
2026-07-03 15:45:00+00:00,1,1,0.513565713166895
2026-07-03 15:50:00+00:00,1,1,0.5295378098186994
2026-07-03 15:55:00+00:00,1,0,0.49019102078936727
2026-07-03 16:00:00+00:00,1,0,0.45827789189398016
2026-07-03 16:05:00+00:00,1,0,0.46101845581336554
2026-07-03 16:25:00+00:00,1,1,0.5173501834531005
2026-07-03 16:30:00+00:00,0,0,0.46631496034837094
2026-07-03 16:45:00+00:00,0,1,0.5223179714165205
2026-07-03 16:50:00+00:00,0,0,0.40718993416392946
2026-07-03 16:55:00+00:00,1,1,0.5417124288049923
2026-07-03 17:00:00+00:00,1,0,0.4664647622602356
2026-07-03 17:05:00+00:00,1,1,0.5287126974026086
2026-07-03 17:10:00+00:00,1,1,0.5230503259848109
2026-07-03 17:15:00+00:00,1,1,0.5230503259848109
2026-07-03 17:20:00+00:00,1,1,0.553958158556663
2026-07-03 17:25:00+00:00,1,1,0.5208065657271623
2026-07-03 17:30:00+00:00,1,1,0.5231751851629035
2026-07-03 17:35:00+00:00,1,1,0.5372754507085221
2026-07-03 17:40:00+00:00,1,1,0.5382268670344621
2026-07-03 17:45:00+00:00,1,1,0.5332621536539687
2026-07-03 17:50:00+00:00,1,1,0.5195449274903775
2026-07-03 17:55:00+00:00,1,1,0.5362181048517043
2026-07-03 18:00:00+00:00,0,0,0.48939400094833047
2026-07-03 18:05:00+00:00,1,1,0.5189083636853782
2026-07-03 18:10:00+00:00,1,1,0.5052649423686456
2026-07-03 18:15:00+00:00,1,1,0.5108264988472552
2026-07-03 18:20:00+00:00,1,1,0.5074805322971491
2026-07-03 18:25:00+00:00,1,1,0.514742187172116
2026-07-03 18:30:00+00:00,1,0,0.4913205153486024
2026-07-03 18:35:00+00:00,1,0,0.49913536534917985
2026-07-03 18:40:00+00:00,1,0,0.4998367061337213
2026-07-03 18:45:00+00:00,1,1,0.5109410356823071
2026-07-03 18:50:00+00:00,1,1,0.5310920728194909
2026-07-03 18:55:00+00:00,1,1,0.5072517255121186
2026-07-03 19:00:00+00:00,1,0,0.4887076718642906
2026-07-03 19:05:00+00:00,1,0,0.4847325914770131
2026-07-03 19:15:00+00:00,0,0,0.4955077613168803
2026-07-03 19:20:00+00:00,0,0,0.4263248825134014
2026-07-03 19:25:00+00:00,0,0,0.43829595259057375
2026-07-03 19:30:00+00:00,0,0,0.41108438533233016
2026-07-03 19:35:00+00:00,0,0,0.4191894919411029
2026-07-03 19:40:00+00:00,0,0,0.406018211344992
2026-07-03 19:45:00+00:00,0,0,0.4912023694184604
2026-07-03 19:50:00+00:00,0,0,0.4771105216561561
2026-07-03 19:55:00+00:00,0,1,0.5171538180019327
2026-07-03 20:00:00+00:00,0,1,0.5645191696215176
2026-07-03 20:05:00+00:00,0,0,0.481365488695903
2026-07-03 20:10:00+00:00,0,0,0.48938900785102807
2026-07-03 20:35:00+00:00,1,1,0.6694765090932424
2026-07-03 20:40:00+00:00,1,1,0.6115121482572692
2026-07-03 20:45:00+00:00,1,1,0.6561863193573848
2026-07-03 20:50:00+00:00,1,1,0.6231292088186652
2026-07-03 20:55:00+00:00,1,1,0.6098536939226926
2026-07-03 21:00:00+00:00,1,1,0.6033815082243995
2026-07-03 21:05:00+00:00,1,1,0.5466563937193727
2026-07-03 21:10:00+00:00,1,1,0.5678581634456434
2026-07-03 21:15:00+00:00,1,1,0.5396903710962289
2026-07-03 21:20:00+00:00,1,1,0.5409879044013588
2026-07-03 21:25:00+00:00,1,0,0.45064080556478053
2026-07-03 21:30:00+00:00,1,0,0.45947852872097206
2026-07-03 21:35:00+00:00,1,0,0.45273556410510796
2026-07-03 21:40:00+00:00,1,0,0.4382065758658479
2026-07-03 21:45:00+00:00,1,0,0.4076322479930565
2026-07-03 21:50:00+00:00,1,0,0.34879548836904395
2026-07-03 21:55:00+00:00,1,0,0.27689348376118
2026-07-03 22:00:00+00:00,1,0,0.24333758635752464
2026-07-03 22:05:00+00:00,1,0,0.251557946756199
2026-07-03 22:10:00+00:00,1,0,0.2396136944560162
2026-07-03 22:15:00+00:00,1,0,0.22111192117517656
2026-07-03 22:20:00+00:00,1,0,0.22111192117517656
2026-07-03 22:25:00+00:00,1,0,0.2505000729809933
2026-07-03 22:30:00+00:00,0,0,0.22201294079050296
2026-07-03 22:35:00+00:00,0,0,0.20450824543044852
2026-07-03 22:50:00+00:00,0,0,0.23897417424077508
2026-07-03 22:55:00+00:00,0,0,0.2386909799669663
2026-07-03 23:00:00+00:00,0,0,0.3288697061521017
2026-07-03 23:05:00+00:00,0,0,0.46761824447045924
2026-07-03 23:10:00+00:00,0,0,0.3780315408425972
2026-07-03 23:15:00+00:00,0,0,0.4515799835297615
2026-07-03 23:20:00+00:00,0,0,0.4203747852496296
2026-07-03 23:25:00+00:00,0,0,0.389359420837054
2026-07-03 23:30:00+00:00,0,1,0.539122981105579
2026-07-03 23:35:00+00:00,0,1,0.5368069460371886
2026-07-03 23:40:00+00:00,0,0,0.4879049142335198
2026-07-03 23:45:00+00:00,0,1,0.6468459564563027
2026-07-03 23:50:00+00:00,0,1,0.6564159672187585
2026-07-03 23:55:00+00:00,0,1,0.5958244051809691
2026-07-06 00:00:00+00:00,1,1,0.8843537535183956
2026-07-06 00:05:00+00:00,1,1,0.8784930105434936
2026-07-06 00:10:00+00:00,1,1,0.8504193798314108
2026-07-06 00:15:00+00:00,1,1,0.8066738478019736
2026-07-06 00:20:00+00:00,1,1,0.8122723574882854
2026-07-06 00:25:00+00:00,1,1,0.7842816081481006
2026-07-06 00:30:00+00:00,1,1,0.7978418574764115
2026-07-06 00:35:00+00:00,1,1,0.8438125298384119
2026-07-06 00:40:00+00:00,1,1,0.8130328104869756
2026-07-06 00:45:00+00:00,1,1,0.8167784921311476
2026-07-06 00:50:00+00:00,1,1,0.8399961678465572
2026-07-06 00:55:00+00:00,1,1,0.8376556218796961
2026-07-06 01:00:00+00:00,1,0,0.35760584791613453
2026-07-06 01:05:00+00:00,1,0,0.2514413788426104
2026-07-06 01:10:00+00:00,1,0,0.37979677640590154
2026-07-06 01:15:00+00:00,1,0,0.3176483542296653
2026-07-06 01:20:00+00:00,1,0,0.31772214141469785
2026-07-06 01:25:00+00:00,1,0,0.32209338661604425
2026-07-06 01:30:00+00:00,1,0,0.34366589516041324
2026-07-06 01:35:00+00:00,1,0,0.3359331146504181
2026-07-06 01:40:00+00:00,1,0,0.35585298868869847
2026-07-06 01:45:00+00:00,1,0,0.35040044165753126
2026-07-06 01:50:00+00:00,1,0,0.37754238382745015
2026-07-06 01:55:00+00:00,1,0,0.37679402748080465
2026-07-06 02:00:00+00:00,1,0,0.3584146092372744
2026-07-06 02:05:00+00:00,1,0,0.347202453512813
2026-07-06 02:10:00+00:00,1,0,0.3672360418238024
2026-07-06 02:15:00+00:00,1,0,0.35298135406876163
2026-07-06 02:20:00+00:00,1,0,0.3613830053408219
2026-07-06 02:25:00+00:00,1,0,0.3901375301974071
2026-07-06 02:30:00+00:00,1,0,0.39548455035414426
2026-07-06 02:35:00+00:00,1,0,0.3992359012645362
2026-07-06 02:40:00+00:00,1,0,0.3997768972391295
2026-07-06 02:45:00+00:00,1,0,0.4218945633442944
2026-07-06 02:50:00+00:00,1,0,0.378182875772131
2026-07-06 02:55:00+00:00,1,0,0.3951426392567197
2026-07-06 03:00:00+00:00,1,0,0.31092476160098637
2026-07-06 03:05:00+00:00,0,0,0.30355609808915446
2026-07-06 03:10:00+00:00,1,0,0.3284123731329433
2026-07-06 03:15:00+00:00,1,0,0.30648315071665194
2026-07-06 03:20:00+00:00,1,0,0.3359433940778389
2026-07-06 03:25:00+00:00,1,0,0.3218414177292256
2026-07-06 03:30:00+00:00,1,0,0.3294452018210998
2026-07-06 03:35:00+00:00,1,0,0.3151691641667084
2026-07-06 03:40:00+00:00,1,0,0.33422488933020433
2026-07-06 03:45:00+00:00,1,0,0.28222938613719967
2026-07-06 03:50:00+00:00,1,0,0.23070452391585097
2026-07-06 03:55:00+00:00,1,0,0.19087594566752716
2026-07-06 04:00:00+00:00,1,0,0.2465891986050338
2026-07-06 04:05:00+00:00,1,0,0.2600254366360783
2026-07-06 04:10:00+00:00,1,0,0.25193326902101704
2026-07-06 04:15:00+00:00,1,0,0.2536644995506874
2026-07-06 04:20:00+00:00,1,0,0.2049155511881797
2026-07-06 04:25:00+00:00,1,0,0.19889415769862465
2026-07-06 04:30:00+00:00,1,0,0.14549347491705192
2026-07-06 04:35:00+00:00,1,0,0.15630012667158358
2026-07-06 04:40:00+00:00,1,0,0.15016733496485643
2026-07-06 04:45:00+00:00,1,0,0.15179637486510364
2026-07-06 04:55:00+00:00,0,0,0.18890444813133642
2026-07-06 05:00:00+00:00,0,0,0.20091704857805787
2026-07-06 05:05:00+00:00,0,0,0.21923384742442525
2026-07-06 05:10:00+00:00,0,0,0.19965555877022784
2026-07-06 05:25:00+00:00,1,0,0.2953243410270044
2026-07-06 05:30:00+00:00,1,0,0.29410828298717573
2026-07-06 05:45:00+00:00,1,0,0.3031537253098933
2026-07-06 05:50:00+00:00,1,0,0.25162830048310125
2026-07-06 05:55:00+00:00,1,0,0.2746994244363494
2026-07-06 06:00:00+00:00,1,0,0.300187602556741
2026-07-06 06:05:00+00:00,1,0,0.27810220387927254
2026-07-06 06:10:00+00:00,1,0,0.2112571007001379
2026-07-06 06:15:00+00:00,1,0,0.20434776428339954
2026-07-06 06:20:00+00:00,1,0,0.21437078390687503
2026-07-06 06:25:00+00:00,1,0,0.2129381551290666
2026-07-06 06:30:00+00:00,1,0,0.11509611376324966
2026-07-06 06:35:00+00:00,1,0,0.1231340520278623
2026-07-06 06:40:00+00:00,1,0,0.11305904570687061
2026-07-06 06:45:00+00:00,1,0,0.11756352217654771
2026-07-06 06:50:00+00:00,1,0,0.11600306761569683
2026-07-06 06:55:00+00:00,1,0,0.1276957144318266
2026-07-06 07:00:00+00:00,1,0,0.11098727564033109
2026-07-06 07:05:00+00:00,1,0,0.12932564602977178
2026-07-06 07:10:00+00:00,1,0,0.1723503562930908
2026-07-06 07:15:00+00:00,1,0,0.17380018733585606
2026-07-06 07:20:00+00:00,1,0,0.1770790910034848
2026-07-06 07:25:00+00:00,1,0,0.16775609951688755
2026-07-06 07:30:00+00:00,1,0,0.1705320393201679
2026-07-06 07:35:00+00:00,1,0,0.1548899046156305
2026-07-06 07:40:00+00:00,1,0,0.1656887867807664
2026-07-06 07:45:00+00:00,1,0,0.15480273984305462
2026-07-06 07:50:00+00:00,1,0,0.14098891405027092
2026-07-06 07:55:00+00:00,1,0,0.14807080451060728
2026-07-06 08:00:00+00:00,1,0,0.1565962282195338
2026-07-06 08:05:00+00:00,1,0,0.13276966075475657
2026-07-06 08:10:00+00:00,1,0,0.36912431199843054
2026-07-06 08:15:00+00:00,1,0,0.24498263839544174
2026-07-06 08:20:00+00:00,1,0,0.1538444764725094
2026-07-06 08:25:00+00:00,1,0,0.1188756451860412
2026-07-06 08:30:00+00:00,1,0,0.12049246753098938
2026-07-06 08:35:00+00:00,1,0,0.1463057777222504
2026-07-06 08:40:00+00:00,1,0,0.13875220832476173
2026-07-06 08:45:00+00:00,1,0,0.10206746152870719
2026-07-06 08:50:00+00:00,1,0,0.11700870492082949
2026-07-06 08:55:00+00:00,1,0,0.21586174699285762
2026-07-06 09:00:00+00:00,1,0,0.21209443793753072
2026-07-06 09:05:00+00:00,1,0,0.292470945106169
2026-07-06 09:10:00+00:00,1,0,0.2771277985647729
2026-07-06 09:15:00+00:00,1,0,0.22949716873199527
2026-07-06 09:20:00+00:00,1,0,0.31450625488090617
2026-07-06 09:25:00+00:00,1,0,0.3324816634704656
2026-07-06 09:30:00+00:00,1,0,0.35720572399295314
2026-07-06 09:35:00+00:00,1,0,0.3199545204736208
2026-07-06 09:40:00+00:00,1,0,0.28070789852066236
2026-07-06 09:50:00+00:00,0,0,0.26463547997643566
2026-07-06 09:55:00+00:00,0,0,0.3010905938827805
2026-07-06 10:20:00+00:00,0,0,0.229611033361995
2026-07-06 10:25:00+00:00,0,0,0.22291741324201161
2026-07-06 10:30:00+00:00,1,0,0.20635618361923655
2026-07-06 10:35:00+00:00,1,0,0.21130347148985482
2026-07-06 10:40:00+00:00,1,0,0.22074715484891205
2026-07-06 10:45:00+00:00,1,0,0.2469211167037467
2026-07-06 10:50:00+00:00,1,0,0.24344720378977427
2026-07-06 10:55:00+00:00,1,0,0.2434116130149242
2026-07-06 11:05:00+00:00,0,0,0.20067286168411994
2026-07-06 11:10:00+00:00,1,0,0.19094817010338158
2026-07-06 11:15:00+00:00,1,0,0.22629913937517815
2026-07-06 11:20:00+00:00,1,0,0.21801687500069947
2026-07-06 11:25:00+00:00,1,0,0.2260540802323291
2026-07-06 11:40:00+00:00,1,0,0.18692753801464262
2026-07-06 11:45:00+00:00,1,0,0.18614958258447825
2026-07-06 11:50:00+00:00,1,0,0.18843749963546896
2026-07-06 11:55:00+00:00,1,0,0.19123980144011157
2026-07-06 12:00:00+00:00,1,0,0.20942363360498376
2026-07-06 12:05:00+00:00,1,0,0.19449218873183094
2026-07-06 12:10:00+00:00,0,0,0.19911064791253372
2026-07-06 12:20:00+00:00,1,0,0.20025325307883127
2026-07-06 12:25:00+00:00,1,0,0.23327665569933118
2026-07-06 12:30:00+00:00,1,0,0.2431382523748586
2026-07-06 12:35:00+00:00,1,0,0.2559613833155046
2026-07-06 12:40:00+00:00,1,0,0.2847990244537658
2026-07-06 12:45:00+00:00,1,0,0.29918012491462753
2026-07-06 12:50:00+00:00,0,0,0.21976550380070062
2026-07-06 12:55:00+00:00,0,0,0.23415595223240462
2026-07-06 13:00:00+00:00,0,0,0.2863402682097044
2026-07-06 13:05:00+00:00,0,0,0.2590287146656696
2026-07-06 13:10:00+00:00,1,0,0.27771757489224913
2026-07-06 13:15:00+00:00,1,0,0.24148684117911615
2026-07-06 13:25:00+00:00,0,0,0.2893103223405193
2026-07-06 13:30:00+00:00,0,0,0.29860730038730393
2026-07-06 13:45:00+00:00,1,0,0.30561245038763035
2026-07-06 13:50:00+00:00,1,0,0.3084468286428377
2026-07-06 13:55:00+00:00,1,0,0.31148391574128653
2026-07-06 14:05:00+00:00,1,0,0.319752848488954
2026-07-06 14:10:00+00:00,1,0,0.2878564446270433
2026-07-06 14:15:00+00:00,1,0,0.28084917917864405
2026-07-06 14:20:00+00:00,1,0,0.2907856879511485
2026-07-06 14:25:00+00:00,1,0,0.29947169768317244
2026-07-06 14:30:00+00:00,1,0,0.31292130833976534
2026-07-06 14:35:00+00:00,1,0,0.31887210248284964
2026-07-06 14:40:00+00:00,1,0,0.312649240024837
2026-07-06 14:45:00+00:00,1,0,0.3188377031386471
2026-07-06 14:50:00+00:00,1,0,0.31023905498744
2026-07-06 14:55:00+00:00,1,0,0.3244339982415178
2026-07-06 15:00:00+00:00,1,0,0.3199882690747991
2026-07-06 15:05:00+00:00,1,0,0.291615795074796
2026-07-06 15:10:00+00:00,1,0,0.3051896240333674
2026-07-06 15:15:00+00:00,1,0,0.29473160904783446
2026-07-06 15:20:00+00:00,0,0,0.2783381731581498
2026-07-06 15:35:00+00:00,0,0,0.2845993584073423
2026-07-06 15:40:00+00:00,0,0,0.2865827395369144
2026-07-06 15:45:00+00:00,0,0,0.3179292638707129
2026-07-06 15:50:00+00:00,0,0,0.2876040222769168
2026-07-06 15:55:00+00:00,0,0,0.2751537981954548
2026-07-06 16:00:00+00:00,0,0,0.2948884510977463
2026-07-06 16:05:00+00:00,0,0,0.2797730235433039
2026-07-06 16:10:00+00:00,0,0,0.3004882840777536
2026-07-06 16:15:00+00:00,0,0,0.33827099035678543
2026-07-06 16:20:00+00:00,0,0,0.404889613607855
2026-07-06 16:25:00+00:00,0,0,0.3743458089649619
2026-07-06 16:30:00+00:00,0,0,0.298522495795098
2026-07-06 16:40:00+00:00,0,0,0.2914974610400638
2026-07-06 16:55:00+00:00,1,0,0.39104446350705346
2026-07-06 17:10:00+00:00,1,0,0.4646476481154116
2026-07-06 17:15:00+00:00,1,0,0.37851974002392225
2026-07-06 17:20:00+00:00,1,0,0.4158282852305424
2026-07-06 17:25:00+00:00,1,0,0.3356421054880754
2026-07-06 17:30:00+00:00,1,0,0.33219761131273134
2026-07-06 17:35:00+00:00,0,0,0.2810395946356311
2026-07-06 17:40:00+00:00,0,0,0.3190992388029736
2026-07-06 17:45:00+00:00,0,0,0.2856938867099122
2026-07-06 17:50:00+00:00,0,0,0.31872377655514894
2026-07-06 17:55:00+00:00,0,0,0.320735877653824
2026-07-06 18:05:00+00:00,0,0,0.3604526044168207
2026-07-06 18:10:00+00:00,0,0,0.32575439661560734
2026-07-06 18:15:00+00:00,0,0,0.3093345630147768
2026-07-06 18:20:00+00:00,0,0,0.34228019091625483
2026-07-06 18:25:00+00:00,0,0,0.3452391547098541
2026-07-06 18:30:00+00:00,0,0,0.3447955136865472
2026-07-06 18:35:00+00:00,0,0,0.39919666621521094
2026-07-06 18:40:00+00:00,0,0,0.46857711885735415
2026-07-06 18:50:00+00:00,0,0,0.43946815140807616
2026-07-06 18:55:00+00:00,0,0,0.4486423323485345
2026-07-06 19:00:00+00:00,0,0,0.4250806989932048
2026-07-06 19:05:00+00:00,0,0,0.4713912460715166
2026-07-06 19:10:00+00:00,0,0,0.4690336573681738
2026-07-06 19:15:00+00:00,0,1,0.5146632170401074
2026-07-06 19:20:00+00:00,0,1,0.5076003364853204
2026-07-06 19:25:00+00:00,0,1,0.5358077127552464
2026-07-06 19:30:00+00:00,0,1,0.5303603391718659
2026-07-06 19:35:00+00:00,0,0,0.4837794373461442
2026-07-06 19:40:00+00:00,0,1,0.51215390104893
2026-07-06 19:45:00+00:00,0,0,0.4577027547143305
2026-07-06 19:50:00+00:00,0,1,0.510656480415889
2026-07-06 19:55:00+00:00,0,1,0.5134628933191684
2026-07-06 20:00:00+00:00,0,1,0.5253242241741529
2026-07-06 20:05:00+00:00,0,0,0.49955029550723584
2026-07-06 20:10:00+00:00,0,0,0.4847117680791636
2026-07-06 20:15:00+00:00,0,0,0.4833301737919783
2026-07-06 20:20:00+00:00,0,1,0.601416238084583
2026-07-06 20:25:00+00:00,0,1,0.5444423992024345
2026-07-06 20:30:00+00:00,0,1,0.5227857853959351
2026-07-06 20:35:00+00:00,0,1,0.555759137179069
2026-07-06 20:40:00+00:00,0,1,0.5807377805433699
2026-07-06 20:45:00+00:00,0,1,0.5995270146199764
2026-07-06 20:50:00+00:00,0,1,0.5723891916246017
2026-07-06 20:55:00+00:00,0,1,0.5002518229419385
2026-07-06 21:00:00+00:00,0,0,0.4770551941477308
2026-07-06 21:05:00+00:00,0,1,0.520769716074912
2026-07-06 21:10:00+00:00,0,1,0.5377638316650866
2026-07-06 21:15:00+00:00,0,1,0.553070022144032
2026-07-06 21:20:00+00:00,0,1,0.5525608230168028
2026-07-06 21:25:00+00:00,0,1,0.5813323281955664
2026-07-06 21:30:00+00:00,0,1,0.6086997637533887
2026-07-06 21:35:00+00:00,0,1,0.5925585141123737
2026-07-06 21:45:00+00:00,1,1,0.6601618611549827
2026-07-06 22:00:00+00:00,0,1,0.6862872395246875
2026-07-06 22:05:00+00:00,0,1,0.655225852468551
2026-07-06 22:20:00+00:00,0,1,0.658797280449721
2026-07-06 22:25:00+00:00,0,1,0.5802961934312594
2026-07-06 22:30:00+00:00,1,1,0.6492198396473597
2026-07-06 22:35:00+00:00,1,1,0.5854005080022537
2026-07-06 22:40:00+00:00,0,1,0.5722115362204864
2026-07-06 22:45:00+00:00,1,1,0.6231280908191541
2026-07-06 22:50:00+00:00,1,1,0.6228280057391686
2026-07-06 22:55:00+00:00,1,1,0.5670447009878404
2026-07-06 23:10:00+00:00,0,0,0.12276395876728907
2026-07-06 23:15:00+00:00,0,0,0.11663606945812544
2026-07-06 23:20:00+00:00,0,0,0.1621546150744353
2026-07-06 23:25:00+00:00,0,0,0.16041781204673677
2026-07-06 23:30:00+00:00,0,0,0.1435227045365298
2026-07-06 23:35:00+00:00,0,0,0.14242842637571365
2026-07-06 23:40:00+00:00,0,0,0.15033298431007858
2026-07-06 23:45:00+00:00,0,0,0.1334400768984827
2026-07-06 23:50:00+00:00,0,0,0.15594539038313857
2026-07-07 00:00:00+00:00,1,1,0.573417910772149
2026-07-07 00:20:00+00:00,1,1,0.6897456905594358
2026-07-07 00:25:00+00:00,1,1,0.7797201240679765
2026-07-07 00:30:00+00:00,1,1,0.7642844487146295
2026-07-07 00:50:00+00:00,0,1,0.6276989497106557
2026-07-07 01:00:00+00:00,0,1,0.5309255341160304
2026-07-07 01:05:00+00:00,0,1,0.5381535875390335
2026-07-07 01:10:00+00:00,0,1,0.5026900326246957
2026-07-07 01:15:00+00:00,0,1,0.5544021010645115
2026-07-07 01:20:00+00:00,0,1,0.5398611269901062
2026-07-07 01:25:00+00:00,0,1,0.5856497015818722
2026-07-07 01:30:00+00:00,0,1,0.5856497015818722
2026-07-07 01:35:00+00:00,0,1,0.6353140404236804
2026-07-07 01:40:00+00:00,0,1,0.6322252426830637
2026-07-07 01:50:00+00:00,1,1,0.664620070910404
2026-07-07 01:55:00+00:00,1,1,0.664620070910404
2026-07-07 02:00:00+00:00,1,1,0.6562176708030848
2026-07-07 02:05:00+00:00,1,1,0.6665278451110809
2026-07-07 02:10:00+00:00,1,1,0.647673839525935
2026-07-07 02:15:00+00:00,1,1,0.626870106872526
2026-07-07 02:20:00+00:00,1,1,0.6398772294298666
2026-07-07 02:25:00+00:00,1,1,0.6886372967657475
2026-07-07 02:30:00+00:00,1,1,0.6722838846325538
2026-07-07 02:35:00+00:00,1,1,0.604248464416301
2026-07-07 02:40:00+00:00,1,1,0.5570777149665177
2026-07-07 02:45:00+00:00,1,1,0.5567716097528341
2026-07-07 02:50:00+00:00,1,1,0.5644394072123046
2026-07-07 02:55:00+00:00,1,1,0.565832624453469
2026-07-07 03:00:00+00:00,1,1,0.6352092843693814
2026-07-07 03:05:00+00:00,1,1,0.5560035034339598
2026-07-07 03:15:00+00:00,0,0,0.42359010230533384
2026-07-07 03:20:00+00:00,0,0,0.42536938853730366
2026-07-07 03:25:00+00:00,0,0,0.40671589221563503
2026-07-07 03:30:00+00:00,0,0,0.4428606910890904
2026-07-07 03:35:00+00:00,0,0,0.4805752634929755
2026-07-07 03:40:00+00:00,0,1,0.5061907557577595
2026-07-07 03:45:00+00:00,0,0,0.49206356833985937
2026-07-07 03:50:00+00:00,0,1,0.5562791070782184
2026-07-07 03:55:00+00:00,0,0,0.49490924802382535
2026-07-07 04:00:00+00:00,0,0,0.480106249999793
2026-07-07 04:05:00+00:00,0,0,0.4655424655658328
2026-07-07 04:10:00+00:00,0,0,0.47320278072412914
2026-07-07 04:15:00+00:00,0,1,0.5020341822461867
2026-07-07 04:20:00+00:00,0,1,0.5895075685482875
2026-07-07 04:25:00+00:00,0,1,0.6415174091475816
2026-07-07 04:35:00+00:00,0,0,0.26584595053829585
2026-07-07 04:40:00+00:00,0,0,0.31061643690513197
2026-07-07 04:45:00+00:00,1,0,0.24474598764007763
2026-07-07 04:50:00+00:00,1,0,0.2219961244916554
2026-07-07 04:55:00+00:00,1,0,0.2568340154887978
2026-07-07 05:00:00+00:00,1,0,0.27184933620924046
2026-07-07 05:05:00+00:00,1,0,0.28933081710981295
2026-07-07 05:10:00+00:00,1,0,0.2803393701347931
2026-07-07 05:15:00+00:00,0,0,0.24634052431604933
2026-07-07 05:20:00+00:00,0,0,0.2754197592140406
2026-07-07 05:25:00+00:00,0,0,0.24671493322740792
2026-07-07 05:30:00+00:00,0,0,0.26656320066051586
2026-07-07 05:35:00+00:00,0,0,0.24655793138408963
2026-07-07 05:45:00+00:00,0,0,0.22333827345687296
2026-07-07 05:50:00+00:00,0,0,0.23382569742776851
2026-07-07 05:55:00+00:00,0,0,0.2986007638644012
2026-07-07 06:00:00+00:00,0,0,0.25627186871000796
2026-07-07 06:05:00+00:00,0,0,0.27613705943620426
2026-07-07 06:10:00+00:00,0,0,0.25255450434098453
2026-07-07 06:25:00+00:00,0,0,0.3235521953776995
2026-07-07 06:30:00+00:00,0,0,0.3235521953776995
2026-07-07 06:35:00+00:00,0,0,0.31064056047866145
2026-07-07 06:40:00+00:00,0,0,0.272086888970278
2026-07-07 06:45:00+00:00,0,0,0.2895151197078019
2026-07-07 06:50:00+00:00,0,0,0.30507099693933604
2026-07-07 06:55:00+00:00,0,0,0.3116290811863583
2026-07-07 07:00:00+00:00,0,0,0.30761921845080037
2026-07-07 07:05:00+00:00,0,0,0.3422792603091232
2026-07-07 07:10:00+00:00,0,0,0.340464526699312
2026-07-07 07:15:00+00:00,0,0,0.3507503670864839
2026-07-07 07:20:00+00:00,1,0,0.3484091672548833
2026-07-07 07:25:00+00:00,1,0,0.34669693573830457
2026-07-07 07:30:00+00:00,1,0,0.3784995391549693
2026-07-07 07:35:00+00:00,1,0,0.40913871331138324
2026-07-07 07:40:00+00:00,1,0,0.40054993556777135
2026-07-07 07:45:00+00:00,1,0,0.4071775845829087
2026-07-07 07:50:00+00:00,1,0,0.4034626268840189
2026-07-07 07:55:00+00:00,1,0,0.36661197572877596
2026-07-07 08:00:00+00:00,1,0,0.3822337094320181
2026-07-07 08:05:00+00:00,1,0,0.36923810093344284
2026-07-07 08:10:00+00:00,1,0,0.4074894128036283
2026-07-07 08:15:00+00:00,1,0,0.2900661532386198
2026-07-07 08:20:00+00:00,1,0,0.25808664767781264
2026-07-07 08:25:00+00:00,1,0,0.22997846558021792
2026-07-07 08:30:00+00:00,1,0,0.23117235426314547
2026-07-07 08:35:00+00:00,1,0,0.2659945998007521
2026-07-07 08:40:00+00:00,1,0,0.2797983211410261
2026-07-07 08:45:00+00:00,1,0,0.24093002078068695
2026-07-07 08:50:00+00:00,1,0,0.24270737492402533
2026-07-07 08:55:00+00:00,1,0,0.33182620496658255
2026-07-07 09:00:00+00:00,1,0,0.40175152707278255
2026-07-07 09:05:00+00:00,1,0,0.3805615333828399
2026-07-07 09:10:00+00:00,1,0,0.3698946037668632
2026-07-07 09:15:00+00:00,0,0,0.3383901917889014
2026-07-07 09:20:00+00:00,0,0,0.351498532393153
2026-07-07 09:25:00+00:00,0,0,0.3854911105066444
2026-07-07 09:30:00+00:00,0,0,0.32485002832664334
2026-07-07 09:35:00+00:00,0,0,0.4081236483051204
2026-07-07 09:40:00+00:00,0,0,0.38373049802499754
2026-07-07 09:45:00+00:00,0,0,0.3857462480713031
2026-07-07 09:50:00+00:00,0,0,0.3901923042251464
2026-07-07 09:55:00+00:00,0,0,0.3549673353500009
2026-07-07 10:00:00+00:00,0,0,0.39076023252732
2026-07-07 10:05:00+00:00,0,0,0.32166698669149213
2026-07-07 10:10:00+00:00,0,0,0.30111969996779037
2026-07-07 10:15:00+00:00,1,0,0.24163619353646484
2026-07-07 10:20:00+00:00,0,0,0.22441490002435066
2026-07-07 10:25:00+00:00,0,0,0.24853553711701104
2026-07-07 10:30:00+00:00,0,0,0.2316378990714639
2026-07-07 10:35:00+00:00,0,0,0.1931448498717456
2026-07-07 10:40:00+00:00,0,0,0.2418583840509871
2026-07-07 10:45:00+00:00,0,0,0.22096210383788764
2026-07-07 10:50:00+00:00,0,0,0.23566486581366314
2026-07-07 10:55:00+00:00,0,0,0.22839075163399647
2026-07-07 11:00:00+00:00,0,0,0.27132926238962946
2026-07-07 11:05:00+00:00,0,0,0.30878725354201586
2026-07-07 11:20:00+00:00,1,0,0.3523297804080216
2026-07-07 11:25:00+00:00,0,0,0.31459048977146453
2026-07-07 11:40:00+00:00,1,0,0.31341038563164414
2026-07-07 11:45:00+00:00,1,0,0.3405865874915102
2026-07-07 11:50:00+00:00,1,0,0.2977627600645618
2026-07-07 11:55:00+00:00,1,0,0.29636142770167095
2026-07-07 12:00:00+00:00,1,0,0.32087932481305875
2026-07-07 12:05:00+00:00,1,0,0.3433291247757489
2026-07-07 12:10:00+00:00,1,0,0.31151718482525537
2026-07-07 12:15:00+00:00,1,0,0.3650573953124892
2026-07-07 12:30:00+00:00,0,0,0.30953550721734957
2026-07-07 13:10:00+00:00,0,0,0.3626798668887578
2026-07-07 13:15:00+00:00,0,0,0.35125518761971974
2026-07-07 13:20:00+00:00,0,0,0.35692289613719586
2026-07-07 13:25:00+00:00,1,0,0.3830143803645965
2026-07-07 13:30:00+00:00,1,0,0.3547394256335883
2026-07-07 13:35:00+00:00,1,0,0.36554695793269704
2026-07-07 13:40:00+00:00,1,0,0.3424185292688792
2026-07-07 13:45:00+00:00,0,0,0.342112551765894
2026-07-07 13:55:00+00:00,0,0,0.38854696399922034
2026-07-07 14:00:00+00:00,0,0,0.3967256311048074
2026-07-07 14:05:00+00:00,0,0,0.4499058143856574
2026-07-07 14:10:00+00:00,0,0,0.46087930013266304
2026-07-07 14:20:00+00:00,0,1,0.5746086784183028
2026-07-07 14:25:00+00:00,0,1,0.5666336572287469
2026-07-07 14:30:00+00:00,0,1,0.5163727307438959
2026-07-07 14:35:00+00:00,0,1,0.524762701195815
2026-07-07 14:40:00+00:00,0,0,0.4935252774377993
2026-07-07 14:45:00+00:00,0,1,0.5504796777496893
2026-07-07 14:50:00+00:00,0,1,0.5100724405912159
2026-07-07 14:55:00+00:00,0,1,0.5535865955310185
2026-07-07 15:00:00+00:00,0,1,0.5179841303578184
2026-07-07 15:05:00+00:00,0,1,0.5525160716956461
2026-07-07 15:20:00+00:00,1,1,0.5404892989235479
2026-07-07 15:25:00+00:00,1,1,0.5722129718702722
2026-07-07 15:30:00+00:00,1,1,0.5519030626061777
2026-07-07 15:35:00+00:00,1,1,0.5156731094730883
2026-07-07 15:50:00+00:00,1,0,0.43517543293643385
2026-07-07 15:55:00+00:00,1,1,0.5307467938068575
2026-07-07 16:00:00+00:00,1,0,0.45006322260027937
2026-07-07 16:05:00+00:00,1,1,0.5008834847280764
2026-07-07 16:10:00+00:00,1,0,0.4369304280131417
2026-07-07 16:15:00+00:00,1,0,0.4510893563267776
2026-07-07 16:20:00+00:00,1,0,0.49446505480316755
2026-07-07 16:25:00+00:00,1,0,0.4924040530134045
2026-07-07 16:30:00+00:00,1,0,0.49265486506845535
2026-07-07 16:35:00+00:00,1,0,0.4993376971908294
2026-07-07 16:40:00+00:00,1,0,0.4935672460611852
2026-07-07 16:45:00+00:00,1,0,0.4716846719930932
2026-07-07 16:55:00+00:00,1,1,0.5041631158078028
2026-07-07 17:00:00+00:00,0,0,0.4250823657582023
2026-07-07 17:05:00+00:00,0,0,0.40758881537475694
2026-07-07 17:10:00+00:00,0,0,0.3964823971095567
2026-07-07 17:15:00+00:00,0,1,0.597300389881339
2026-07-07 17:20:00+00:00,0,1,0.589114790984146
2026-07-07 17:25:00+00:00,0,1,0.5968702024782628
2026-07-07 17:30:00+00:00,0,1,0.5845016973813587
2026-07-07 17:35:00+00:00,0,0,0.42747216426820195
2026-07-07 17:40:00+00:00,0,1,0.6166959591693626
2026-07-07 17:45:00+00:00,1,1,0.5910145576507758
2026-07-07 17:50:00+00:00,1,1,0.6069464529075979
2026-07-07 18:00:00+00:00,0,0,0.3996908833677526
2026-07-07 18:15:00+00:00,1,0,0.46160191467183853
2026-07-07 18:20:00+00:00,1,0,0.44141979434621564
2026-07-07 18:25:00+00:00,1,0,0.43634169834147957
2026-07-07 18:30:00+00:00,1,0,0.44385073841160216
2026-07-07 18:35:00+00:00,1,0,0.449241733342444
2026-07-07 18:40:00+00:00,1,0,0.4519775530050747
2026-07-07 18:55:00+00:00,1,0,0.42866588441048564
2026-07-07 19:00:00+00:00,1,0,0.45992699703020445
2026-07-07 19:10:00+00:00,1,1,0.5069284404531346
2026-07-07 19:15:00+00:00,1,0,0.4688692376578415
2026-07-07 19:25:00+00:00,1,0,0.4566656253234679
2026-07-07 19:35:00+00:00,0,0,0.45836560229766754
2026-07-07 19:40:00+00:00,0,1,0.5707789796472695
2026-07-07 19:50:00+00:00,0,0,0.46396490356889214
2026-07-07 19:55:00+00:00,0,1,0.520332323072703
2026-07-07 20:10:00+00:00,0,1,0.5826297680796316
2026-07-07 20:15:00+00:00,0,1,0.5588421671629028
2026-07-07 20:20:00+00:00,0,1,0.5617336583124162
2026-07-07 20:25:00+00:00,0,1,0.5629530463683269
2026-07-07 20:30:00+00:00,0,1,0.5663144130826862
2026-07-07 20:35:00+00:00,0,1,0.6350531289686683
2026-07-07 20:40:00+00:00,0,1,0.6254448420376999
2026-07-07 20:45:00+00:00,0,1,0.6290490089286198
2026-07-07 20:50:00+00:00,1,1,0.6570224404402603
2026-07-07 20:55:00+00:00,1,1,0.63431909678543
2026-07-07 21:00:00+00:00,1,1,0.5862528662760548
2026-07-07 21:05:00+00:00,1,1,0.5781024503882911
2026-07-07 21:10:00+00:00,1,1,0.6545834772474999
2026-07-07 21:15:00+00:00,1,1,0.6476547931612112
2026-07-07 21:20:00+00:00,1,1,0.6069775846122444
2026-07-07 21:25:00+00:00,1,1,0.6189494965310509
2026-07-07 21:30:00+00:00,1,1,0.6251583789723045
2026-07-07 21:35:00+00:00,1,1,0.6796787170153489
2026-07-07 21:40:00+00:00,1,1,0.6868452825773156
2026-07-07 21:45:00+00:00,1,1,0.6515852533703814
2026-07-07 21:50:00+00:00,1,0,0.4971778627766737
2026-07-07 21:55:00+00:00,1,0,0.4970063796928853
2026-07-07 22:00:00+00:00,1,0,0.39698520770291934
2026-07-07 22:05:00+00:00,1,0,0.3735684060233862
2026-07-07 22:25:00+00:00,0,0,0.396229836010631
2026-07-07 22:30:00+00:00,1,0,0.41835346241794347
2026-07-07 22:35:00+00:00,1,0,0.43177780628035595
2026-07-07 22:40:00+00:00,1,0,0.4004239007326928
2026-07-07 22:45:00+00:00,1,0,0.3898929195955945
2026-07-07 22:50:00+00:00,1,0,0.41569372390798065
2026-07-07 22:55:00+00:00,1,0,0.3285562570060493
2026-07-07 23:05:00+00:00,0,0,0.057747137054875046
2026-07-07 23:10:00+00:00,0,0,0.06784695644736195
2026-07-07 23:20:00+00:00,1,0,0.06854340415656382
2026-07-07 23:25:00+00:00,1,0,0.07444491475482394
2026-07-07 23:30:00+00:00,1,0,0.06741896257142826
2026-07-07 23:35:00+00:00,1,0,0.07128622352614064
2026-07-07 23:40:00+00:00,1,0,0.06845308961305908
2026-07-07 23:45:00+00:00,1,0,0.048846473827228
2026-07-07 23:50:00+00:00,1,0,0.047271955639861446
2026-07-07 23:55:00+00:00,1,0,0.06191659200589652
2026-07-08 00:00:00+00:00,1,1,0.6378710547345343
2026-07-08 00:05:00+00:00,1,1,0.7339113355288106
2026-07-08 00:10:00+00:00,1,1,0.6682325950747803
2026-07-08 00:25:00+00:00,0,1,0.5533619058976261
2026-07-08 00:30:00+00:00,1,0,0.48775478495503405
2026-07-08 00:35:00+00:00,1,1,0.5221322018079722
2026-07-08 00:40:00+00:00,1,1,0.7125919349648281
2026-07-08 00:45:00+00:00,1,1,0.551210289513821
2026-07-08 00:50:00+00:00,1,1,0.5528613852653609
2026-07-08 00:55:00+00:00,1,1,0.6738040015503349
2026-07-08 01:05:00+00:00,1,1,0.5087673830188673
2026-07-08 01:10:00+00:00,1,1,0.5264046359661851
2026-07-08 01:15:00+00:00,1,1,0.5138158313535209
2026-07-08 01:20:00+00:00,1,1,0.5404649718383747
2026-07-08 01:25:00+00:00,1,1,0.5225075431324178
2026-07-08 01:30:00+00:00,1,0,0.4916932777899977
2026-07-08 01:35:00+00:00,1,1,0.5211029025533395
2026-07-08 01:40:00+00:00,1,1,0.5294607767373213
2026-07-08 01:45:00+00:00,1,0,0.48223007450541494
2026-07-08 01:50:00+00:00,1,0,0.4893785532647735
2026-07-08 01:55:00+00:00,1,1,0.5019666622613747
2026-07-08 02:00:00+00:00,1,1,0.5565976037261803
2026-07-08 02:05:00+00:00,1,0,0.4967534283667992
2026-07-08 02:10:00+00:00,1,0,0.48512763747284215
2026-07-08 02:15:00+00:00,1,0,0.48886680859375914
2026-07-08 02:20:00+00:00,1,0,0.4017970896794876
2026-07-08 02:25:00+00:00,1,0,0.39827243442307003
2026-07-08 02:30:00+00:00,1,0,0.4101902470703544
2026-07-08 02:35:00+00:00,1,0,0.4129034506912066
2026-07-08 02:40:00+00:00,1,0,0.2830278662069617
2026-07-08 02:45:00+00:00,0,0,0.36608464555501347
2026-07-08 02:50:00+00:00,0,0,0.3587042819564102
2026-07-08 03:20:00+00:00,1,0,0.49796255676660894
2026-07-08 03:25:00+00:00,1,0,0.4364262631091735
2026-07-08 03:30:00+00:00,1,1,0.5288469311175799
2026-07-08 03:35:00+00:00,1,0,0.4958409943309106
2026-07-08 03:40:00+00:00,1,1,0.5198657316125205
2026-07-08 03:45:00+00:00,1,0,0.4572764336753232
2026-07-08 03:50:00+00:00,1,0,0.42777359802557735
2026-07-08 04:00:00+00:00,1,0,0.42381341921644483
2026-07-08 04:05:00+00:00,1,0,0.4377154481257972
2026-07-08 04:10:00+00:00,1,0,0.4640593594429669
2026-07-08 04:15:00+00:00,1,0,0.4068985149708283
2026-07-08 04:25:00+00:00,0,0,0.4168797637491993
2026-07-08 04:30:00+00:00,0,0,0.4584721871255016
2026-07-08 04:35:00+00:00,0,0,0.49437126129668024
2026-07-08 04:40:00+00:00,0,0,0.4220828488804254
2026-07-08 05:00:00+00:00,0,1,0.5453197839225636
2026-07-08 05:05:00+00:00,0,1,0.5381188722844921
2026-07-08 05:10:00+00:00,0,1,0.5179311186366011
2026-07-08 05:15:00+00:00,0,1,0.5360531941970531
2026-07-08 05:20:00+00:00,0,1,0.5286279261819956
2026-07-08 05:25:00+00:00,0,1,0.5395000594392065
2026-07-08 05:30:00+00:00,0,1,0.53354524997041
2026-07-08 05:35:00+00:00,0,0,0.4985095152542529
2026-07-08 05:40:00+00:00,0,1,0.5277069546528526
2026-07-08 05:45:00+00:00,0,1,0.53384426986462
2026-07-08 05:50:00+00:00,0,1,0.5412320975702514
2026-07-08 06:00:00+00:00,1,1,0.5990725219158709
2026-07-08 06:10:00+00:00,1,1,0.5956889031531832
2026-07-08 06:15:00+00:00,1,1,0.5703797399059797
2026-07-08 06:20:00+00:00,1,1,0.577298761636929
2026-07-08 06:25:00+00:00,1,1,0.5883325104334169
2026-07-08 06:30:00+00:00,1,1,0.592050688887274
2026-07-08 06:35:00+00:00,1,1,0.5716553261866192
2026-07-08 06:40:00+00:00,1,1,0.6008498198759741
2026-07-08 06:45:00+00:00,1,1,0.5701607850998833
2026-07-08 06:50:00+00:00,1,1,0.575664059071205
2026-07-08 06:55:00+00:00,1,1,0.5706038614377594
2026-07-08 07:05:00+00:00,1,1,0.5625362657910733
2026-07-08 07:10:00+00:00,0,1,0.531542076323772
2026-07-08 07:15:00+00:00,0,1,0.5315976881790564
2026-07-08 07:20:00+00:00,0,1,0.5202150411206424
2026-07-08 07:25:00+00:00,0,1,0.5210694982557831
2026-07-08 07:30:00+00:00,0,1,0.5405751300686609
2026-07-08 07:35:00+00:00,0,1,0.5285646473092347
2026-07-08 07:40:00+00:00,0,1,0.5170175035147767
2026-07-08 07:45:00+00:00,0,1,0.5080816972973562
2026-07-08 07:50:00+00:00,0,1,0.5159045861351622
2026-07-08 07:55:00+00:00,0,1,0.538892592572132
2026-07-08 08:00:00+00:00,0,1,0.5782048323300325
2026-07-08 08:05:00+00:00,0,1,0.5703992890584538
2026-07-08 08:10:00+00:00,0,1,0.6019897356941832
2026-07-08 08:15:00+00:00,0,1,0.5768378461478875
2026-07-08 08:20:00+00:00,0,1,0.5582732000090541
2026-07-08 08:25:00+00:00,0,1,0.5818793706248355
2026-07-08 08:30:00+00:00,0,1,0.6306533026893979
2026-07-08 08:35:00+00:00,0,1,0.6129010888320506
2026-07-08 08:40:00+00:00,0,1,0.6678193739276828
2026-07-08 08:45:00+00:00,0,1,0.6021336760879081
2026-07-08 08:50:00+00:00,0,1,0.6055810310257945
2026-07-08 08:55:00+00:00,0,1,0.5882585627356716
2026-07-08 09:00:00+00:00,0,1,0.5346132354379376
2026-07-08 09:10:00+00:00,0,1,0.5847352112026466
2026-07-08 09:15:00+00:00,0,1,0.5958094303613
2026-07-08 09:20:00+00:00,0,1,0.567455282944743
2026-07-08 09:30:00+00:00,1,1,0.5166091685350084
2026-07-08 09:35:00+00:00,1,0,0.45845242439926004
2026-07-08 09:40:00+00:00,1,0,0.4690594727357974
2026-07-08 09:45:00+00:00,1,0,0.3828990996814346
2026-07-08 09:50:00+00:00,1,0,0.4223987993301165
2026-07-08 10:00:00+00:00,1,0,0.496936101939937
2026-07-08 10:10:00+00:00,1,0,0.3562666288411863
2026-07-08 10:15:00+00:00,1,0,0.464244715396106
2026-07-08 10:20:00+00:00,1,0,0.4217302242560217
2026-07-08 10:25:00+00:00,1,0,0.40687499877587063
2026-07-08 10:30:00+00:00,1,1,0.5182331472544248
2026-07-08 10:35:00+00:00,1,1,0.5312553912676374
2026-07-08 10:40:00+00:00,1,1,0.5686949471564617
2026-07-08 10:45:00+00:00,1,1,0.5366196038611479
2026-07-08 10:50:00+00:00,1,1,0.5517849349425394
2026-07-08 10:55:00+00:00,1,1,0.5483464018807018
2026-07-08 11:00:00+00:00,1,1,0.5340864804933848
2026-07-08 11:05:00+00:00,1,1,0.5581646218638204
2026-07-08 11:10:00+00:00,1,1,0.5394945542384206
2026-07-08 11:15:00+00:00,1,0,0.41348634675946583
2026-07-08 11:20:00+00:00,1,0,0.4934821481228643
2026-07-08 11:25:00+00:00,1,0,0.48782491385871124
2026-07-08 11:30:00+00:00,1,0,0.4651110200547163
2026-07-08 11:45:00+00:00,0,0,0.47665541345915136
2026-07-08 11:50:00+00:00,0,0,0.4740584877055881
2026-07-08 11:55:00+00:00,0,0,0.4262655749489429
2026-07-08 12:05:00+00:00,0,0,0.34792321568900014
2026-07-08 12:10:00+00:00,0,0,0.3247599909926781
2026-07-08 12:15:00+00:00,0,0,0.43229804118525456
2026-07-08 12:20:00+00:00,0,0,0.43604332723907685
2026-07-08 12:25:00+00:00,0,0,0.4387116978785708
2026-07-08 12:30:00+00:00,0,0,0.43782258604676866
2026-07-08 12:35:00+00:00,0,0,0.45962848905560266
2026-07-08 12:40:00+00:00,0,0,0.46865285954226116
2026-07-08 12:45:00+00:00,1,0,0.4434189195552111
2026-07-08 12:50:00+00:00,1,0,0.433660169485196
2026-07-08 13:00:00+00:00,1,0,0.4261827558210126
2026-07-08 13:05:00+00:00,1,0,0.41389163716272365
2026-07-08 13:10:00+00:00,1,0,0.42393921367655796
2026-07-08 13:15:00+00:00,1,0,0.41449549590938645
2026-07-08 13:20:00+00:00,1,0,0.4299783308735982
2026-07-08 13:25:00+00:00,1,0,0.44395815180833376
2026-07-08 13:30:00+00:00,1,0,0.4314674739347955
2026-07-08 13:35:00+00:00,1,1,0.5250839154238207
2026-07-08 13:40:00+00:00,1,1,0.5357760277092853
2026-07-08 13:45:00+00:00,1,1,0.5104957168699472
2026-07-08 13:50:00+00:00,1,1,0.5375979976657533
2026-07-08 13:55:00+00:00,1,1,0.5029759819234474
2026-07-08 14:10:00+00:00,1,1,0.521983224594142
2026-07-08 14:15:00+00:00,0,1,0.5180438650970455
2026-07-08 14:20:00+00:00,1,1,0.5288573337513228
2026-07-08 14:30:00+00:00,0,1,0.5164111146524261
2026-07-08 14:35:00+00:00,0,1,0.5234705025551935
2026-07-08 14:45:00+00:00,0,1,0.5317948209159928
2026-07-08 14:50:00+00:00,0,1,0.5263778924675365
2026-07-08 14:55:00+00:00,0,1,0.5224822145060689
2026-07-08 15:00:00+00:00,1,0,0.46643610906472194
2026-07-08 15:05:00+00:00,1,0,0.48456627000981384
2026-07-08 15:10:00+00:00,1,1,0.542417235221621
2026-07-08 15:15:00+00:00,1,1,0.5448138446614409
2026-07-08 15:20:00+00:00,1,1,0.5321011071158654
2026-07-08 15:25:00+00:00,1,1,0.549395944372457
2026-07-08 15:30:00+00:00,1,1,0.5327317322116593
2026-07-08 15:35:00+00:00,1,1,0.5389545515995731
2026-07-08 15:40:00+00:00,1,1,0.5109178102018613
2026-07-08 15:45:00+00:00,1,1,0.5443051722925352
2026-07-08 15:50:00+00:00,1,1,0.5735976633720831
2026-07-08 15:55:00+00:00,1,1,0.5278864145389468
2026-07-08 16:05:00+00:00,1,1,0.5229973508965461
2026-07-08 16:10:00+00:00,1,1,0.5279981571309068
2026-07-08 16:25:00+00:00,1,1,0.531765084818879
2026-07-08 16:30:00+00:00,1,1,0.5234039671508641
2026-07-08 16:35:00+00:00,1,1,0.521907672228381
2026-07-08 16:40:00+00:00,1,1,0.5180272914947807
2026-07-08 16:45:00+00:00,1,1,0.5184679297158581
2026-07-08 16:50:00+00:00,1,1,0.5081933927183641
2026-07-08 16:55:00+00:00,1,1,0.5164238432921239
2026-07-08 17:00:00+00:00,1,1,0.5286497329650821
2026-07-08 17:05:00+00:00,1,1,0.5218992904273206
2026-07-08 17:10:00+00:00,1,1,0.508989681167561
2026-07-08 17:15:00+00:00,1,1,0.5051856691705126
2026-07-08 17:20:00+00:00,1,1,0.5110753555663388
2026-07-08 17:25:00+00:00,1,1,0.5237917159674315
2026-07-08 17:30:00+00:00,1,1,0.5124522326349805
2026-07-08 17:35:00+00:00,1,1,0.5074880822606467
2026-07-08 17:40:00+00:00,1,1,0.5074607160032364
2026-07-08 17:45:00+00:00,1,0,0.49900809216902753
2026-07-08 17:50:00+00:00,1,1,0.5347066678394193
2026-07-08 17:55:00+00:00,1,1,0.5202907254843139
2026-07-08 18:00:00+00:00,1,1,0.5192226115313637
2026-07-08 18:05:00+00:00,1,1,0.5355235191052473
2026-07-08 18:15:00+00:00,0,1,0.5080080472162054
2026-07-08 18:20:00+00:00,0,0,0.3902403271658936
2026-07-08 18:30:00+00:00,0,0,0.4804842038934639
2026-07-08 18:35:00+00:00,0,0,0.4839977249064418
2026-07-08 18:40:00+00:00,0,0,0.4404090843354975
2026-07-08 18:45:00+00:00,0,0,0.431055456876994
2026-07-08 18:50:00+00:00,0,1,0.5093527088636274
2026-07-08 18:55:00+00:00,0,0,0.4973144383421566
2026-07-08 19:00:00+00:00,0,1,0.573048916021398
2026-07-08 19:05:00+00:00,0,1,0.5495966359277988
2026-07-08 19:10:00+00:00,0,1,0.541834681906833
2026-07-08 19:15:00+00:00,0,1,0.5549175565497798
2026-07-08 19:20:00+00:00,0,1,0.5271885526045751
2026-07-08 19:25:00+00:00,0,1,0.5206139142722229
2026-07-08 19:30:00+00:00,0,1,0.5733087586936686
2026-07-08 19:35:00+00:00,0,1,0.6541723215601699
2026-07-08 19:45:00+00:00,1,1,0.6857143335334587
2026-07-08 19:50:00+00:00,1,1,0.6878523901988042
2026-07-08 20:05:00+00:00,1,1,0.6979640562004702
2026-07-08 20:10:00+00:00,0,1,0.6911421794296294
2026-07-08 20:15:00+00:00,1,1,0.6824974458968677
2026-07-08 20:20:00+00:00,1,1,0.6730141107808054
2026-07-08 20:25:00+00:00,0,1,0.6667108221527489
2026-07-08 20:30:00+00:00,1,1,0.6747498837443364
2026-07-08 20:35:00+00:00,0,1,0.6371925255657356
2026-07-08 20:40:00+00:00,0,1,0.6317615272367412
2026-07-08 20:45:00+00:00,0,1,0.5676342924984837
2026-07-08 20:50:00+00:00,0,1,0.5282819620668111
2026-07-08 20:55:00+00:00,0,1,0.5819179967784379
2026-07-08 21:00:00+00:00,0,1,0.6014286419829268
2026-07-08 21:05:00+00:00,0,1,0.6227074089796685
2026-07-08 21:10:00+00:00,0,1,0.6569828603016042
2026-07-08 21:15:00+00:00,0,1,0.6604005356487046
2026-07-08 21:20:00+00:00,0,1,0.6646274817787322
2026-07-08 21:25:00+00:00,0,1,0.6534001299889732
2026-07-08 21:30:00+00:00,0,1,0.6512565102456647
2026-07-08 21:40:00+00:00,1,1,0.6749459831209607
2026-07-08 21:45:00+00:00,1,1,0.6850131430367336
2026-07-08 21:50:00+00:00,1,1,0.677719957984744
2026-07-08 22:00:00+00:00,1,1,0.6842803330059348
2026-07-08 22:05:00+00:00,1,1,0.7006674364580245
2026-07-08 22:10:00+00:00,1,1,0.6911374472327754
2026-07-08 22:15:00+00:00,1,1,0.6818732356758098
2026-07-08 22:20:00+00:00,1,1,0.6822989416031793
2026-07-08 22:25:00+00:00,1,1,0.6773905612762933
2026-07-08 22:30:00+00:00,1,1,0.6530687333307138
2026-07-08 22:35:00+00:00,1,1,0.7252263656643683
2026-07-08 22:40:00+00:00,1,1,0.582112512606916
2026-07-08 22:45:00+00:00,1,1,0.5744766234177822
2026-07-08 22:50:00+00:00,1,1,0.6182023036991463
2026-07-08 22:55:00+00:00,1,1,0.6440081214475442
2026-07-08 23:00:00+00:00,1,0,0.12102184988731535
2026-07-08 23:05:00+00:00,1,0,0.17961541791777963
2026-07-08 23:10:00+00:00,0,0,0.12381473589738654
2026-07-08 23:20:00+00:00,1,0,0.10297009286633904
2026-07-08 23:30:00+00:00,0,0,0.08537771242947637
2026-07-08 23:35:00+00:00,0,0,0.06924588496338119
2026-07-08 23:40:00+00:00,0,0,0.0739232532682668
2026-07-08 23:45:00+00:00,0,0,0.05188937208831564
2026-07-08 23:50:00+00:00,0,0,0.07033498942530869
2026-07-08 23:55:00+00:00,0,0,0.09231976409849066
2026-07-09 00:00:00+00:00,1,1,0.5565095212247448
2026-07-09 00:05:00+00:00,1,1,0.6867202780962668
2026-07-09 00:10:00+00:00,1,1,0.7010606588566604
2026-07-09 00:15:00+00:00,1,1,0.5358111395696409
2026-07-09 00:20:00+00:00,1,1,0.5020247066347677
2026-07-09 00:25:00+00:00,1,0,0.4796530287002789
2026-07-09 00:30:00+00:00,1,0,0.49081253319664475
2026-07-09 00:35:00+00:00,1,1,0.5035128989464226
2026-07-09 00:55:00+00:00,1,1,0.5312011999721875
2026-07-09 01:00:00+00:00,0,1,0.5001760411472068
2026-07-09 01:05:00+00:00,0,0,0.48711150263847874
2026-07-09 01:10:00+00:00,0,1,0.5233190362053219
2026-07-09 01:15:00+00:00,0,1,0.538624870048438
2026-07-09 01:20:00+00:00,0,1,0.5283463438033472
2026-07-09 01:25:00+00:00,0,1,0.5131331321718765
2026-07-09 01:35:00+00:00,0,1,0.5306672354329478
2026-07-09 01:40:00+00:00,0,1,0.5202575040856035
2026-07-09 01:45:00+00:00,0,1,0.5562371630231644
2026-07-09 01:50:00+00:00,0,1,0.5478147379055253
2026-07-09 01:55:00+00:00,0,1,0.5509184539647182
2026-07-09 02:00:00+00:00,0,1,0.5839078578913561
2026-07-09 02:05:00+00:00,0,1,0.5876121653461723
2026-07-09 02:10:00+00:00,0,1,0.5092981111229082
2026-07-09 02:15:00+00:00,0,0,0.480143702893536
2026-07-09 02:20:00+00:00,0,0,0.4273076906184742
2026-07-09 02:25:00+00:00,0,0,0.42581811889186216
2026-07-09 02:30:00+00:00,0,1,0.5741195312388132
2026-07-09 02:35:00+00:00,0,0,0.4911400371435095
2026-07-09 02:40:00+00:00,0,0,0.45390694940026194
2026-07-09 02:45:00+00:00,0,1,0.534997556450496
2026-07-09 02:50:00+00:00,0,0,0.4319495380812193
2026-07-09 02:55:00+00:00,0,0,0.46048224912317187
2026-07-09 03:00:00+00:00,0,1,0.7085265599027994
2026-07-09 03:10:00+00:00,1,1,0.7335695322459846
2026-07-09 03:15:00+00:00,1,1,0.6863196926534296
2026-07-09 03:20:00+00:00,1,1,0.6654411583531997
2026-07-09 03:25:00+00:00,1,1,0.5638278817425785
2026-07-09 03:30:00+00:00,1,1,0.6078507536086601
2026-07-09 03:35:00+00:00,1,1,0.6190646780191861
2026-07-09 03:40:00+00:00,1,1,0.606587397276649
2026-07-09 03:45:00+00:00,1,1,0.6134560687362537
2026-07-09 04:00:00+00:00,1,1,0.6192525676320624
2026-07-09 04:05:00+00:00,0,1,0.5732496575224753
2026-07-09 04:10:00+00:00,0,1,0.5834140335672382
2026-07-09 04:15:00+00:00,0,1,0.5890179554808646
2026-07-09 04:20:00+00:00,0,1,0.5967943125449512
2026-07-09 04:25:00+00:00,0,1,0.5720119124142724
2026-07-09 04:30:00+00:00,0,1,0.5747101040908467
2026-07-09 04:35:00+00:00,0,1,0.5659782350558377
2026-07-09 04:40:00+00:00,0,1,0.561064413969346
2026-07-09 04:45:00+00:00,0,1,0.6025412957567905
2026-07-09 04:55:00+00:00,1,1,0.5916104103181269
2026-07-09 05:05:00+00:00,1,1,0.5923221539465306
2026-07-09 05:15:00+00:00,1,1,0.5855114919361462
2026-07-09 05:25:00+00:00,0,1,0.6232147653777096
2026-07-09 05:30:00+00:00,0,1,0.5835992839749994
2026-07-09 05:35:00+00:00,0,1,0.5751392859818371
2026-07-09 05:40:00+00:00,0,1,0.5889425366272059
2026-07-09 05:50:00+00:00,0,1,0.5979345120020689
2026-07-09 05:55:00+00:00,0,1,0.5954701191305403
2026-07-09 06:05:00+00:00,0,1,0.5941244055807168
2026-07-09 06:10:00+00:00,0,1,0.6114187146290411
2026-07-09 06:15:00+00:00,0,1,0.5928159214138357
2026-07-09 06:20:00+00:00,0,1,0.5999596723929326
2026-07-09 06:25:00+00:00,0,1,0.6149150180375431
2026-07-09 06:35:00+00:00,1,1,0.6128858318748942
2026-07-09 06:45:00+00:00,0,1,0.5956189076514125
2026-07-09 06:50:00+00:00,0,1,0.6288383072285927
2026-07-09 06:55:00+00:00,0,1,0.5919034433182783
2026-07-09 07:00:00+00:00,0,1,0.6475510498552514
2026-07-09 07:05:00+00:00,0,1,0.6792661261482342
2026-07-09 07:10:00+00:00,0,1,0.7257533484954369
2026-07-09 07:15:00+00:00,0,1,0.7185030543599397
2026-07-09 07:20:00+00:00,0,1,0.7165434161432219
2026-07-09 07:25:00+00:00,0,1,0.7063238248137053
2026-07-09 07:30:00+00:00,0,1,0.697143006051
2026-07-09 07:35:00+00:00,0,1,0.5833985122180348
2026-07-09 07:40:00+00:00,0,1,0.6677096986978309
2026-07-09 07:45:00+00:00,0,1,0.7256863857445266
2026-07-09 07:50:00+00:00,0,1,0.722271124434484
2026-07-09 07:55:00+00:00,0,1,0.7256863857445266
2026-07-09 08:00:00+00:00,0,1,0.7408662770467352
2026-07-09 08:05:00+00:00,0,1,0.6923642877851652
2026-07-09 08:10:00+00:00,0,1,0.7450414974746057
2026-07-09 08:15:00+00:00,0,1,0.7545475803050574
2026-07-09 08:20:00+00:00,0,1,0.7100061967204554
2026-07-09 08:25:00+00:00,0,1,0.7386235931718658
2026-07-09 08:30:00+00:00,0,1,0.7618013973622534
2026-07-09 08:35:00+00:00,0,1,0.7514687042137991
2026-07-09 08:40:00+00:00,0,1,0.7561047041981882
2026-07-09 08:45:00+00:00,0,1,0.7041112362714367
2026-07-09 08:50:00+00:00,0,1,0.7280993807031986
2026-07-09 08:55:00+00:00,0,1,0.7197444033713133
2026-07-09 09:00:00+00:00,0,1,0.7536405997731339
2026-07-09 09:05:00+00:00,1,1,0.7594079237621647
2026-07-09 09:15:00+00:00,1,1,0.703732508138158
2026-07-09 09:20:00+00:00,1,1,0.7382855246526999
2026-07-09 09:25:00+00:00,1,1,0.7066918199319183
2026-07-09 09:30:00+00:00,1,1,0.7212300783643963
2026-07-09 09:35:00+00:00,1,1,0.6237168947504009
2026-07-09 09:40:00+00:00,1,1,0.6248196486834965
2026-07-09 09:45:00+00:00,1,1,0.6575991181943202
2026-07-09 09:50:00+00:00,1,1,0.6438418971506975
2026-07-09 09:55:00+00:00,1,1,0.6506025457474908
2026-07-09 10:00:00+00:00,1,0,0.46714458025601346
2026-07-09 10:10:00+00:00,0,1,0.5018652953690466
2026-07-09 10:15:00+00:00,0,1,0.5505796957831577
2026-07-09 10:20:00+00:00,0,1,0.5483893105199947
2026-07-09 10:25:00+00:00,0,1,0.5332807607647538
2026-07-09 10:30:00+00:00,0,1,0.5857971719247227
2026-07-09 10:35:00+00:00,0,1,0.5234135876994271
2026-07-09 10:40:00+00:00,1,1,0.5595431262376256
2026-07-09 10:45:00+00:00,1,1,0.5541118755187061
2026-07-09 10:50:00+00:00,1,1,0.6060461061483632
2026-07-09 10:55:00+00:00,1,1,0.5725438444659904
2026-07-09 11:00:00+00:00,1,1,0.5232042502290627
2026-07-09 11:05:00+00:00,1,1,0.5822882507757281
2026-07-09 11:10:00+00:00,1,1,0.5948737638216517
2026-07-09 11:15:00+00:00,1,1,0.6049171400545844
2026-07-09 11:20:00+00:00,1,1,0.6433016183700593
2026-07-09 11:25:00+00:00,1,1,0.6198316845888424
2026-07-09 11:30:00+00:00,1,1,0.5970429707618884
2026-07-09 11:35:00+00:00,1,1,0.5663184154698984
2026-07-09 11:40:00+00:00,1,1,0.5302599707778461
2026-07-09 11:45:00+00:00,1,1,0.5211178594225228
2026-07-09 11:50:00+00:00,1,1,0.5486037876944793
2026-07-09 12:00:00+00:00,1,0,0.4424583127384442
2026-07-09 12:20:00+00:00,1,0,0.445549531186938
2026-07-09 12:25:00+00:00,1,0,0.4347277827568704
2026-07-09 12:45:00+00:00,1,0,0.4664709700505325
2026-07-09 12:50:00+00:00,1,1,0.5090867076121997
2026-07-09 12:55:00+00:00,1,1,0.5718666621980122
2026-07-09 13:00:00+00:00,1,1,0.5230648118010813
2026-07-09 13:05:00+00:00,1,1,0.5043656193250764
2026-07-09 13:10:00+00:00,1,0,0.4984095794250171
2026-07-09 13:15:00+00:00,1,0,0.48673689859335795
2026-07-09 13:20:00+00:00,1,0,0.4775668426452157
2026-07-09 13:25:00+00:00,1,0,0.43915925197280037
2026-07-09 13:30:00+00:00,1,1,0.5621100324387245
2026-07-09 13:35:00+00:00,1,1,0.5190045728778742
2026-07-09 13:40:00+00:00,1,1,0.5270942898651195
2026-07-09 13:45:00+00:00,1,1,0.5115988514339066
2026-07-09 13:50:00+00:00,0,1,0.5532176942827661
2026-07-09 13:55:00+00:00,0,0,0.49911845724686016
2026-07-09 14:00:00+00:00,0,1,0.5315088736667449
2026-07-09 14:05:00+00:00,0,1,0.5136154943374781
2026-07-09 14:10:00+00:00,0,1,0.6197802025855976
2026-07-09 14:15:00+00:00,0,1,0.6388915274501893
2026-07-09 14:20:00+00:00,0,0,0.4940359725926579
2026-07-09 14:25:00+00:00,0,0,0.4898208154467915
2026-07-09 14:30:00+00:00,0,1,0.61540998829021
2026-07-09 14:35:00+00:00,0,1,0.6174466772626683
2026-07-09 14:40:00+00:00,0,1,0.6309103083134701
2026-07-09 14:45:00+00:00,0,1,0.6543330889107842
2026-07-09 14:50:00+00:00,0,1,0.6454965204574217
2026-07-09 14:55:00+00:00,0,1,0.5436741931017498
2026-07-09 15:10:00+00:00,1,1,0.6889509907522142
2026-07-09 15:15:00+00:00,0,1,0.7259650243305978
2026-07-09 15:20:00+00:00,0,1,0.69814636765978
2026-07-09 15:25:00+00:00,0,1,0.7030093788276779
2026-07-09 15:30:00+00:00,0,1,0.683279343880703
2026-07-09 15:35:00+00:00,0,1,0.6947058674938016
2026-07-09 15:40:00+00:00,0,1,0.6679150747859908
2026-07-09 15:45:00+00:00,0,1,0.6518949715283742
2026-07-09 15:50:00+00:00,0,1,0.6902461274740921
2026-07-09 15:55:00+00:00,0,1,0.6734951191907091
2026-07-09 16:00:00+00:00,0,1,0.6771032857322485
2026-07-09 16:05:00+00:00,0,1,0.7236241102927055
2026-07-09 16:10:00+00:00,0,1,0.7174919524475913
2026-07-09 16:15:00+00:00,1,1,0.7280993659091956
2026-07-09 16:20:00+00:00,0,1,0.6694130902198225
2026-07-09 16:30:00+00:00,0,1,0.6547045143635972
2026-07-09 16:35:00+00:00,0,1,0.6716874925985934
2026-07-09 16:40:00+00:00,1,1,0.7344403006415774
2026-07-09 16:45:00+00:00,1,1,0.6853902853446833
2026-07-09 16:50:00+00:00,1,1,0.7059990823945135
2026-07-09 16:55:00+00:00,1,1,0.6635580202315317
2026-07-09 17:00:00+00:00,1,1,0.6717683656338802
2026-07-09 17:15:00+00:00,1,1,0.5707879513784432
2026-07-09 17:25:00+00:00,0,1,0.6063947710598152
2026-07-09 17:30:00+00:00,1,1,0.6320438146767435
2026-07-09 17:40:00+00:00,0,1,0.6035475211224706
2026-07-09 17:45:00+00:00,0,1,0.5866959807084756
2026-07-09 17:50:00+00:00,0,1,0.60658930347791
2026-07-09 17:55:00+00:00,0,1,0.601299881470491
2026-07-09 18:00:00+00:00,0,1,0.5930115451394166
2026-07-09 18:05:00+00:00,0,1,0.5949052384056206
2026-07-09 18:10:00+00:00,0,1,0.5885389915513243
2026-07-09 18:15:00+00:00,0,1,0.5708499453454249
2026-07-09 18:20:00+00:00,0,1,0.606388250009199
2026-07-09 18:25:00+00:00,0,1,0.6106494902740806
2026-07-09 18:30:00+00:00,0,1,0.6023031820932723
2026-07-09 18:35:00+00:00,0,1,0.6164519067520003
2026-07-09 18:40:00+00:00,0,1,0.6303972217783156
2026-07-09 18:45:00+00:00,0,1,0.6216585869294808
2026-07-09 18:55:00+00:00,1,1,0.6596742716339897
2026-07-09 19:00:00+00:00,1,1,0.6870336531738143
2026-07-09 19:05:00+00:00,1,1,0.6743816102256813
2026-07-09 19:10:00+00:00,1,1,0.6984765772988761
2026-07-09 19:15:00+00:00,0,1,0.6427495607880147
2026-07-09 19:20:00+00:00,0,1,0.6353867801227276
2026-07-09 19:25:00+00:00,0,1,0.6512649165184343
2026-07-09 19:30:00+00:00,0,1,0.6595692526154656
2026-07-09 19:45:00+00:00,1,1,0.6638285392475052
2026-07-09 19:55:00+00:00,0,1,0.6526692994748465
2026-07-09 20:15:00+00:00,1,1,0.6794934846688615
2026-07-09 20:20:00+00:00,1,1,0.6641529937270717
2026-07-09 20:25:00+00:00,1,1,0.70238594310917
2026-07-09 20:30:00+00:00,1,1,0.7000880020855679
2026-07-09 20:35:00+00:00,1,1,0.68410293993435
2026-07-09 20:40:00+00:00,1,1,0.6533919847124844
2026-07-09 20:45:00+00:00,1,1,0.6768455270265055
2026-07-09 20:50:00+00:00,1,1,0.7426872731763892
2026-07-09 20:55:00+00:00,1,1,0.7463472022283685
2026-07-09 21:00:00+00:00,1,1,0.7302116398713006
2026-07-09 21:05:00+00:00,1,1,0.709070492653719
2026-07-09 21:10:00+00:00,1,1,0.7053509070665173
2026-07-09 21:15:00+00:00,1,1,0.5619586332522819
2026-07-09 21:20:00+00:00,1,0,0.4782527859594679
2026-07-09 21:25:00+00:00,1,0,0.4273159655203266
2026-07-09 21:30:00+00:00,1,1,0.5086484023118857
2026-07-09 21:35:00+00:00,1,0,0.42388564411825275
2026-07-09 21:40:00+00:00,1,1,0.5472774387570984
2026-07-09 21:45:00+00:00,1,1,0.5195662783165169
2026-07-09 21:50:00+00:00,1,0,0.4351686936417381
2026-07-09 21:55:00+00:00,1,1,0.5196886232109679
2026-07-09 22:00:00+00:00,1,0,0.33363727620776895
2026-07-09 22:05:00+00:00,1,0,0.3257760574474001
2026-07-09 22:10:00+00:00,1,0,0.3673606449749187
2026-07-09 22:15:00+00:00,1,0,0.3022153226186959
2026-07-09 22:25:00+00:00,0,0,0.2939498028866524
2026-07-09 22:30:00+00:00,0,0,0.24188199516574047
2026-07-09 22:35:00+00:00,1,0,0.3105682854569655
2026-07-09 22:40:00+00:00,1,0,0.3908064007419529
2026-07-09 22:50:00+00:00,0,0,0.2909291988907279
2026-07-09 22:55:00+00:00,0,0,0.4173981767092889
2026-07-09 23:00:00+00:00,0,0,0.12864698923636206
2026-07-09 23:05:00+00:00,0,0,0.11347695282864362
2026-07-09 23:10:00+00:00,0,0,0.12553219306758728
2026-07-09 23:15:00+00:00,0,0,0.14703282453540523
2026-07-09 23:20:00+00:00,0,0,0.13973742358855304
2026-07-09 23:25:00+00:00,0,0,0.14537586669686345
2026-07-09 23:30:00+00:00,0,0,0.10474008446145364
2026-07-09 23:35:00+00:00,0,0,0.08828386926133976
2026-07-09 23:40:00+00:00,0,0,0.08053099501062054
2026-07-09 23:45:00+00:00,0,0,0.07745186207850759
2026-07-09 23:50:00+00:00,0,0,0.1086852277976596
2026-07-09 23:55:00+00:00,0,0,0.14590424438912863
2026-07-10 00:00:00+00:00,1,1,0.5702907139907437
2026-07-10 00:05:00+00:00,1,1,0.539466881312439
2026-07-10 00:10:00+00:00,1,1,0.539466881312439
2026-07-10 00:15:00+00:00,1,1,0.5284572760267007
2026-07-10 00:20:00+00:00,1,1,0.5498403984851691
2026-07-10 00:25:00+00:00,1,1,0.5324313369983846
2026-07-10 00:30:00+00:00,1,1,0.6108313227566545
2026-07-10 00:35:00+00:00,1,1,0.573555350442873
2026-07-10 00:50:00+00:00,0,1,0.5185971942275865
2026-07-10 01:00:00+00:00,0,1,0.5695129839705716
2026-07-10 01:05:00+00:00,0,1,0.5212990228462093
2026-07-10 01:10:00+00:00,0,0,0.4982179849262059
2026-07-10 01:15:00+00:00,0,0,0.4886737917084033
2026-07-10 01:20:00+00:00,1,1,0.5033633960473576
2026-07-10 01:25:00+00:00,1,0,0.4135457268975191
2026-07-10 01:40:00+00:00,1,1,0.5617513957827172
2026-07-10 01:45:00+00:00,1,1,0.5534180729182605
2026-07-10 01:50:00+00:00,1,1,0.5446168630877852
2026-07-10 01:55:00+00:00,1,1,0.5078573651674189
2026-07-10 02:00:00+00:00,1,0,0.49529897070560575
2026-07-10 02:05:00+00:00,1,1,0.5204879720288522
2026-07-10 02:10:00+00:00,1,1,0.5256410685883175
2026-07-10 02:15:00+00:00,1,0,0.4946986773820208
2026-07-10 02:20:00+00:00,1,0,0.4650914903233352
2026-07-10 02:25:00+00:00,1,0,0.4733245087125965
2026-07-10 02:30:00+00:00,1,0,0.4382405855127598
2026-07-10 02:35:00+00:00,1,0,0.48405900218633474
2026-07-10 02:40:00+00:00,0,0,0.4916913785450645
2026-07-10 02:45:00+00:00,0,1,0.5172260652775559
2026-07-10 02:50:00+00:00,0,0,0.3730356395053664
2026-07-10 02:55:00+00:00,0,0,0.3999440735675069
2026-07-10 03:00:00+00:00,0,1,0.5438632212558769
2026-07-10 03:05:00+00:00,0,0,0.46124649501651604
2026-07-10 03:10:00+00:00,0,0,0.40414567372768817
2026-07-10 03:15:00+00:00,0,0,0.3900690091582044
2026-07-10 03:20:00+00:00,0,0,0.36173406052543305
2026-07-10 03:25:00+00:00,0,0,0.35943007221412626
2026-07-10 03:30:00+00:00,0,0,0.49233948951230905
2026-07-10 03:35:00+00:00,0,0,0.49569851126459474
2026-07-10 03:40:00+00:00,0,1,0.7335795506517272
2026-07-10 03:45:00+00:00,0,1,0.5887152566913627
2026-07-10 03:50:00+00:00,0,0,0.32671335474735014
2026-07-10 03:55:00+00:00,0,0,0.353439464463955
2026-07-10 04:00:00+00:00,0,0,0.34334610704846186
2026-07-10 04:05:00+00:00,0,0,0.33713011766815537
2026-07-10 04:10:00+00:00,0,0,0.4072013713652916
2026-07-10 04:15:00+00:00,0,0,0.29632568192645875
2026-07-10 04:20:00+00:00,0,0,0.4228560923231269
2026-07-10 04:25:00+00:00,0,0,0.4837664119905375
2026-07-10 04:30:00+00:00,0,0,0.4192086723247948
2026-07-10 04:35:00+00:00,0,0,0.37579757757635857
2026-07-10 04:40:00+00:00,0,0,0.3945311799796295
2026-07-10 04:45:00+00:00,0,0,0.4614984551535382
2026-07-10 04:50:00+00:00,0,0,0.4106433757089345
2026-07-10 04:55:00+00:00,0,0,0.4273996955970604
2026-07-10 05:00:00+00:00,0,0,0.4370450200049674
2026-07-10 05:05:00+00:00,0,0,0.20279929525300747
2026-07-10 05:15:00+00:00,1,0,0.1956384499200443
2026-07-10 05:25:00+00:00,0,0,0.18349688880318943
2026-07-10 05:30:00+00:00,0,0,0.2141744052734597
2026-07-10 05:35:00+00:00,0,0,0.24232341409898672
2026-07-10 05:50:00+00:00,1,0,0.19319608907781805
2026-07-10 05:55:00+00:00,1,0,0.13411844494327865
2026-07-10 06:00:00+00:00,1,0,0.11136149438642734
2026-07-10 06:05:00+00:00,1,0,0.13236112879989492
2026-07-10 06:10:00+00:00,1,0,0.2126080321483188
2026-07-10 06:15:00+00:00,1,0,0.18185764733741952
2026-07-10 06:20:00+00:00,1,0,0.22885366340137284
2026-07-10 06:25:00+00:00,1,0,0.2184595960168721
2026-07-10 06:30:00+00:00,1,0,0.2491597035688507
2026-07-10 06:35:00+00:00,1,0,0.2160441072519267
2026-07-10 06:40:00+00:00,1,0,0.21898777006650155
2026-07-10 06:45:00+00:00,1,0,0.21822405534262374
2026-07-10 06:50:00+00:00,1,0,0.20817103728786068
2026-07-10 06:55:00+00:00,1,0,0.14527962077184328
2026-07-10 07:00:00+00:00,1,0,0.19128749894061922
2026-07-10 07:05:00+00:00,0,0,0.2429797790824283
2026-07-10 07:10:00+00:00,0,0,0.2647833460627455
2026-07-10 07:15:00+00:00,1,0,0.2966016499598374
2026-07-10 07:40:00+00:00,0,0,0.31126022088200067
2026-07-10 07:45:00+00:00,0,0,0.37505070264574336
2026-07-10 07:50:00+00:00,0,0,0.41360106009785497
2026-07-10 07:55:00+00:00,0,0,0.32400619409578
2026-07-10 08:00:00+00:00,0,0,0.30061710939606956
2026-07-10 08:15:00+00:00,0,0,0.28400715025142287
2026-07-10 08:20:00+00:00,0,0,0.26502314212090233
2026-07-10 08:25:00+00:00,0,0,0.2791615720664672
2026-07-10 08:30:00+00:00,0,0,0.24533811597448604
2026-07-10 08:35:00+00:00,0,0,0.2280144044115188
2026-07-10 08:40:00+00:00,0,0,0.21721581565893866
2026-07-10 08:45:00+00:00,1,0,0.29171411771383077
2026-07-10 08:50:00+00:00,1,0,0.2757798217669657
2026-07-10 09:00:00+00:00,1,0,0.28605592537954405
2026-07-10 09:05:00+00:00,1,0,0.291711060260699
2026-07-10 09:10:00+00:00,1,0,0.3134091850127941
2026-07-10 09:15:00+00:00,1,0,0.29209726828367155
2026-07-10 09:20:00+00:00,1,0,0.30241909641846293
2026-07-10 09:25:00+00:00,1,0,0.27919095714071834
2026-07-10 09:30:00+00:00,1,0,0.2767886275611255
2026-07-10 09:35:00+00:00,1,0,0.28724986165738653
2026-07-10 09:40:00+00:00,1,0,0.28305889457616057
2026-07-10 09:45:00+00:00,1,0,0.23765372095394316
2026-07-10 09:50:00+00:00,1,0,0.23613792786934049
2026-07-10 09:55:00+00:00,1,0,0.28246901786298484
2026-07-10 10:00:00+00:00,0,0,0.22920658491966064
2026-07-10 10:05:00+00:00,0,0,0.2746301648623031
2026-07-10 10:10:00+00:00,0,0,0.23812164532724778
2026-07-10 10:15:00+00:00,1,0,0.2753651930758463
2026-07-10 10:25:00+00:00,0,0,0.3075098112184254
2026-07-10 10:30:00+00:00,0,0,0.2996512344271515
2026-07-10 10:35:00+00:00,0,0,0.3568968925258757
2026-07-10 10:40:00+00:00,0,0,0.34558245032972973
2026-07-10 10:45:00+00:00,0,0,0.37207345166532446
2026-07-10 10:50:00+00:00,0,0,0.3677993575813632
2026-07-10 11:05:00+00:00,1,0,0.3756138234722284
2026-07-10 11:10:00+00:00,1,0,0.3560352759928927
2026-07-10 11:25:00+00:00,1,0,0.2710383194477002
2026-07-10 11:30:00+00:00,1,0,0.30058089789867903
2026-07-10 11:35:00+00:00,1,0,0.29628009715413595
2026-07-10 11:40:00+00:00,1,0,0.32360721813253096
2026-07-10 11:45:00+00:00,1,0,0.29143191151174136
2026-07-10 11:50:00+00:00,1,0,0.3033561056692553
2026-07-10 11:55:00+00:00,1,0,0.2938150903178885
2026-07-10 12:00:00+00:00,1,0,0.2792752207475043
2026-07-10 12:05:00+00:00,1,0,0.2961176888770301
2026-07-10 12:10:00+00:00,1,0,0.26180413922199974
2026-07-10 12:15:00+00:00,1,0,0.3327655943924246
2026-07-10 12:20:00+00:00,1,0,0.3618508446355987
2026-07-10 12:25:00+00:00,0,0,0.2822254746373524
2026-07-10 12:30:00+00:00,0,0,0.37339552575988083
2026-07-10 12:35:00+00:00,0,0,0.37112664864204414
2026-07-10 12:40:00+00:00,0,0,0.3783157733535937
2026-07-10 12:50:00+00:00,0,0,0.4404429143321681
2026-07-10 12:55:00+00:00,0,0,0.4143992412527376
2026-07-10 13:05:00+00:00,0,0,0.3844099490643206
2026-07-10 13:20:00+00:00,1,0,0.3932757631194916
2026-07-10 13:25:00+00:00,1,0,0.42876468686943514
2026-07-10 13:30:00+00:00,1,0,0.4191919027199651
2026-07-10 13:35:00+00:00,1,0,0.40434784145269853
2026-07-10 13:40:00+00:00,1,0,0.42671729859835905
2026-07-10 13:45:00+00:00,1,0,0.42559708250692546
2026-07-10 13:50:00+00:00,1,0,0.42590555041985917
2026-07-10 13:55:00+00:00,1,0,0.4461614472759558
2026-07-10 14:00:00+00:00,1,0,0.4361736955706452
2026-07-10 14:05:00+00:00,1,0,0.43687410033715546
2026-07-10 14:20:00+00:00,1,0,0.46608640538487534
2026-07-10 14:25:00+00:00,1,0,0.4562110787951707
2026-07-10 14:30:00+00:00,1,0,0.47629558293339114
2026-07-10 14:35:00+00:00,0,0,0.46899594281552687
2026-07-10 14:40:00+00:00,0,0,0.4588283551175347
2026-07-10 14:45:00+00:00,0,0,0.46608640538487534
2026-07-10 14:50:00+00:00,0,0,0.4913745336810763
2026-07-10 14:55:00+00:00,0,0,0.47515943556236523
2026-07-10 15:00:00+00:00,0,0,0.4871238630339908
2026-07-10 15:05:00+00:00,0,0,0.479987000945207
2026-07-10 15:10:00+00:00,1,0,0.37365422894228184
2026-07-10 15:20:00+00:00,0,0,0.3380856322425429
2026-07-10 15:25:00+00:00,0,0,0.3581995079179906
2026-07-10 15:30:00+00:00,0,0,0.30200149195435616
2026-07-10 15:35:00+00:00,0,0,0.396701230108151
2026-07-10 15:40:00+00:00,0,0,0.33604820726443085
2026-07-10 15:45:00+00:00,0,0,0.3604912923186502
2026-07-10 15:50:00+00:00,0,0,0.3709223327171703
2026-07-10 15:55:00+00:00,0,0,0.3983002673321978
2026-07-10 16:00:00+00:00,0,0,0.2886849004280789
2026-07-10 16:05:00+00:00,0,0,0.34791916086906005
2026-07-10 16:10:00+00:00,0,0,0.43545765769951017
2026-07-10 16:15:00+00:00,0,0,0.48650644303875357
2026-07-10 16:25:00+00:00,0,1,0.531169443100561
2026-07-10 16:30:00+00:00,0,0,0.49771599818105533
2026-07-10 16:40:00+00:00,1,1,0.5596964642881029
2026-07-10 16:45:00+00:00,1,1,0.5353755406490982
2026-07-10 16:50:00+00:00,1,1,0.5566145632481303
2026-07-10 16:55:00+00:00,1,1,0.5455688934238987
2026-07-10 17:00:00+00:00,0,0,0.47058466135507643
2026-07-10 17:05:00+00:00,0,1,0.5289088820098311
2026-07-10 17:10:00+00:00,0,1,0.5645971360874268
2026-07-10 17:15:00+00:00,0,1,0.5637310172609308
2026-07-10 17:20:00+00:00,0,1,0.5107869552190036
2026-07-10 17:25:00+00:00,0,1,0.5645971360874268
2026-07-10 17:30:00+00:00,0,0,0.4799614882633371
2026-07-10 17:35:00+00:00,0,1,0.5142736416952876
2026-07-10 17:40:00+00:00,0,0,0.4951068252316302
2026-07-10 17:45:00+00:00,0,1,0.5164770229642928
2026-07-10 17:50:00+00:00,0,1,0.5172131859702664
2026-07-10 17:55:00+00:00,0,1,0.5237269060221583
2026-07-10 18:00:00+00:00,0,1,0.5516737236670285
2026-07-10 18:05:00+00:00,0,1,0.5292431821225115
2026-07-10 18:10:00+00:00,0,0,0.49910659685445435
2026-07-10 18:15:00+00:00,0,0,0.489709564112227
2026-07-10 18:20:00+00:00,0,0,0.40107283171318725
2026-07-10 18:25:00+00:00,0,0,0.3826735759607335
2026-07-10 18:30:00+00:00,0,0,0.4959444994804605
2026-07-10 18:45:00+00:00,1,1,0.5173643641403081
2026-07-10 18:50:00+00:00,1,1,0.5382420760023869
2026-07-10 18:55:00+00:00,1,0,0.4941531052221145
2026-07-10 19:00:00+00:00,1,1,0.5432566159496859
2026-07-10 19:05:00+00:00,1,0,0.4909788841696318
2026-07-10 19:10:00+00:00,1,0,0.48000399974181657
2026-07-10 19:15:00+00:00,1,0,0.4978247441813688
2026-07-10 19:20:00+00:00,1,0,0.49208898560297853
2026-07-10 19:25:00+00:00,1,0,0.48924313066248537
2026-07-10 19:30:00+00:00,1,0,0.4944193714370391
2026-07-10 19:35:00+00:00,1,1,0.5443745769181302
2026-07-10 19:40:00+00:00,1,0,0.4529682040792791
2026-07-10 19:45:00+00:00,1,0,0.4185316781619171
2026-07-10 19:50:00+00:00,1,0,0.3850115368508748
2026-07-10 19:55:00+00:00,1,1,0.5086300807167135
2026-07-10 20:00:00+00:00,1,1,0.524352182444864
2026-07-10 20:05:00+00:00,1,0,0.4747668388784496
2026-07-10 20:10:00+00:00,1,1,0.5320343041807866
2026-07-10 20:15:00+00:00,1,1,0.522253643410945
2026-07-10 20:20:00+00:00,1,1,0.5257662142720929
2026-07-10 20:25:00+00:00,1,1,0.528398084966991
2026-07-10 20:30:00+00:00,1,1,0.5437251923657104
2026-07-10 20:35:00+00:00,1,1,0.5153571943116809
2026-07-10 20:40:00+00:00,1,1,0.5338297232834521
2026-07-10 20:45:00+00:00,1,1,0.5458900369514383
2026-07-10 20:50:00+00:00,1,0,0.48578125810255274
2026-07-10 20:55:00+00:00,1,0,0.46095351114841876
2026-07-10 21:00:00+00:00,1,0,0.4553996554548415
2026-07-10 21:10:00+00:00,1,0,0.46845355256069876
2026-07-10 21:15:00+00:00,1,0,0.47613143379903355
2026-07-10 21:45:00+00:00,1,1,0.5400733840203001
2026-07-10 21:50:00+00:00,1,0,0.4912459785792272
2026-07-10 21:55:00+00:00,1,1,0.5004906912997981
2026-07-10 22:05:00+00:00,1,0,0.42869854656294165
2026-07-10 22:20:00+00:00,1,0,0.4072557099319511
2026-07-10 22:25:00+00:00,1,0,0.4263086311477307
2026-07-10 22:30:00+00:00,1,0,0.46203725160729164
2026-07-10 22:35:00+00:00,1,0,0.46379623417025534
2026-07-10 22:55:00+00:00,0,0,0.4623941609570167
2026-07-10 23:00:00+00:00,0,1,0.5546197359776605
2026-07-10 23:05:00+00:00,0,1,0.5250000428911356
2026-07-10 23:10:00+00:00,0,1,0.519364587159061
2026-07-10 23:15:00+00:00,0,1,0.5282993523752708
2026-07-10 23:20:00+00:00,0,1,0.5278101015559871
2026-07-10 23:25:00+00:00,0,1,0.5404333664745247
2026-07-10 23:30:00+00:00,0,1,0.5730902827969063
2026-07-10 23:35:00+00:00,0,1,0.5685563047016972
2026-07-10 23:40:00+00:00,0,1,0.5508031395185198
2026-07-10 23:45:00+00:00,0,1,0.5703453155735385
2026-07-10 23:50:00+00:00,0,1,0.5590812038142974
2026-07-10 23:55:00+00:00,1,1,0.8215256886970945
2026-07-13 00:00:00+00:00,1,1,0.8147458703951943
2026-07-13 00:05:00+00:00,1,1,0.8625632639096364
2026-07-13 00:15:00+00:00,1,1,0.792187132543841
2026-07-13 00:20:00+00:00,1,1,0.7831485724331113
2026-07-13 00:25:00+00:00,1,1,0.7768097873595434
2026-07-13 00:30:00+00:00,1,1,0.7894470917083377
2026-07-13 00:35:00+00:00,1,1,0.8090305336059098
2026-07-13 00:40:00+00:00,1,1,0.8400338229575282
2026-07-13 00:45:00+00:00,1,1,0.715639482578267
2026-07-13 00:50:00+00:00,1,1,0.8120440387063564
2026-07-13 00:55:00+00:00,1,1,0.8018567096711761
2026-07-13 01:00:00+00:00,1,0,0.440918623722838
2026-07-13 01:05:00+00:00,1,0,0.3175588043929373
2026-07-13 01:25:00+00:00,1,0,0.16445101117379077
2026-07-13 01:30:00+00:00,1,0,0.158851604266946
2026-07-13 01:40:00+00:00,0,0,0.14486216371114116
2026-07-13 01:45:00+00:00,0,0,0.14070477897514555
2026-07-13 01:50:00+00:00,0,0,0.1297216708660647
2026-07-13 01:55:00+00:00,0,0,0.11962228333058675
2026-07-13 02:00:00+00:00,0,0,0.22094330200069623
2026-07-13 02:05:00+00:00,0,0,0.2110539989621904
2026-07-13 02:10:00+00:00,0,0,0.22636099231854034
2026-07-13 02:20:00+00:00,0,0,0.28799317347306536
2026-07-13 02:35:00+00:00,1,0,0.1828243090312488
2026-07-13 02:45:00+00:00,1,0,0.13845607719556305
2026-07-13 02:50:00+00:00,1,0,0.1491323960378184
2026-07-13 02:55:00+00:00,1,0,0.20531630944952306
2026-07-13 03:00:00+00:00,1,0,0.24204569523537228
2026-07-13 03:05:00+00:00,1,0,0.19291987622737075
2026-07-13 03:10:00+00:00,1,0,0.2540491118826725
2026-07-13 03:15:00+00:00,1,0,0.14914156755208324
2026-07-13 03:20:00+00:00,1,0,0.17550872940201825
2026-07-13 03:25:00+00:00,1,0,0.16116379394457211
2026-07-13 03:30:00+00:00,1,0,0.178907383752962
2026-07-13 03:40:00+00:00,0,0,0.145144327336724
2026-07-13 03:45:00+00:00,0,0,0.18230723840748708
2026-07-13 03:50:00+00:00,0,0,0.18417021800865407
2026-07-13 03:55:00+00:00,0,0,0.16105578943896334
2026-07-13 04:00:00+00:00,0,0,0.14186277718329796
2026-07-13 04:05:00+00:00,0,0,0.13965201344137407
2026-07-13 04:10:00+00:00,0,0,0.1690456312098985
2026-07-13 04:20:00+00:00,0,0,0.20972479594640817
2026-07-13 04:40:00+00:00,1,0,0.24858565625965365
2026-07-13 04:45:00+00:00,1,0,0.2657511301487047
2026-07-13 04:50:00+00:00,1,0,0.23199034126361792
2026-07-13 04:55:00+00:00,1,0,0.261432185238621
2026-07-13 05:00:00+00:00,1,0,0.19793392814653793
2026-07-13 05:05:00+00:00,1,0,0.19686788445641445
2026-07-13 05:10:00+00:00,1,0,0.21358361613769158
2026-07-13 05:15:00+00:00,1,0,0.24149480119360608
2026-07-13 05:20:00+00:00,1,0,0.25655029430769355
2026-07-13 05:25:00+00:00,1,0,0.2566394883311614
2026-07-13 05:30:00+00:00,1,0,0.25921785782227524
2026-07-13 05:35:00+00:00,1,0,0.2502510830972179
2026-07-13 05:40:00+00:00,1,0,0.24267599768416212
2026-07-13 05:45:00+00:00,1,0,0.25202937725740915
2026-07-13 05:50:00+00:00,1,0,0.2520219640864686
2026-07-13 06:05:00+00:00,0,0,0.23835837159844853
2026-07-13 06:15:00+00:00,0,0,0.2595867353666858
2026-07-13 06:20:00+00:00,0,0,0.2608247667050495
2026-07-13 06:25:00+00:00,0,0,0.2580376558414843
2026-07-13 06:30:00+00:00,0,0,0.27901686336804327
2026-07-13 06:35:00+00:00,0,0,0.28134627707237075
2026-07-13 06:40:00+00:00,0,0,0.2830838605864176
2026-07-13 06:45:00+00:00,0,0,0.2678339235453501
2026-07-13 06:50:00+00:00,0,0,0.2678339235453501
2026-07-13 06:55:00+00:00,0,0,0.2902048902781693
2026-07-13 07:00:00+00:00,0,0,0.30108899844247994
2026-07-13 07:05:00+00:00,0,0,0.2803282852028251
2026-07-13 07:10:00+00:00,0,0,0.2882055524541721
2026-07-13 07:15:00+00:00,0,0,0.3931910369130063
2026-07-13 07:20:00+00:00,0,0,0.4202933776359876
2026-07-13 07:25:00+00:00,1,0,0.49903928362091954
2026-07-13 07:30:00+00:00,1,0,0.43878653521648214
2026-07-13 07:35:00+00:00,1,0,0.43698339304130834
2026-07-13 07:40:00+00:00,1,0,0.3888497169069103
2026-07-13 07:45:00+00:00,1,0,0.4550008992238715
2026-07-13 07:50:00+00:00,1,0,0.45887067188247044
2026-07-13 07:55:00+00:00,1,0,0.45448123668294504
2026-07-13 08:00:00+00:00,1,0,0.4662258823155995
2026-07-13 08:05:00+00:00,1,0,0.4847777280851872
2026-07-13 08:10:00+00:00,1,0,0.47166787999360194
2026-07-13 08:15:00+00:00,1,0,0.45261542906045565
2026-07-13 08:20:00+00:00,1,0,0.4117385945369915
2026-07-13 08:25:00+00:00,1,0,0.37356601432252357
2026-07-13 08:30:00+00:00,1,0,0.39210884896167875
2026-07-13 08:35:00+00:00,1,0,0.34550381532271524
2026-07-13 08:40:00+00:00,1,0,0.27926980595783985
2026-07-13 08:45:00+00:00,1,0,0.3181655176376904
2026-07-13 08:50:00+00:00,0,0,0.15481240079681602
2026-07-13 08:55:00+00:00,0,0,0.21198831437995727
2026-07-13 09:00:00+00:00,0,0,0.18516623490229647
2026-07-13 09:05:00+00:00,0,0,0.17151010034755562
2026-07-13 09:10:00+00:00,0,0,0.19915964093562358
2026-07-13 09:15:00+00:00,0,0,0.1784459003242965
2026-07-13 09:20:00+00:00,0,0,0.19385580132909605
2026-07-13 09:25:00+00:00,0,0,0.19135660143065228
2026-07-13 09:30:00+00:00,0,0,0.1954991380496821
2026-07-13 09:35:00+00:00,0,0,0.1749778420930789
2026-07-13 09:40:00+00:00,0,0,0.16834662312971377
2026-07-13 09:45:00+00:00,0,0,0.17998429115770506
2026-07-13 09:50:00+00:00,0,0,0.1990417724687722
2026-07-13 09:55:00+00:00,0,0,0.20866133046153487
2026-07-13 10:00:00+00:00,0,0,0.27011339868831863
2026-07-13 10:05:00+00:00,0,0,0.21474395486159015
2026-07-13 10:10:00+00:00,0,0,0.2759587161397248
2026-07-13 10:15:00+00:00,0,0,0.2185086346106693
2026-07-13 10:20:00+00:00,0,0,0.18461988659372303
2026-07-13 10:30:00+00:00,0,0,0.17246898432586244
2026-07-13 10:35:00+00:00,0,0,0.19882669554089605
2026-07-13 10:40:00+00:00,0,0,0.1646064701407085
2026-07-13 10:45:00+00:00,0,0,0.1941274948469809
2026-07-13 10:50:00+00:00,0,0,0.21946344583621522
2026-07-13 11:15:00+00:00,0,0,0.2103680760859397
2026-07-13 11:20:00+00:00,0,0,0.19864895504516175
2026-07-13 11:25:00+00:00,0,0,0.17153381794692768
2026-07-13 11:30:00+00:00,0,0,0.22812497577649216
2026-07-13 11:35:00+00:00,0,0,0.24957101150016728
2026-07-13 11:40:00+00:00,0,0,0.27100817782267056
2026-07-13 11:45:00+00:00,0,0,0.3025951557385545
2026-07-13 11:50:00+00:00,0,0,0.28382680666458154
2026-07-13 11:55:00+00:00,0,0,0.2764422382327504
2026-07-13 12:00:00+00:00,0,0,0.29094804933243307
2026-07-13 12:05:00+00:00,0,0,0.2916574023881222
2026-07-13 12:15:00+00:00,1,0,0.2938578114736923
2026-07-13 12:20:00+00:00,1,0,0.3040492755349716
2026-07-13 12:25:00+00:00,1,0,0.267584460628317
2026-07-13 12:30:00+00:00,1,0,0.27526090288158406
2026-07-13 12:35:00+00:00,1,0,0.3220695173706855
2026-07-13 12:40:00+00:00,1,0,0.2757858164088396
2026-07-13 12:45:00+00:00,1,0,0.2740141220357492
2026-07-13 12:50:00+00:00,1,0,0.31678772472311123
2026-07-13 12:55:00+00:00,1,0,0.33184641599971776
2026-07-13 13:00:00+00:00,1,0,0.30462927887877117
2026-07-13 13:10:00+00:00,1,0,0.2984477365282003
2026-07-13 13:15:00+00:00,1,0,0.2887439548123197
2026-07-13 13:20:00+00:00,1,0,0.3012659861083334
2026-07-13 13:25:00+00:00,0,0,0.2822452666175326
2026-07-13 13:30:00+00:00,0,0,0.28332362006553136
2026-07-13 13:40:00+00:00,0,0,0.2883372637657188
2026-07-13 13:45:00+00:00,0,0,0.2887141949718431
2026-07-13 13:50:00+00:00,1,0,0.31161660943919767
2026-07-13 13:55:00+00:00,1,0,0.33940431235260593
2026-07-13 14:00:00+00:00,1,0,0.34717580498736617
2026-07-13 14:05:00+00:00,1,0,0.3631790147231224
2026-07-13 14:10:00+00:00,1,0,0.3248140996599351
2026-07-13 14:15:00+00:00,1,0,0.24285441730780163
2026-07-13 14:20:00+00:00,1,0,0.2754290328843979
2026-07-13 14:25:00+00:00,1,0,0.2832648409206859
2026-07-13 14:30:00+00:00,1,0,0.35049897638252164
2026-07-13 14:35:00+00:00,1,0,0.3808562009157847
2026-07-13 14:40:00+00:00,1,0,0.3604808439616159
2026-07-13 14:45:00+00:00,1,0,0.4113017114451383
2026-07-13 14:50:00+00:00,1,0,0.29619031884964847
2026-07-13 15:00:00+00:00,0,0,0.3148055579909486
2026-07-13 15:05:00+00:00,0,0,0.303987288632296
2026-07-13 15:10:00+00:00,0,0,0.27108208584064325
2026-07-13 15:15:00+00:00,0,0,0.2619809307301731
2026-07-13 15:20:00+00:00,0,0,0.27625340888759664
2026-07-13 15:25:00+00:00,0,0,0.2889046544600288
2026-07-13 15:30:00+00:00,0,0,0.3255317890304887
2026-07-13 15:40:00+00:00,1,0,0.3025256287609654
2026-07-13 15:45:00+00:00,1,0,0.3206390011462658
2026-07-13 15:50:00+00:00,1,0,0.34861635433805394
2026-07-13 15:55:00+00:00,1,0,0.40252532773150795
2026-07-13 16:00:00+00:00,1,0,0.4073844061589002
2026-07-13 16:05:00+00:00,1,0,0.3903867052607507
2026-07-13 16:10:00+00:00,1,0,0.3927489340504753
2026-07-13 16:15:00+00:00,1,0,0.3742417375226764
2026-07-13 16:20:00+00:00,1,0,0.3824211336114563
2026-07-13 16:25:00+00:00,1,0,0.3983297685549567
2026-07-13 16:30:00+00:00,1,0,0.38631829605635176
2026-07-13 16:35:00+00:00,1,0,0.29439654883253397
2026-07-13 16:40:00+00:00,1,0,0.31094358202514444
2026-07-13 16:45:00+00:00,1,0,0.2901752866139353
2026-07-13 16:50:00+00:00,1,0,0.3153621902620154
2026-07-13 16:55:00+00:00,1,0,0.3156400486982226
2026-07-13 17:00:00+00:00,1,0,0.35207288116849156
2026-07-13 17:05:00+00:00,1,0,0.2931577359185556
2026-07-13 17:10:00+00:00,1,0,0.29189105689086686
2026-07-13 17:25:00+00:00,1,0,0.29360147127146086
2026-07-13 17:30:00+00:00,1,0,0.30010855241026535
2026-07-13 17:35:00+00:00,0,0,0.2941670050554155
2026-07-13 17:40:00+00:00,0,0,0.29610045807117363
2026-07-13 17:50:00+00:00,0,0,0.2854737225620471
2026-07-13 17:55:00+00:00,0,0,0.2655907027247672
2026-07-13 18:00:00+00:00,0,0,0.25876657241298434
2026-07-13 18:05:00+00:00,0,0,0.2869476250281087
2026-07-13 18:10:00+00:00,0,0,0.2811817625174164
2026-07-13 18:15:00+00:00,1,0,0.28029650140929163
2026-07-13 18:20:00+00:00,1,0,0.3279871038130918
2026-07-13 18:25:00+00:00,1,0,0.3028613652533604
2026-07-13 18:30:00+00:00,1,0,0.31925198424568246
2026-07-13 18:35:00+00:00,1,0,0.33468977041712017
2026-07-13 18:40:00+00:00,1,0,0.3231549637504237
2026-07-13 18:45:00+00:00,1,0,0.3311958652550729
2026-07-13 18:50:00+00:00,1,0,0.3368914302951324
2026-07-13 18:55:00+00:00,1,0,0.3383864566536699
2026-07-13 19:00:00+00:00,1,0,0.34019094391759935
2026-07-13 19:05:00+00:00,1,0,0.35958315934556956
2026-07-13 19:10:00+00:00,1,0,0.36229313696116705
2026-07-13 19:15:00+00:00,1,0,0.3473861540456887
2026-07-13 19:20:00+00:00,1,0,0.34751927835489804
2026-07-13 19:25:00+00:00,1,0,0.3537167109246448
2026-07-13 19:35:00+00:00,1,0,0.3515552864803546
2026-07-13 19:40:00+00:00,1,0,0.3786471619604065
2026-07-13 20:10:00+00:00,1,0,0.3107506662364496
2026-07-13 20:15:00+00:00,1,0,0.2736898855143745
2026-07-13 20:20:00+00:00,1,0,0.2632096454368329
2026-07-13 20:30:00+00:00,0,0,0.28628164955478297
2026-07-13 20:35:00+00:00,0,0,0.2714764022559377
2026-07-13 20:40:00+00:00,0,0,0.28009643886739866
2026-07-13 20:45:00+00:00,0,0,0.25201635096962255
2026-07-13 20:50:00+00:00,0,0,0.25364087050659195
2026-07-13 20:55:00+00:00,0,0,0.27668369188977265
2026-07-13 21:00:00+00:00,0,0,0.266207569321108
2026-07-13 21:05:00+00:00,0,0,0.26789080385351605
2026-07-13 21:15:00+00:00,0,0,0.28720387791658
2026-07-13 21:20:00+00:00,0,0,0.2859915669769649
2026-07-13 21:35:00+00:00,1,0,0.39378111230500507
2026-07-13 21:40:00+00:00,1,0,0.4217729071393931
2026-07-13 21:45:00+00:00,1,0,0.4044584120955964
2026-07-13 21:50:00+00:00,1,0,0.48971893892414325
2026-07-13 21:55:00+00:00,1,1,0.5898420513176174
2026-07-13 22:00:00+00:00,1,0,0.45347439533883854
2026-07-13 22:05:00+00:00,1,0,0.22532740743735646
2026-07-13 22:10:00+00:00,1,0,0.219038181243763
2026-07-13 22:15:00+00:00,1,0,0.2654753074018661
2026-07-13 22:20:00+00:00,1,0,0.24393034800446295
2026-07-13 22:25:00+00:00,1,0,0.26148576136209867
2026-07-13 22:30:00+00:00,1,0,0.3849621501573905
2026-07-13 22:35:00+00:00,1,0,0.2700226844363844
2026-07-13 22:40:00+00:00,1,0,0.29551232930344823
2026-07-13 22:45:00+00:00,1,0,0.24770281325576798
2026-07-13 22:50:00+00:00,1,0,0.14599697136635592
2026-07-13 22:55:00+00:00,0,0,0.15646527286729073
2026-07-13 23:00:00+00:00,0,0,0.05407968510126846
2026-07-13 23:05:00+00:00,0,0,0.034367549594241674
2026-07-13 23:10:00+00:00,0,0,0.03607770510622131
2026-07-13 23:15:00+00:00,0,0,0.037201479989022214
2026-07-13 23:20:00+00:00,0,0,0.026351704964618368
2026-07-13 23:35:00+00:00,0,0,0.03244067686879531
2026-07-13 23:40:00+00:00,0,0,0.034344889466978355
2026-07-13 23:45:00+00:00,0,0,0.03236018902179137
2026-07-13 23:50:00+00:00,0,0,0.03338273955291864
2026-07-13 23:55:00+00:00,1,1,0.5809007254869535
2026-07-14 00:00:00+00:00,1,1,0.9153860369493404
2026-07-14 00:05:00+00:00,1,1,0.881051119101223
2026-07-14 00:10:00+00:00,1,1,0.8489938368473238
2026-07-14 00:15:00+00:00,1,1,0.853869132377144
2026-07-14 00:20:00+00:00,1,1,0.8556712970426879
2026-07-14 00:25:00+00:00,0,1,0.702357394139769
2026-07-14 00:30:00+00:00,0,1,0.7509291175700357
2026-07-14 00:55:00+00:00,1,1,0.7534852221423325
2026-07-14 01:05:00+00:00,0,1,0.5997514434460975
2026-07-14 01:10:00+00:00,0,1,0.5839732675547674
2026-07-14 01:25:00+00:00,0,0,0.48357706146193624
2026-07-14 01:30:00+00:00,0,0,0.4873094796303945
2026-07-14 01:35:00+00:00,0,1,0.5070394425097386
2026-07-14 01:40:00+00:00,0,1,0.5408510704141511
2026-07-14 01:45:00+00:00,0,0,0.4950884433687512
2026-07-14 01:50:00+00:00,0,0,0.48090777332795115
2026-07-14 01:55:00+00:00,0,0,0.4333282410254697
2026-07-14 02:00:00+00:00,0,0,0.44106784195889387
2026-07-14 02:05:00+00:00,0,0,0.42882405766976234
2026-07-14 02:10:00+00:00,0,0,0.4204287349991139
2026-07-14 02:15:00+00:00,1,0,0.42261415202591684
2026-07-14 02:20:00+00:00,1,0,0.42998203032933696
2026-07-14 02:25:00+00:00,1,0,0.47068189529275695
2026-07-14 02:30:00+00:00,1,0,0.48084835673903925
2026-07-14 02:35:00+00:00,1,0,0.47572523315463955
2026-07-14 02:40:00+00:00,0,0,0.44001776914247714
2026-07-14 02:45:00+00:00,0,0,0.4412499915646807
2026-07-14 02:50:00+00:00,0,0,0.39941504239580167
2026-07-14 02:55:00+00:00,0,0,0.40231652840019344
2026-07-14 03:00:00+00:00,0,1,0.5210218765177824
2026-07-14 03:05:00+00:00,0,1,0.5767593820491106
2026-07-14 03:10:00+00:00,0,1,0.5541096399872524
2026-07-14 03:15:00+00:00,0,1,0.5326569680397851
2026-07-14 03:20:00+00:00,0,1,0.5197178242919568
2026-07-14 03:25:00+00:00,0,1,0.5845015496430985
2026-07-14 03:30:00+00:00,0,1,0.5781662536758
2026-07-14 03:40:00+00:00,1,1,0.6334095364825415
2026-07-14 03:45:00+00:00,1,0,0.46900941103796095
2026-07-14 03:50:00+00:00,1,0,0.35242339873573264
2026-07-14 04:00:00+00:00,1,0,0.3668557002296547
2026-07-14 04:05:00+00:00,1,0,0.3509797719981931
2026-07-14 04:25:00+00:00,0,0,0.38918561274725294
2026-07-14 04:35:00+00:00,0,0,0.3915856846475861
2026-07-14 04:40:00+00:00,0,0,0.47778355224475355
2026-07-14 04:45:00+00:00,0,0,0.48672566999938904
2026-07-14 04:50:00+00:00,0,1,0.5027536387919016
2026-07-14 04:55:00+00:00,0,1,0.5000930839156713
2026-07-14 05:00:00+00:00,0,1,0.5077234200889764
2026-07-14 05:05:00+00:00,0,1,0.5186745349362
2026-07-14 05:20:00+00:00,0,1,0.530113411012577
2026-07-14 05:25:00+00:00,0,1,0.5149310941014732
2026-07-14 05:30:00+00:00,0,1,0.5325308407947831
2026-07-14 05:35:00+00:00,0,1,0.5303924676895512
2026-07-14 05:40:00+00:00,0,1,0.5692288436663883
2026-07-14 05:45:00+00:00,0,1,0.588813237171013
2026-07-14 05:50:00+00:00,0,1,0.5551855820303734
2026-07-14 05:55:00+00:00,0,1,0.5977788457795861
2026-07-14 06:00:00+00:00,0,1,0.6131671599557261
2026-07-14 06:05:00+00:00,0,1,0.5849495514755829
2026-07-14 06:10:00+00:00,0,1,0.6033635829690043
2026-07-14 06:15:00+00:00,0,1,0.5915248984136569
2026-07-14 06:20:00+00:00,0,1,0.6009339455678632
2026-07-14 06:25:00+00:00,0,1,0.5922419203667493
2026-07-14 06:35:00+00:00,1,1,0.6079685231525822
2026-07-14 06:40:00+00:00,1,1,0.537169277039992
2026-07-14 06:45:00+00:00,1,1,0.548879591798704
2026-07-14 06:50:00+00:00,1,1,0.5841232688850128
2026-07-14 06:55:00+00:00,1,0,0.4168791744910528
2026-07-14 07:00:00+00:00,1,0,0.4937474978077162
2026-07-14 07:20:00+00:00,0,1,0.5539789646871112
2026-07-14 07:25:00+00:00,0,1,0.532412577766731
2026-07-14 07:30:00+00:00,0,1,0.564002031754871
2026-07-14 07:35:00+00:00,0,1,0.5463260989931795
2026-07-14 07:40:00+00:00,0,1,0.5925918550294238
2026-07-14 07:45:00+00:00,0,1,0.5853414961929572
2026-07-14 07:50:00+00:00,0,1,0.5744604008050658
2026-07-14 07:55:00+00:00,0,1,0.5676995784698283
2026-07-14 08:05:00+00:00,1,1,0.576722902865034
2026-07-14 08:15:00+00:00,1,1,0.6946145891013594
2026-07-14 08:20:00+00:00,1,1,0.6661092035637027
2026-07-14 08:25:00+00:00,1,1,0.6230619990155484
2026-07-14 08:30:00+00:00,1,1,0.7302249676010439
2026-07-14 08:35:00+00:00,1,1,0.6664638792629359
2026-07-14 08:40:00+00:00,1,1,0.6583474359467244
2026-07-14 08:45:00+00:00,1,1,0.6875072171925022
2026-07-14 08:50:00+00:00,1,1,0.7092395634343861
2026-07-14 08:55:00+00:00,1,1,0.6572490063822501
2026-07-14 09:00:00+00:00,1,1,0.5845376131554999
2026-07-14 09:05:00+00:00,1,1,0.5432148592290431
2026-07-14 09:10:00+00:00,1,1,0.5812804742182183
2026-07-14 09:15:00+00:00,1,1,0.585142728408307
2026-07-14 09:20:00+00:00,0,1,0.5846213757997528
2026-07-14 09:25:00+00:00,0,1,0.5522045635760479
2026-07-14 09:30:00+00:00,1,1,0.5568452686581766
2026-07-14 09:45:00+00:00,0,1,0.5126145280197816
2026-07-14 09:50:00+00:00,0,1,0.5021263824752451
2026-07-14 10:20:00+00:00,1,1,0.560862726904102
2026-07-14 10:25:00+00:00,1,1,0.5349320225181315
2026-07-14 10:35:00+00:00,0,1,0.5802935492142456
2026-07-14 10:40:00+00:00,0,0,0.47525726577926325
2026-07-14 10:45:00+00:00,0,1,0.5176323572938
2026-07-14 10:50:00+00:00,0,1,0.5876102214181333
2026-07-14 10:55:00+00:00,0,1,0.5802194467082824
2026-07-14 11:00:00+00:00,0,1,0.5645966788511116
2026-07-14 11:05:00+00:00,0,0,0.47078076993232704
2026-07-14 11:10:00+00:00,0,1,0.5852470017772635
2026-07-14 11:15:00+00:00,0,1,0.5944683587205092
2026-07-14 11:20:00+00:00,0,1,0.5937656787011841
2026-07-14 11:25:00+00:00,0,1,0.6099226088403328
2026-07-14 11:30:00+00:00,0,1,0.6028829468030713
2026-07-14 11:35:00+00:00,0,1,0.6553413260213266
2026-07-14 11:45:00+00:00,0,0,0.3704125266656196
2026-07-14 11:50:00+00:00,0,0,0.3719027574076102
2026-07-14 11:55:00+00:00,0,0,0.46717990414828475
2026-07-14 12:00:00+00:00,0,0,0.44011030170108323
2026-07-14 12:05:00+00:00,0,0,0.43891720972154274
2026-07-14 12:10:00+00:00,1,0,0.4255855143042697
2026-07-14 12:15:00+00:00,0,0,0.4258233459328888
2026-07-14 12:20:00+00:00,0,0,0.48029127574817737
2026-07-14 12:35:00+00:00,1,0,0.49687286217626125
2026-07-14 12:40:00+00:00,1,1,0.5167933567589997
2026-07-14 12:45:00+00:00,1,1,0.5608337783914559
2026-07-14 12:50:00+00:00,1,1,0.5941730687364893
2026-07-14 12:55:00+00:00,1,1,0.569736050917492
2026-07-14 13:00:00+00:00,1,1,0.5778847171081577
2026-07-14 13:05:00+00:00,1,0,0.49874985290723317
2026-07-14 13:10:00+00:00,1,0,0.4652359518346782
2026-07-14 13:15:00+00:00,1,0,0.4811579180794683
2026-07-14 13:20:00+00:00,1,1,0.5406077530851537
2026-07-14 13:25:00+00:00,1,1,0.5308632059687143
2026-07-14 13:35:00+00:00,0,1,0.5271489861633567
2026-07-14 13:40:00+00:00,0,0,0.4999613283102294
2026-07-14 13:45:00+00:00,0,1,0.5106221933708679
2026-07-14 13:50:00+00:00,0,1,0.5435897775867689
2026-07-14 13:55:00+00:00,0,1,0.5356944695341359
2026-07-14 14:00:00+00:00,0,1,0.5548622803473218
2026-07-14 14:05:00+00:00,0,1,0.5573688277507822
2026-07-14 14:10:00+00:00,0,1,0.5332546408717281
2026-07-14 14:15:00+00:00,0,1,0.5765596860826785
2026-07-14 14:20:00+00:00,0,1,0.5988404470412506
2026-07-14 14:25:00+00:00,0,1,0.5539831108439067
2026-07-14 14:30:00+00:00,0,1,0.6115292729641317
2026-07-14 14:35:00+00:00,0,1,0.6191451796642701
2026-07-14 14:40:00+00:00,0,1,0.6065723001440166
2026-07-14 14:45:00+00:00,0,1,0.6154782109581274
2026-07-14 14:50:00+00:00,0,1,0.6150933432838748
2026-07-14 14:55:00+00:00,0,1,0.6329790179475222
2026-07-14 15:00:00+00:00,0,1,0.5799579191981284
2026-07-14 15:05:00+00:00,0,1,0.5868255865009453
2026-07-14 15:10:00+00:00,0,1,0.6075815377376478
2026-07-14 15:15:00+00:00,0,1,0.5610199300071753
2026-07-14 15:20:00+00:00,0,1,0.6200221873614142
2026-07-14 15:25:00+00:00,0,1,0.5320705450330986
2026-07-14 15:30:00+00:00,1,0,0.21658461378482957
2026-07-14 15:35:00+00:00,1,0,0.16808616716826502
2026-07-14 15:40:00+00:00,1,0,0.20475573015674814
2026-07-14 15:45:00+00:00,1,0,0.22248290182500505
2026-07-14 16:10:00+00:00,0,0,0.1770781192453326
2026-07-14 16:20:00+00:00,1,0,0.17717951955581374
2026-07-14 16:25:00+00:00,1,0,0.18940862520758334
2026-07-14 16:45:00+00:00,1,0,0.2899384445658269
2026-07-14 16:50:00+00:00,1,0,0.34673240349202883
2026-07-14 16:55:00+00:00,1,0,0.3521652752645838
2026-07-14 17:00:00+00:00,1,0,0.3685906251859418
2026-07-14 17:10:00+00:00,1,0,0.33279800117911823
2026-07-14 17:15:00+00:00,1,0,0.3345368231177345
2026-07-14 17:25:00+00:00,0,0,0.31865197343481194
2026-07-14 17:30:00+00:00,1,0,0.34290693299559627
2026-07-14 17:35:00+00:00,1,0,0.34274381185091374
2026-07-14 17:40:00+00:00,1,0,0.3119417253430958
2026-07-14 17:45:00+00:00,1,0,0.3044236678815049
2026-07-14 17:50:00+00:00,1,0,0.30767164559494126
2026-07-14 17:55:00+00:00,1,0,0.31557762945278073
2026-07-14 18:00:00+00:00,1,0,0.37922300337766474
2026-07-14 18:05:00+00:00,1,0,0.30498278738729284
2026-07-14 18:10:00+00:00,1,0,0.32754521172751483
2026-07-14 18:15:00+00:00,1,0,0.28159169402704676
2026-07-14 18:20:00+00:00,1,0,0.3013150085969489
2026-07-14 18:25:00+00:00,1,0,0.28751930956897326
2026-07-14 18:30:00+00:00,1,0,0.30307195296096556
2026-07-14 18:35:00+00:00,1,0,0.2974677574770705
2026-07-14 18:40:00+00:00,1,0,0.2674519393567239
2026-07-14 18:45:00+00:00,1,0,0.23130477292326548
2026-07-14 18:50:00+00:00,0,0,0.28187488089498586
2026-07-14 18:55:00+00:00,0,0,0.2766466395462992
2026-07-14 19:00:00+00:00,0,0,0.2976158664965255
2026-07-14 19:10:00+00:00,1,0,0.3363319321789693
2026-07-14 19:15:00+00:00,1,0,0.2901063026694097
2026-07-14 19:20:00+00:00,1,0,0.297176003610465
2026-07-14 19:25:00+00:00,1,0,0.3169719170690713
2026-07-14 19:30:00+00:00,1,0,0.331594525222646
2026-07-14 19:35:00+00:00,1,0,0.3602841254657594
2026-07-14 19:40:00+00:00,1,0,0.36310963507285493
2026-07-14 19:50:00+00:00,1,0,0.40330833472164146
2026-07-14 19:55:00+00:00,1,0,0.4093943506315567
2026-07-14 20:00:00+00:00,1,0,0.42972095788044173
2026-07-14 20:05:00+00:00,1,0,0.43196090554182875
2026-07-14 20:15:00+00:00,0,0,0.48315560256210777
2026-07-14 20:25:00+00:00,1,0,0.44236982292586924
2026-07-14 20:30:00+00:00,1,0,0.4337583137442747
2026-07-14 20:35:00+00:00,1,0,0.4491661275593424
2026-07-14 20:40:00+00:00,1,0,0.4594777569719535
2026-07-14 20:45:00+00:00,1,0,0.4651201493292251
2026-07-14 20:50:00+00:00,1,0,0.4930364881960594
2026-07-14 21:00:00+00:00,0,1,0.5561221277916695
2026-07-14 21:05:00+00:00,0,1,0.5562968971364824
2026-07-14 21:10:00+00:00,0,1,0.5275596973214693
2026-07-14 21:15:00+00:00,0,1,0.548649492392836
2026-07-14 21:20:00+00:00,0,1,0.5873105187858167
2026-07-14 21:25:00+00:00,0,1,0.5550771105511492
2026-07-14 21:30:00+00:00,0,1,0.5186326315520744
2026-07-14 21:35:00+00:00,0,1,0.5775129167511247
2026-07-14 21:40:00+00:00,0,1,0.5864464374117433
2026-07-14 21:45:00+00:00,0,1,0.5614452750727146
2026-07-14 21:50:00+00:00,0,1,0.555686159546044
2026-07-14 21:55:00+00:00,1,1,0.5802477216671431
2026-07-14 22:00:00+00:00,1,1,0.5874731200255328
2026-07-14 22:05:00+00:00,1,1,0.5833719110950424
2026-07-14 22:10:00+00:00,1,1,0.685746656749223
2026-07-14 22:15:00+00:00,1,1,0.6635234271983612
2026-07-14 22:20:00+00:00,1,1,0.5867226372311307
2026-07-14 22:25:00+00:00,1,1,0.6057853850325067
2026-07-14 22:30:00+00:00,1,1,0.5436342202139812
2026-07-14 22:35:00+00:00,1,1,0.5282557705205436
2026-07-14 22:40:00+00:00,1,1,0.5981015313764024
2026-07-14 22:45:00+00:00,1,1,0.6666025883262074
2026-07-14 22:50:00+00:00,1,1,0.6064054029838533
2026-07-14 22:55:00+00:00,1,0,0.43252588816796705
2026-07-14 23:00:00+00:00,0,0,0.06485015186823473
2026-07-14 23:05:00+00:00,0,0,0.06290998821312743
2026-07-14 23:10:00+00:00,0,0,0.06967036362218448
2026-07-14 23:15:00+00:00,0,0,0.06365180631754229
2026-07-14 23:20:00+00:00,0,0,0.05403855308864359
2026-07-14 23:25:00+00:00,0,0,0.05551879823722894
2026-07-14 23:30:00+00:00,0,0,0.06124629478953696
2026-07-14 23:35:00+00:00,0,0,0.061986417932528244
2026-07-14 23:40:00+00:00,0,0,0.056198553014022684
2026-07-14 23:45:00+00:00,0,0,0.059329253852918734
2026-07-14 23:50:00+00:00,0,0,0.05244597750089963
2026-07-14 23:55:00+00:00,0,0,0.07615105980355145
2026-07-15 00:00:00+00:00,1,1,0.8345811183754883
2026-07-15 00:05:00+00:00,1,1,0.8401510329761558
2026-07-15 00:10:00+00:00,1,1,0.8476462394750977
2026-07-15 00:15:00+00:00,1,1,0.844624023564131
2026-07-15 00:20:00+00:00,1,1,0.8479448515374578
2026-07-15 00:25:00+00:00,1,1,0.8358801090606157
2026-07-15 00:30:00+00:00,1,1,0.8369475390488085
2026-07-15 00:35:00+00:00,1,1,0.8330160705262387
2026-07-15 00:40:00+00:00,1,1,0.840459352085296
2026-07-15 00:45:00+00:00,1,1,0.8435228190880469
2026-07-15 00:50:00+00:00,1,1,0.8546515757365666
2026-07-15 00:55:00+00:00,1,1,0.8659153999360473
2026-07-15 01:05:00+00:00,0,1,0.5666259007928472
2026-07-15 01:10:00+00:00,0,1,0.5440717377530124
2026-07-15 01:15:00+00:00,0,1,0.5775091061116958
2026-07-15 01:20:00+00:00,0,1,0.5554036303913741
2026-07-15 01:25:00+00:00,0,1,0.5258931689243356
2026-07-15 01:30:00+00:00,0,1,0.5496592920756131
2026-07-15 01:35:00+00:00,0,1,0.5513190800409122
2026-07-15 01:40:00+00:00,0,1,0.5667138283185255
2026-07-15 01:45:00+00:00,0,1,0.5195907259931271
2026-07-15 01:50:00+00:00,0,1,0.5229949369498191
2026-07-15 01:55:00+00:00,0,0,0.48090633947952033
2026-07-15 02:00:00+00:00,0,0,0.47603704940457825
2026-07-15 02:05:00+00:00,0,1,0.5098364835253607
2026-07-15 02:10:00+00:00,1,0,0.48409379036126593
2026-07-15 02:15:00+00:00,0,0,0.49491109057083027
2026-07-15 02:20:00+00:00,0,0,0.4936602142183402
2026-07-15 02:25:00+00:00,0,1,0.5349435446912524
2026-07-15 02:30:00+00:00,0,0,0.45206155357926014
2026-07-15 02:35:00+00:00,0,0,0.48642812669608537
2026-07-15 02:40:00+00:00,1,0,0.4907295261660418
2026-07-15 02:50:00+00:00,0,1,0.532188390294367
2026-07-15 02:55:00+00:00,0,1,0.5141002530276674
2026-07-15 03:00:00+00:00,0,1,0.6942449636603244
2026-07-15 03:05:00+00:00,0,1,0.6123948326923443
2026-07-15 03:10:00+00:00,0,1,0.5617339745550486
2026-07-15 03:15:00+00:00,0,1,0.6053233812603821
2026-07-15 03:20:00+00:00,0,1,0.6057054032988054
2026-07-15 03:25:00+00:00,0,1,0.6911432565725758
2026-07-15 03:30:00+00:00,0,1,0.61336430040401
2026-07-15 03:35:00+00:00,0,1,0.6133520792073844
2026-07-15 03:40:00+00:00,0,1,0.589326799393332
2026-07-15 03:45:00+00:00,0,1,0.6280996811469597
2026-07-15 03:50:00+00:00,0,1,0.578277023650263
2026-07-15 04:00:00+00:00,0,1,0.6294418175979646
2026-07-15 04:05:00+00:00,1,1,0.5331749400426276
2026-07-15 04:10:00+00:00,1,1,0.5172261451437077
2026-07-15 04:15:00+00:00,1,1,0.521678224228851
2026-07-15 04:20:00+00:00,1,1,0.518578065039008
2026-07-15 04:25:00+00:00,1,1,0.5007970953014512
2026-07-15 04:30:00+00:00,1,1,0.5247495914609295
2026-07-15 04:35:00+00:00,1,1,0.5684283796620485
2026-07-15 04:40:00+00:00,0,1,0.6012277607284519
2026-07-15 04:45:00+00:00,0,1,0.5952717127950231
2026-07-15 05:00:00+00:00,1,1,0.5873827901006313
2026-07-15 05:05:00+00:00,1,1,0.5810244695459736
2026-07-15 05:10:00+00:00,1,1,0.5364854255212598
2026-07-15 05:15:00+00:00,1,1,0.5465736453737787
2026-07-15 05:20:00+00:00,1,1,0.5285056849897952
2026-07-15 05:25:00+00:00,1,1,0.5550326652793078
2026-07-15 05:30:00+00:00,1,1,0.5533422964337475
2026-07-15 05:35:00+00:00,1,1,0.5142618837220521
2026-07-15 05:40:00+00:00,1,1,0.5827573398231454
2026-07-15 05:45:00+00:00,1,1,0.5579759088112934
2026-07-15 05:50:00+00:00,1,1,0.5453028956163011
2026-07-15 05:55:00+00:00,1,1,0.5211604983365926
2026-07-15 06:00:00+00:00,1,1,0.5429181590690477
2026-07-15 06:05:00+00:00,1,1,0.5597282626870739
2026-07-15 06:10:00+00:00,1,1,0.5700362673045143
2026-07-15 06:15:00+00:00,0,1,0.534817906854912
2026-07-15 06:25:00+00:00,1,1,0.5278955048180244
2026-07-15 06:30:00+00:00,1,1,0.5320989107308894
2026-07-15 06:35:00+00:00,1,1,0.5585625738958957
2026-07-15 06:40:00+00:00,1,1,0.5542898032087
2026-07-15 06:45:00+00:00,1,1,0.5828938171492338
2026-07-15 06:50:00+00:00,1,1,0.5686921110417884
2026-07-15 06:55:00+00:00,1,1,0.5600056454766442
2026-07-15 07:00:00+00:00,1,1,0.5635730970457623
2026-07-15 07:05:00+00:00,1,1,0.5750157196943073
2026-07-15 07:10:00+00:00,1,1,0.5483853018015913
2026-07-15 07:15:00+00:00,1,1,0.5373637714948342
2026-07-15 07:20:00+00:00,1,1,0.5496137545521379
2026-07-15 07:35:00+00:00,0,1,0.5515758830075498
2026-07-15 07:40:00+00:00,0,1,0.55948909942494
2026-07-15 07:45:00+00:00,0,1,0.5833047510679633
2026-07-15 07:50:00+00:00,0,1,0.5634771439124031
2026-07-15 07:55:00+00:00,0,1,0.5394568338329813
2026-07-15 08:00:00+00:00,0,1,0.5395953061481159
2026-07-15 08:05:00+00:00,0,1,0.579628069864001
2026-07-15 08:10:00+00:00,1,1,0.6244838177229427
2026-07-15 08:20:00+00:00,0,1,0.5725604288637185
2026-07-15 08:25:00+00:00,0,1,0.5556420949439902
2026-07-15 08:35:00+00:00,0,1,0.585154246702885
2026-07-15 08:40:00+00:00,0,1,0.5825648714625142
2026-07-15 08:45:00+00:00,0,1,0.5981956677822371
2026-07-15 08:55:00+00:00,1,1,0.5501765685728124
2026-07-15 09:00:00+00:00,1,1,0.6295224711329404
2026-07-15 09:05:00+00:00,1,1,0.6406638763168238
2026-07-15 09:10:00+00:00,1,1,0.6360751682211994
2026-07-15 09:15:00+00:00,1,1,0.6683990496512912
2026-07-15 09:20:00+00:00,1,1,0.6535720282716302
2026-07-15 09:25:00+00:00,1,1,0.6466889082608303
2026-07-15 09:30:00+00:00,1,1,0.6357182461414772
2026-07-15 09:35:00+00:00,1,1,0.6291990435269943
2026-07-15 09:40:00+00:00,1,1,0.6757239405131529
2026-07-15 09:45:00+00:00,1,1,0.6312241566693939
2026-07-15 09:50:00+00:00,1,1,0.6356975814111606
2026-07-15 09:55:00+00:00,1,1,0.5564528501189349
2026-07-15 10:00:00+00:00,1,1,0.5559794134076663
2026-07-15 10:05:00+00:00,1,1,0.566384331393026
2026-07-15 10:10:00+00:00,1,1,0.6027796660836267
2026-07-15 10:15:00+00:00,1,1,0.5756739810585565
2026-07-15 10:20:00+00:00,1,0,0.4918850546360727
2026-07-15 10:25:00+00:00,1,1,0.539152489659867
2026-07-15 10:30:00+00:00,1,1,0.5332822834993615
2026-07-15 10:35:00+00:00,1,0,0.46272781537308477
2026-07-15 10:40:00+00:00,1,1,0.5547617085566603
2026-07-15 10:45:00+00:00,1,0,0.4995146757031136
2026-07-15 10:50:00+00:00,1,1,0.5002795224357859
2026-07-15 10:55:00+00:00,1,1,0.5106398369640224
2026-07-15 11:00:00+00:00,1,1,0.5317524777280146
2026-07-15 11:10:00+00:00,0,0,0.4551748258608498
2026-07-15 11:15:00+00:00,0,1,0.5289343602250725
2026-07-15 11:20:00+00:00,0,1,0.5387869778643625
2026-07-15 11:25:00+00:00,1,1,0.5209068613527797
2026-07-15 11:30:00+00:00,1,1,0.5198250746078962
2026-07-15 11:35:00+00:00,1,1,0.520656123636549
2026-07-15 11:40:00+00:00,1,1,0.5284509803789843
2026-07-15 11:45:00+00:00,1,1,0.5190208256702702
2026-07-15 11:50:00+00:00,1,1,0.5216625299536916
2026-07-15 11:55:00+00:00,1,1,0.5362098625437101
2026-07-15 12:00:00+00:00,1,0,0.48463758506997023
2026-07-15 12:05:00+00:00,1,0,0.492496869964328
2026-07-15 12:10:00+00:00,1,1,0.5532899756642697
2026-07-15 12:15:00+00:00,1,1,0.516397226993092
2026-07-15 12:20:00+00:00,1,1,0.5158859967542175
2026-07-15 12:25:00+00:00,1,1,0.5138520656604963
2026-07-15 12:30:00+00:00,1,1,0.5195631431965396
2026-07-15 12:35:00+00:00,1,0,0.4911735218078083
2026-07-15 12:40:00+00:00,1,0,0.48643105545849713
2026-07-15 12:45:00+00:00,1,1,0.5097078051854139
2026-07-15 12:50:00+00:00,1,1,0.5059352589946284
2026-07-15 12:55:00+00:00,0,0,0.4947709200724751
2026-07-15 13:00:00+00:00,0,1,0.501323569455958
2026-07-15 13:05:00+00:00,0,0,0.45834310969956044
2026-07-15 13:10:00+00:00,0,1,0.5208900132426051
2026-07-15 13:15:00+00:00,0,1,0.5116850156213952
2026-07-15 13:20:00+00:00,0,0,0.45423836692730807
2026-07-15 13:25:00+00:00,0,1,0.5277347599142163
2026-07-15 13:30:00+00:00,0,1,0.5106409251991542
2026-07-15 13:35:00+00:00,0,0,0.4462483654219145
2026-07-15 13:40:00+00:00,0,0,0.49019053349881414
2026-07-15 13:45:00+00:00,0,0,0.4859976295932694
2026-07-15 13:50:00+00:00,0,1,0.5473060151973199
2026-07-15 13:55:00+00:00,1,1,0.6256388157880426
2026-07-15 14:00:00+00:00,1,1,0.5012614906183016
2026-07-15 14:05:00+00:00,1,1,0.5118735342595675
2026-07-15 14:10:00+00:00,1,1,0.5295456061184064
2026-07-15 14:15:00+00:00,1,0,0.4979831833097171
2026-07-15 14:25:00+00:00,0,1,0.507225289561446
2026-07-15 14:30:00+00:00,0,1,0.518889843226236
2026-07-15 14:35:00+00:00,0,1,0.5336975058928751
2026-07-15 14:40:00+00:00,0,1,0.5426176830371447
2026-07-15 14:45:00+00:00,0,1,0.5720637953321129
2026-07-15 14:50:00+00:00,0,1,0.6080886351827914
2026-07-15 14:55:00+00:00,0,1,0.6250215235061425
2026-07-15 15:00:00+00:00,0,1,0.5396838360928315
2026-07-15 15:05:00+00:00,0,1,0.5231113494996364
2026-07-15 15:10:00+00:00,0,1,0.6026061640358873
2026-07-15 15:15:00+00:00,0,1,0.5798844616335115
2026-07-15 15:20:00+00:00,0,1,0.6087362698499342
2026-07-15 15:25:00+00:00,0,1,0.5982726611883714
2026-07-15 15:30:00+00:00,0,1,0.6578562951420934
2026-07-15 15:35:00+00:00,0,1,0.6148868176599991
2026-07-15 15:45:00+00:00,1,1,0.6088450142569845
2026-07-15 15:50:00+00:00,1,1,0.6250690507657493
2026-07-15 15:55:00+00:00,1,1,0.585235203655075
2026-07-15 16:00:00+00:00,1,1,0.6043925276797906
2026-07-15 16:05:00+00:00,1,1,0.6333785622996629
2026-07-15 16:10:00+00:00,0,1,0.5643692396138791
2026-07-15 16:15:00+00:00,0,0,0.47695880671480023
2026-07-15 16:20:00+00:00,0,1,0.5962977287582211
2026-07-15 16:25:00+00:00,0,0,0.4416828062644881
2026-07-15 16:30:00+00:00,0,1,0.6855242824191892
2026-07-15 16:35:00+00:00,0,1,0.7119229910930789
2026-07-15 16:40:00+00:00,0,1,0.512924027767581
2026-07-15 16:45:00+00:00,0,1,0.5423055006564909
2026-07-15 16:50:00+00:00,0,1,0.5608177859654393
2026-07-15 16:55:00+00:00,0,1,0.5283319158011243
2026-07-15 17:00:00+00:00,0,1,0.6016803242774287
2026-07-15 17:05:00+00:00,0,1,0.6229553329354941
2026-07-15 17:20:00+00:00,0,1,0.6130262415834363
2026-07-15 17:25:00+00:00,0,1,0.6067090506825091
2026-07-15 17:30:00+00:00,0,1,0.5953913488093362
2026-07-15 17:35:00+00:00,0,1,0.6041515828828096
2026-07-15 17:40:00+00:00,0,1,0.6201260508563325
2026-07-15 17:45:00+00:00,0,1,0.5910649233721417
2026-07-15 17:50:00+00:00,0,1,0.5981388853707772
2026-07-15 18:00:00+00:00,1,1,0.5665080987782142
2026-07-15 18:10:00+00:00,0,1,0.5542350657163957
2026-07-15 18:15:00+00:00,0,1,0.565576760330878
2026-07-15 18:25:00+00:00,1,1,0.5601865288944281
2026-07-15 18:30:00+00:00,1,1,0.5589644628528752
2026-07-15 18:35:00+00:00,1,1,0.5011053245550224
2026-07-15 18:40:00+00:00,1,0,0.4981649474062496
2026-07-15 18:45:00+00:00,1,1,0.5028601100213653
2026-07-15 18:50:00+00:00,1,1,0.5151546285444372
2026-07-15 18:55:00+00:00,1,1,0.5118779827595374
2026-07-15 19:00:00+00:00,0,1,0.5459469466483508
2026-07-15 19:05:00+00:00,0,1,0.5406656359482368
2026-07-15 19:10:00+00:00,0,1,0.5532215285343609
2026-07-15 19:15:00+00:00,0,1,0.5893748813381234
2026-07-15 19:20:00+00:00,0,1,0.6149685504934063
2026-07-15 19:25:00+00:00,0,1,0.6050864664193857
2026-07-15 19:30:00+00:00,0,1,0.6339865003783667
2026-07-15 19:35:00+00:00,0,1,0.6415226447080383
2026-07-15 19:40:00+00:00,0,1,0.6389274225154785
2026-07-15 19:45:00+00:00,0,1,0.626795023890097
2026-07-15 19:50:00+00:00,0,1,0.6473667438139732
2026-07-15 19:55:00+00:00,0,1,0.6503201556879419
2026-07-15 20:00:00+00:00,0,1,0.6792839787339974
2026-07-15 20:05:00+00:00,0,1,0.6945936933550786
2026-07-15 20:10:00+00:00,0,1,0.7192696868247793
2026-07-15 20:15:00+00:00,0,1,0.6689274838029853
2026-07-15 20:20:00+00:00,0,1,0.666517869294597
2026-07-15 20:25:00+00:00,0,1,0.7047293536054151
2026-07-15 20:30:00+00:00,0,1,0.6785116939540397
2026-07-15 20:35:00+00:00,0,1,0.7305039410885157
2026-07-15 20:40:00+00:00,0,1,0.7023454185327023
2026-07-15 20:45:00+00:00,1,1,0.5931481078365909
2026-07-15 20:50:00+00:00,1,1,0.6095964373965439
2026-07-15 20:55:00+00:00,1,1,0.6374729024603185
2026-07-15 21:00:00+00:00,1,1,0.6926180226680188
2026-07-15 21:05:00+00:00,1,1,0.7000638549236808
2026-07-15 21:10:00+00:00,1,1,0.7328421325299874
2026-07-15 21:15:00+00:00,1,1,0.7195611053234524
2026-07-15 21:20:00+00:00,1,1,0.7434975982120842
2026-07-15 21:25:00+00:00,1,1,0.7335976718259488
2026-07-15 21:30:00+00:00,1,1,0.7364321138062359
2026-07-15 21:35:00+00:00,1,1,0.7212837916229985
2026-07-15 21:40:00+00:00,1,1,0.5852969351644741
2026-07-15 21:45:00+00:00,1,1,0.5717859514523884
2026-07-15 21:50:00+00:00,1,1,0.5824939772541974
2026-07-15 21:55:00+00:00,1,1,0.5965288376434346
2026-07-15 22:00:00+00:00,1,1,0.6379713312106737
2026-07-15 22:05:00+00:00,1,1,0.5994641288616954
2026-07-15 22:10:00+00:00,1,1,0.6088511242894407
2026-07-15 22:15:00+00:00,1,1,0.6044998953915819
2026-07-15 22:20:00+00:00,1,1,0.5956553850872716
2026-07-15 22:25:00+00:00,1,1,0.5052812045795249
2026-07-15 22:30:00+00:00,1,1,0.5300408788783688
2026-07-15 22:35:00+00:00,1,1,0.531596320233208
2026-07-15 22:40:00+00:00,0,0,0.35273682732693556
2026-07-15 22:45:00+00:00,0,0,0.46138590951389064
2026-07-15 22:50:00+00:00,0,0,0.49913430804005815
2026-07-15 22:55:00+00:00,0,0,0.4303160674906811
2026-07-15 23:00:00+00:00,0,0,0.08586335765471892
2026-07-15 23:05:00+00:00,0,0,0.07706410846507576
2026-07-15 23:10:00+00:00,0,0,0.06976187981789411
2026-07-15 23:15:00+00:00,0,0,0.06406840978203408
2026-07-15 23:20:00+00:00,0,0,0.07526104565415895
2026-07-15 23:25:00+00:00,0,0,0.07569417896815221
2026-07-15 23:30:00+00:00,0,0,0.0659547276237039
2026-07-15 23:35:00+00:00,0,0,0.07338155676140355
2026-07-15 23:40:00+00:00,0,0,0.07215952549921405
2026-07-15 23:45:00+00:00,0,0,0.07843687034283948
2026-07-15 23:50:00+00:00,0,0,0.07787307961290457
2026-07-15 23:55:00+00:00,0,0,0.0951203550026439
2026-07-16 00:00:00+00:00,1,1,0.7789950549811164
2026-07-16 00:05:00+00:00,1,1,0.9383195425601234
2026-07-16 00:10:00+00:00,0,1,0.692431885333031
2026-07-16 00:15:00+00:00,0,1,0.8507484308563465
2026-07-16 00:20:00+00:00,0,1,0.8660592630390984
2026-07-16 00:25:00+00:00,0,1,0.7996312373439529
2026-07-16 00:30:00+00:00,0,1,0.7945035990736398
2026-07-16 00:35:00+00:00,0,1,0.7851328615426498
2026-07-16 00:40:00+00:00,0,1,0.7119256588291146
2026-07-16 00:45:00+00:00,0,1,0.651665271679348
2026-07-16 01:00:00+00:00,0,1,0.5628993099396137
2026-07-16 01:05:00+00:00,0,0,0.4977922177283021
2026-07-16 01:10:00+00:00,0,1,0.5211409208546952
2026-07-16 01:15:00+00:00,0,1,0.5211422761484172
2026-07-16 01:20:00+00:00,0,1,0.5490556189340615
2026-07-16 01:30:00+00:00,0,1,0.5428827088117978
2026-07-16 01:35:00+00:00,0,1,0.5496063000295479
2026-07-16 01:40:00+00:00,0,1,0.5823046673441069
2026-07-16 01:45:00+00:00,0,1,0.5828741300797232
2026-07-16 01:50:00+00:00,0,1,0.5706188533431469
2026-07-16 01:55:00+00:00,0,1,0.5590482630273607
2026-07-16 02:00:00+00:00,1,1,0.5444830846834836
2026-07-16 02:05:00+00:00,0,1,0.5555071351531685
2026-07-16 02:10:00+00:00,0,1,0.6115825829098225
2026-07-16 02:25:00+00:00,0,1,0.5933025922179336
2026-07-16 02:30:00+00:00,1,1,0.6118174463151634
2026-07-16 02:35:00+00:00,1,1,0.6148077564332339
2026-07-16 02:45:00+00:00,1,1,0.6900290699856062
2026-07-16 02:50:00+00:00,1,1,0.651512684490135
2026-07-16 02:55:00+00:00,1,1,0.611885761595456
2026-07-16 03:00:00+00:00,0,1,0.5712387470176534
2026-07-16 03:05:00+00:00,0,1,0.5830328150234728
2026-07-16 03:10:00+00:00,0,1,0.6327687427672124
2026-07-16 03:15:00+00:00,1,1,0.6232136468496287
2026-07-16 03:20:00+00:00,0,1,0.5936695216298751
2026-07-16 03:25:00+00:00,0,1,0.6036566189219194
2026-07-16 03:30:00+00:00,0,1,0.5479981561474144
2026-07-16 03:35:00+00:00,0,1,0.5814166703246346
2026-07-16 03:40:00+00:00,0,1,0.5907716899157378
2026-07-16 03:45:00+00:00,0,1,0.571464081443309
2026-07-16 03:50:00+00:00,0,1,0.537217048975422
2026-07-16 04:00:00+00:00,1,1,0.5120955560084254
2026-07-16 04:05:00+00:00,1,1,0.5416999346905452
2026-07-16 04:10:00+00:00,1,1,0.6526640010753042
2026-07-16 04:15:00+00:00,1,1,0.5807704742653299
2026-07-16 04:20:00+00:00,1,1,0.5812296920376046
2026-07-16 04:25:00+00:00,1,1,0.6244710662974169
2026-07-16 04:30:00+00:00,1,1,0.6004882331185262
2026-07-16 04:35:00+00:00,1,1,0.5775417232162363
2026-07-16 04:40:00+00:00,1,1,0.5927623537450872
2026-07-16 04:45:00+00:00,1,1,0.5776114855602886
2026-07-16 04:50:00+00:00,1,1,0.5879543009213176
2026-07-16 04:55:00+00:00,1,1,0.536546387370218
2026-07-16 05:00:00+00:00,1,1,0.5382137807948336
2026-07-16 05:05:00+00:00,0,1,0.5439743976032281
2026-07-16 05:10:00+00:00,0,1,0.5585710609900545
2026-07-16 05:15:00+00:00,0,1,0.5623468205108662
2026-07-16 05:20:00+00:00,0,1,0.5890020275906378
2026-07-16 05:25:00+00:00,0,1,0.578098295120675
2026-07-16 05:30:00+00:00,0,1,0.5891516232408894
2026-07-16 05:35:00+00:00,0,1,0.5465358074732085
2026-07-16 05:40:00+00:00,0,1,0.5559888284297549
2026-07-16 05:45:00+00:00,0,1,0.5497522710848882
2026-07-16 05:50:00+00:00,0,1,0.5683971270149337
2026-07-16 05:55:00+00:00,0,1,0.5483909936724131
2026-07-16 06:00:00+00:00,0,1,0.5421418255717434
2026-07-16 06:15:00+00:00,1,1,0.6084934300931052
2026-07-16 06:20:00+00:00,1,1,0.5744820684697433
2026-07-16 06:25:00+00:00,1,1,0.5965981756286682
2026-07-16 06:30:00+00:00,1,1,0.5850515498775886
2026-07-16 06:35:00+00:00,1,1,0.5801654300323263
2026-07-16 06:40:00+00:00,1,1,0.5740242099560363
2026-07-16 06:45:00+00:00,1,1,0.5972335200840125
2026-07-16 06:55:00+00:00,1,1,0.5933737349968977
2026-07-16 07:05:00+00:00,0,1,0.602517507332982
2026-07-16 07:10:00+00:00,0,1,0.6062809618724204
2026-07-16 07:15:00+00:00,0,1,0.5850668975347908
2026-07-16 07:25:00+00:00,0,0,0.4490224832267622
2026-07-16 07:30:00+00:00,0,0,0.46846272630920105
2026-07-16 07:35:00+00:00,1,0,0.48238541983926414
2026-07-16 07:40:00+00:00,0,1,0.541476646885895
2026-07-16 07:45:00+00:00,1,1,0.5676138756869552
2026-07-16 07:50:00+00:00,1,1,0.5982307807884937
2026-07-16 07:55:00+00:00,1,1,0.5851824097368084
2026-07-16 08:00:00+00:00,1,1,0.5736159724734489
2026-07-16 08:05:00+00:00,1,1,0.5824654330340742
2026-07-16 08:10:00+00:00,1,1,0.620899405385761
2026-07-16 08:15:00+00:00,1,1,0.5033360564883029
2026-07-16 08:20:00+00:00,1,0,0.4956383064879918
2026-07-16 08:25:00+00:00,1,0,0.4882909920121784
2026-07-16 08:30:00+00:00,1,1,0.5213392910934527
2026-07-16 08:35:00+00:00,1,1,0.5210595741845577
2026-07-16 08:40:00+00:00,1,1,0.5441134340383575
2026-07-16 08:45:00+00:00,1,1,0.5204559713606213
2026-07-16 08:55:00+00:00,0,1,0.5044198052482752
2026-07-16 09:00:00+00:00,0,1,0.6062069606066852
2026-07-16 09:05:00+00:00,0,1,0.6715373652279163
2026-07-16 09:10:00+00:00,0,1,0.6647939866143611
2026-07-16 09:15:00+00:00,0,1,0.6290521473895834
2026-07-16 09:20:00+00:00,0,1,0.6447914190917494
2026-07-16 09:25:00+00:00,0,1,0.655079327860306
2026-07-16 09:30:00+00:00,0,1,0.6411078636221136
2026-07-16 09:35:00+00:00,0,1,0.6292921348289185
2026-07-16 09:40:00+00:00,0,1,0.6201767655406162
2026-07-16 09:45:00+00:00,0,1,0.6666890659473268
2026-07-16 09:50:00+00:00,0,1,0.655785988580444
2026-07-16 09:55:00+00:00,0,1,0.6841732953820424
2026-07-16 10:00:00+00:00,1,1,0.7421141486239241
2026-07-16 10:05:00+00:00,1,1,0.7487553601191534
2026-07-16 10:10:00+00:00,1,1,0.7360570423750141
2026-07-16 10:15:00+00:00,1,1,0.7299560904617439
2026-07-16 10:20:00+00:00,1,1,0.6647373103993625
2026-07-16 10:25:00+00:00,1,1,0.5787043446588335
2026-07-16 10:30:00+00:00,1,1,0.6354221579884662
2026-07-16 10:35:00+00:00,1,1,0.6028324462549445
2026-07-16 10:40:00+00:00,1,1,0.632145965018421
2026-07-16 10:45:00+00:00,1,1,0.6361532021048811
2026-07-16 10:50:00+00:00,1,1,0.6494978385533178
2026-07-16 10:55:00+00:00,1,1,0.6397135753359237
2026-07-16 11:00:00+00:00,1,1,0.5468557559423188
2026-07-16 11:05:00+00:00,1,1,0.5574023500531755
2026-07-16 11:10:00+00:00,0,1,0.5520324640277511
2026-07-16 11:20:00+00:00,1,1,0.5279222607487482
2026-07-16 11:25:00+00:00,1,1,0.5605724586213177
2026-07-16 11:30:00+00:00,1,1,0.5574818708333837
2026-07-16 11:35:00+00:00,1,1,0.5556820342078833
2026-07-16 11:40:00+00:00,1,1,0.5210401428842835
2026-07-16 11:45:00+00:00,1,1,0.511686283961063
2026-07-16 11:55:00+00:00,1,1,0.537273723199102
2026-07-16 12:05:00+00:00,1,0,0.48480351896843504
2026-07-16 12:10:00+00:00,1,1,0.5326958638945976
2026-07-16 12:15:00+00:00,1,1,0.5407159490911181
2026-07-16 12:20:00+00:00,1,1,0.521267418564095
2026-07-16 12:25:00+00:00,1,0,0.4983231553992899
2026-07-16 12:50:00+00:00,1,0,0.494990010207753
2026-07-16 12:55:00+00:00,0,0,0.4939283537583249
2026-07-16 13:00:00+00:00,0,0,0.4972092648414213
2026-07-16 13:05:00+00:00,0,0,0.4890463865031906
2026-07-16 13:10:00+00:00,0,1,0.5185614111229038
2026-07-16 13:15:00+00:00,0,1,0.5023524744533285
2026-07-16 13:20:00+00:00,0,1,0.5118422422684449
2026-07-16 13:25:00+00:00,1,1,0.5166970364745838
2026-07-16 13:35:00+00:00,0,1,0.5131192352798841
2026-07-16 13:45:00+00:00,1,1,0.6062025583820917
2026-07-16 13:50:00+00:00,1,1,0.592796015738273
2026-07-16 14:00:00+00:00,1,1,0.6370546609405754
2026-07-16 14:05:00+00:00,1,1,0.6571036972924146
2026-07-16 14:10:00+00:00,1,1,0.613807533904305
2026-07-16 14:15:00+00:00,1,1,0.623577740746643
2026-07-16 14:20:00+00:00,1,1,0.5818160992210623
2026-07-16 14:25:00+00:00,0,1,0.5360660953318408
2026-07-16 14:30:00+00:00,1,1,0.5844834909293593
2026-07-16 14:35:00+00:00,1,1,0.6443203998526169
2026-07-16 14:40:00+00:00,1,1,0.651105337081995
2026-07-16 14:45:00+00:00,1,1,0.5735845152776642
2026-07-16 14:50:00+00:00,1,1,0.6243261427666001
2026-07-16 14:55:00+00:00,1,1,0.6283568574089348
2026-07-16 15:00:00+00:00,1,1,0.6127559467852847
2026-07-16 15:05:00+00:00,1,1,0.5991032896720899
2026-07-16 15:10:00+00:00,1,1,0.5856562966717651
2026-07-16 15:15:00+00:00,1,1,0.6117204788264722
2026-07-16 15:20:00+00:00,1,1,0.5973436277757457
2026-07-16 15:25:00+00:00,1,1,0.6323798323841993
2026-07-16 15:45:00+00:00,1,0,0.49229060807418573
2026-07-16 15:50:00+00:00,1,1,0.5185955038774088
2026-07-16 15:55:00+00:00,1,0,0.4507875996586716
2026-07-16 16:05:00+00:00,1,1,0.5153327540117177
2026-07-16 16:10:00+00:00,1,0,0.49656790951142826
2026-07-16 16:15:00+00:00,1,1,0.5058796369409282
2026-07-16 16:20:00+00:00,1,1,0.5058796369409282
2026-07-16 16:25:00+00:00,1,1,0.5196534649437742
2026-07-16 16:30:00+00:00,1,1,0.5616667741712296
2026-07-16 16:35:00+00:00,1,1,0.5216169735304198
2026-07-16 16:40:00+00:00,1,0,0.48572906487462214
2026-07-16 16:45:00+00:00,1,0,0.46500158735966746
2026-07-16 16:50:00+00:00,1,0,0.4764705273616727
2026-07-16 16:55:00+00:00,1,0,0.49356599885495633
2026-07-16 17:00:00+00:00,1,1,0.5346217756953681
2026-07-16 17:05:00+00:00,1,0,0.443469549235854
2026-07-16 17:10:00+00:00,1,0,0.48554581494604165
2026-07-16 17:15:00+00:00,1,1,0.5059480684082441
2026-07-16 17:20:00+00:00,1,0,0.45198828455014733
2026-07-16 17:25:00+00:00,1,0,0.4354860444006931
2026-07-16 17:30:00+00:00,1,1,0.5155413146252168
2026-07-16 17:35:00+00:00,1,0,0.37891503663482445
2026-07-16 17:45:00+00:00,0,0,0.45586200715936326
2026-07-16 17:50:00+00:00,0,0,0.47008267962303324
2026-07-16 17:55:00+00:00,0,0,0.46053253188955173
2026-07-16 18:00:00+00:00,0,0,0.40343273238263455
2026-07-16 18:05:00+00:00,0,0,0.27263559154543304
2026-07-16 18:10:00+00:00,1,0,0.24256475973168937
2026-07-16 18:15:00+00:00,1,0,0.27526781581262566
2026-07-16 18:20:00+00:00,1,0,0.23579862734842308
2026-07-16 18:25:00+00:00,1,0,0.2521694415733421
2026-07-16 18:30:00+00:00,1,0,0.3258581451216796
2026-07-16 18:35:00+00:00,1,0,0.2840813303395159
2026-07-16 18:40:00+00:00,1,0,0.29358251688463977
2026-07-16 18:45:00+00:00,1,0,0.4554286851192355
2026-07-16 18:50:00+00:00,1,0,0.4566911762231387
2026-07-16 18:55:00+00:00,1,0,0.46327112944394516
2026-07-16 19:00:00+00:00,1,0,0.4853361821251774
2026-07-16 19:05:00+00:00,1,0,0.48112395543707076
2026-07-16 19:10:00+00:00,1,0,0.46460285833204884
2026-07-16 19:25:00+00:00,0,0,0.4477443983990632
2026-07-16 19:30:00+00:00,0,1,0.5428357273391948
2026-07-16 19:35:00+00:00,0,0,0.4348696213599032
2026-07-16 19:45:00+00:00,0,0,0.3955653793022196
2026-07-16 19:50:00+00:00,0,0,0.44853463382919884
2026-07-16 19:55:00+00:00,0,0,0.49047939243309496
2026-07-16 20:00:00+00:00,0,0,0.4803805884619407
2026-07-16 20:05:00+00:00,0,0,0.45016472810474295
2026-07-16 20:10:00+00:00,0,0,0.4555757207804116
2026-07-16 20:15:00+00:00,0,1,0.5139486531384276
2026-07-16 20:20:00+00:00,0,0,0.450544345308519
2026-07-16 20:25:00+00:00,0,1,0.5276752754460917
2026-07-16 20:30:00+00:00,0,0,0.47502635504378626
2026-07-16 20:35:00+00:00,0,0,0.44161043437575487
2026-07-16 20:40:00+00:00,0,0,0.2897875153356873
2026-07-16 20:45:00+00:00,0,1,0.730676830037931
2026-07-16 20:50:00+00:00,0,1,0.7132420531019941
2026-07-16 20:55:00+00:00,0,1,0.7008857183010377
2026-07-16 21:00:00+00:00,0,1,0.6588476057362103
2026-07-16 21:10:00+00:00,1,1,0.7725508460019834
2026-07-16 21:15:00+00:00,1,1,0.6936804057737959
2026-07-16 21:20:00+00:00,1,1,0.7125101187180608
2026-07-16 21:25:00+00:00,1,1,0.7004006092953118
2026-07-16 21:30:00+00:00,1,1,0.6789918953559593
2026-07-16 21:35:00+00:00,1,1,0.6803988698969367
2026-07-16 21:40:00+00:00,1,1,0.6578201152423717
2026-07-16 21:50:00+00:00,0,1,0.557005619764408
2026-07-16 21:55:00+00:00,1,1,0.5516534590750244
2026-07-16 22:00:00+00:00,0,0,0.42308708064247535
2026-07-16 22:05:00+00:00,0,0,0.47961737290145634
2026-07-16 22:15:00+00:00,0,0,0.435873861295141
2026-07-16 22:20:00+00:00,0,0,0.26210329693918977
2026-07-16 22:25:00+00:00,0,0,0.3388658066168573
2026-07-16 22:30:00+00:00,0,0,0.26725021474334654
2026-07-16 22:35:00+00:00,0,0,0.40462760645888735
2026-07-16 22:40:00+00:00,0,0,0.3219268032849402
2026-07-16 22:45:00+00:00,0,0,0.39094477913598563
2026-07-16 22:50:00+00:00,0,0,0.37438790237818415
2026-07-16 22:55:00+00:00,0,0,0.293335728631098
2026-07-16 23:00:00+00:00,1,0,0.12895154852594412
2026-07-16 23:10:00+00:00,0,0,0.07697874659497457
2026-07-16 23:15:00+00:00,0,0,0.0824444825843409
2026-07-16 23:20:00+00:00,0,0,0.07460518926125566
2026-07-16 23:25:00+00:00,0,0,0.09435078456327003
2026-07-16 23:30:00+00:00,0,0,0.14847091096101153
2026-07-16 23:40:00+00:00,0,0,0.13614141696145554
2026-07-16 23:45:00+00:00,0,0,0.10319863499816821
2026-07-16 23:50:00+00:00,0,0,0.1322512698539524
2026-07-16 23:55:00+00:00,0,0,0.06944500367631588
2026-07-17 00:00:00+00:00,0,0,0.3099629167231501
2026-07-17 00:05:00+00:00,0,0,0.3116786433468515
2026-07-17 00:10:00+00:00,0,0,0.4240051945211034
2026-07-17 00:15:00+00:00,0,0,0.43754220013829115
2026-07-17 00:35:00+00:00,0,0,0.3949424414546536
2026-07-17 00:40:00+00:00,1,1,0.5062941845918528
2026-07-17 00:45:00+00:00,1,0,0.3660791946762372
2026-07-17 00:50:00+00:00,1,0,0.3958691614041675
2026-07-17 01:00:00+00:00,1,1,0.5975874305829592
2026-07-17 01:05:00+00:00,1,1,0.5105923763786556
2026-07-17 01:10:00+00:00,1,1,0.5103485981555327
2026-07-17 01:15:00+00:00,1,0,0.46019016825349507
2026-07-17 01:25:00+00:00,0,0,0.4476863097359838
2026-07-17 01:30:00+00:00,0,0,0.4091811149822247
2026-07-17 01:35:00+00:00,0,0,0.44026649170491783
2026-07-17 01:40:00+00:00,0,0,0.39813912345106534
2026-07-17 01:45:00+00:00,0,0,0.38450923980753965
2026-07-17 01:50:00+00:00,0,0,0.38450923980753965
2026-07-17 01:55:00+00:00,1,0,0.46024427210672814
2026-07-17 02:00:00+00:00,1,0,0.4826143228083733
2026-07-17 02:05:00+00:00,1,0,0.46826742328254134
2026-07-17 02:10:00+00:00,1,0,0.46951760617988714
2026-07-17 02:15:00+00:00,1,0,0.42382913978922876
2026-07-17 02:20:00+00:00,1,0,0.42439295212736317
2026-07-17 02:25:00+00:00,1,0,0.4314177104771689
2026-07-17 02:30:00+00:00,1,0,0.42768116945926454
2026-07-17 02:35:00+00:00,1,1,0.6411387077710503
2026-07-17 02:40:00+00:00,1,0,0.47440177517634696
2026-07-17 02:45:00+00:00,1,0,0.46827726581847834
2026-07-17 02:50:00+00:00,1,0,0.4121015782211692
2026-07-17 02:55:00+00:00,1,0,0.3764399970844331
2026-07-17 03:00:00+00:00,1,0,0.4377050130925524
2026-07-17 03:05:00+00:00,1,0,0.3745404865790492
2026-07-17 03:10:00+00:00,1,0,0.42620339814392094
2026-07-17 03:15:00+00:00,1,0,0.4087990286491057
2026-07-17 03:20:00+00:00,1,0,0.39003819712382626
2026-07-17 03:25:00+00:00,1,0,0.3915134826162232
2026-07-17 03:30:00+00:00,1,1,0.6137031227746542
2026-07-17 03:35:00+00:00,1,1,0.646273771494019
2026-07-17 03:40:00+00:00,1,1,0.6362253318411459
2026-07-17 03:45:00+00:00,1,1,0.6501673975779684
2026-07-17 03:50:00+00:00,1,1,0.612989471688962
2026-07-17 03:55:00+00:00,1,1,0.583753716240296
2026-07-17 04:00:00+00:00,1,1,0.5590803294577877
2026-07-17 04:05:00+00:00,0,1,0.5428926490799693
2026-07-17 04:10:00+00:00,0,1,0.5819906979767098
2026-07-17 04:20:00+00:00,0,1,0.5763959201200295
2026-07-17 04:30:00+00:00,0,1,0.5429689397060129
2026-07-17 04:35:00+00:00,0,1,0.5369034778988143
2026-07-17 04:40:00+00:00,0,1,0.552771231854045
2026-07-17 04:45:00+00:00,0,1,0.5540269561214447
2026-07-17 04:50:00+00:00,0,1,0.5322156058622635
2026-07-17 04:55:00+00:00,0,1,0.5247664130355626
2026-07-17 05:00:00+00:00,0,1,0.5865397202538292
2026-07-17 05:05:00+00:00,0,1,0.605057033179362
2026-07-17 05:10:00+00:00,0,1,0.5906919596773045
2026-07-17 05:15:00+00:00,0,1,0.5866044174387461
2026-07-17 05:20:00+00:00,0,1,0.6055156769970728
2026-07-17 05:25:00+00:00,0,1,0.5810536286282024
2026-07-17 05:30:00+00:00,0,1,0.5588564939805549
2026-07-17 05:35:00+00:00,0,1,0.5626455860651457
2026-07-17 05:40:00+00:00,0,1,0.5985493959860343
2026-07-17 05:45:00+00:00,1,1,0.6978895530655019
2026-07-17 05:50:00+00:00,1,1,0.644642138084516
2026-07-17 05:55:00+00:00,1,1,0.6491511591718712
2026-07-17 06:00:00+00:00,1,1,0.6566827568555739
2026-07-17 06:05:00+00:00,1,1,0.6528681213784053
2026-07-17 06:10:00+00:00,1,1,0.6265196759492456
2026-07-17 06:15:00+00:00,1,1,0.6462798448486612
2026-07-17 06:20:00+00:00,1,0,0.4688743541382092
2026-07-17 06:25:00+00:00,1,1,0.5206487059611439
2026-07-17 06:30:00+00:00,1,0,0.4898210384084797
2026-07-17 06:35:00+00:00,1,0,0.49091687405454515
2026-07-17 06:40:00+00:00,1,0,0.47812268096440774
2026-07-17 06:50:00+00:00,1,1,0.5343735427843548
2026-07-17 06:55:00+00:00,1,1,0.5037087966493383
2026-07-17 07:00:00+00:00,1,1,0.5929062881727859
2026-07-17 07:10:00+00:00,1,0,0.45798604069374244
2026-07-17 07:15:00+00:00,1,0,0.452095910092889
2026-07-17 07:20:00+00:00,1,0,0.4514313571902484
2026-07-17 07:25:00+00:00,0,0,0.44930263828157513
2026-07-17 07:30:00+00:00,0,0,0.410958968497079
2026-07-17 07:35:00+00:00,0,0,0.4487250752877328
2026-07-17 07:40:00+00:00,0,0,0.4565318198204637
2026-07-17 07:45:00+00:00,0,0,0.4603209183916141
2026-07-17 07:50:00+00:00,0,0,0.497661450769013
2026-07-17 07:55:00+00:00,0,0,0.436761977277114
2026-07-17 08:00:00+00:00,0,0,0.4421001121389763
2026-07-17 08:10:00+00:00,0,0,0.48411180083784033
2026-07-17 08:15:00+00:00,0,0,0.4455212978241163
2026-07-17 08:20:00+00:00,0,0,0.4454912922132911
2026-07-17 08:25:00+00:00,0,1,0.5675443685162523
2026-07-17 08:30:00+00:00,0,0,0.4977401772315735
2026-07-17 08:35:00+00:00,1,1,0.5314350533210432
2026-07-17 08:50:00+00:00,0,0,0.45493504819425357
2026-07-17 08:55:00+00:00,0,0,0.4560111764674674
2026-07-17 09:00:00+00:00,0,0,0.4419676291363806
2026-07-17 09:05:00+00:00,0,0,0.45330040055716736
2026-07-17 09:10:00+00:00,0,0,0.4804744728312958
2026-07-17 09:15:00+00:00,0,1,0.7112823248657937
2026-07-17 09:20:00+00:00,0,1,0.7317380765977541
2026-07-17 09:25:00+00:00,0,1,0.6998615633123128
2026-07-17 09:30:00+00:00,0,1,0.7001538571256753
2026-07-17 09:35:00+00:00,0,1,0.6642640282660304
2026-07-17 09:40:00+00:00,0,1,0.6619712957997539
2026-07-17 09:45:00+00:00,0,1,0.6603077179037116
2026-07-17 09:50:00+00:00,0,1,0.700282946603281
2026-07-17 09:55:00+00:00,1,1,0.5551684288692714
2026-07-17 10:00:00+00:00,1,1,0.5304490681530869
2026-07-17 10:05:00+00:00,1,0,0.4763616942997915
2026-07-17 10:10:00+00:00,1,0,0.4539723939154646
2026-07-17 10:15:00+00:00,1,0,0.47679249642790716
2026-07-17 10:20:00+00:00,1,1,0.5136952205047117
2026-07-17 10:25:00+00:00,1,1,0.5041093773689017
2026-07-17 10:30:00+00:00,1,0,0.49049935828748337
2026-07-17 10:35:00+00:00,1,1,0.5354723813463473
2026-07-17 10:40:00+00:00,1,1,0.5850256342312941
2026-07-17 10:45:00+00:00,1,1,0.5418294888756263
2026-07-17 10:50:00+00:00,1,1,0.5531288808016745
2026-07-17 10:55:00+00:00,1,1,0.5125516037536483
2026-07-17 11:00:00+00:00,1,1,0.5320519231217528
2026-07-17 11:05:00+00:00,1,1,0.5294872775014638
2026-07-17 11:10:00+00:00,1,1,0.5114483500872474
2026-07-17 11:15:00+00:00,1,1,0.5186746346688473
2026-07-17 11:20:00+00:00,1,0,0.4934287951822627
2026-07-17 11:30:00+00:00,1,1,0.5414049041370426
2026-07-17 11:35:00+00:00,1,1,0.5472815070518127
2026-07-17 11:40:00+00:00,1,1,0.5110083627035968
2026-07-17 11:45:00+00:00,1,1,0.5372995930662143
2026-07-17 11:55:00+00:00,0,1,0.5345120000869031
2026-07-17 12:00:00+00:00,0,1,0.5262400675918364
2026-07-17 12:05:00+00:00,0,1,0.5008740563405565
2026-07-17 12:10:00+00:00,0,1,0.5446250406525123
2026-07-17 12:15:00+00:00,0,1,0.5369806302904877
2026-07-17 12:20:00+00:00,0,1,0.5158606090873831
2026-07-17 12:25:00+00:00,0,1,0.5071269225348934
2026-07-17 12:30:00+00:00,0,1,0.5250222124483671
2026-07-17 12:35:00+00:00,0,1,0.5032982238871888
2026-07-17 12:40:00+00:00,0,1,0.5278913633162784
2026-07-17 12:45:00+00:00,0,1,0.5231863110916909
2026-07-17 13:00:00+00:00,0,1,0.5620927569544071
2026-07-17 13:05:00+00:00,0,1,0.559275077875143
2026-07-17 13:10:00+00:00,0,1,0.5844932775964139
2026-07-17 13:15:00+00:00,0,1,0.544452783011343
2026-07-17 13:20:00+00:00,0,1,0.5125590849222045
2026-07-17 13:25:00+00:00,0,1,0.5010699399448134
2026-07-17 13:30:00+00:00,0,1,0.5532099638181467
2026-07-17 13:35:00+00:00,0,1,0.5629025241989414
2026-07-17 13:40:00+00:00,0,1,0.5593705899751038
2026-07-17 13:45:00+00:00,0,1,0.5661231347599761
2026-07-17 13:50:00+00:00,0,1,0.5677096981301933
2026-07-17 14:10:00+00:00,1,1,0.62224264450096
2026-07-17 14:30:00+00:00,1,1,0.6810909651856435
2026-07-17 14:35:00+00:00,1,1,0.6412743362429859
2026-07-17 14:40:00+00:00,1,1,0.6608235589333877
2026-07-17 14:45:00+00:00,1,1,0.6558102720912833
2026-07-17 14:50:00+00:00,1,1,0.6710919150557327
2026-07-17 14:55:00+00:00,1,1,0.6636423377571551
2026-07-17 15:00:00+00:00,1,1,0.6685665100584692
2026-07-17 15:05:00+00:00,1,1,0.6800640103399417
2026-07-17 15:10:00+00:00,1,1,0.6444707863599397
2026-07-17 15:15:00+00:00,1,1,0.6613905683669671
2026-07-17 15:20:00+00:00,1,1,0.6829727361142034
2026-07-17 15:25:00+00:00,1,1,0.7132187167322462
2026-07-17 15:30:00+00:00,1,1,0.6859028542584293
2026-07-17 15:35:00+00:00,0,1,0.6851979837784061
2026-07-17 15:40:00+00:00,0,1,0.65751066150712
2026-07-17 15:45:00+00:00,0,1,0.6549620247004363
2026-07-17 15:50:00+00:00,0,1,0.6344061433439971
2026-07-17 15:55:00+00:00,0,1,0.6291078789946105
2026-07-17 16:00:00+00:00,0,1,0.6306593653118456
2026-07-17 16:05:00+00:00,0,1,0.5781542796714407
2026-07-17 16:10:00+00:00,0,1,0.5443036012865555
2026-07-17 16:15:00+00:00,0,1,0.5741536715193226
2026-07-17 16:20:00+00:00,0,1,0.5741536715193226
2026-07-17 16:25:00+00:00,0,1,0.5886749349449656
2026-07-17 16:35:00+00:00,1,1,0.6760651626434229
2026-07-17 16:40:00+00:00,1,1,0.617305463033777
2026-07-17 16:55:00+00:00,1,1,0.5774665203794039
2026-07-17 17:00:00+00:00,1,1,0.5810430421591279
2026-07-17 17:05:00+00:00,1,1,0.6249361281375474
2026-07-17 17:10:00+00:00,1,1,0.6036650574960761
2026-07-17 17:20:00+00:00,0,1,0.5580187119215938
2026-07-17 17:25:00+00:00,0,0,0.458677024340122
2026-07-17 17:35:00+00:00,1,1,0.6490138683179125
2026-07-17 17:40:00+00:00,1,1,0.63768600485417
2026-07-17 17:45:00+00:00,1,1,0.6430203870825694
2026-07-17 17:50:00+00:00,1,1,0.630414497712662
2026-07-17 17:55:00+00:00,1,1,0.5972926296688503
2026-07-17 18:00:00+00:00,1,1,0.6371908151196984
2026-07-17 18:05:00+00:00,1,1,0.6438569738202322
2026-07-17 18:10:00+00:00,1,1,0.6362196635491341
2026-07-17 18:15:00+00:00,1,1,0.6543007245666651
2026-07-17 18:20:00+00:00,1,1,0.661329516185105
2026-07-17 18:25:00+00:00,1,1,0.6777862148468636
2026-07-17 18:30:00+00:00,1,1,0.663448990587693
2026-07-17 18:35:00+00:00,1,1,0.6114871511085718
2026-07-17 18:40:00+00:00,1,1,0.5428263612964224
2026-07-17 18:45:00+00:00,1,1,0.5804766960736406
2026-07-17 18:50:00+00:00,1,1,0.5895779042837601
2026-07-17 19:00:00+00:00,0,1,0.556293230607619
2026-07-17 19:05:00+00:00,0,1,0.5627515938907213
2026-07-17 19:10:00+00:00,0,1,0.518298891692698
2026-07-17 19:15:00+00:00,0,1,0.5239888148622651
2026-07-17 19:20:00+00:00,0,1,0.5252653267842617
2026-07-17 19:25:00+00:00,0,1,0.5314810897949226
2026-07-17 19:30:00+00:00,0,1,0.5221945842213245
2026-07-17 19:35:00+00:00,0,1,0.5455537367804236
2026-07-17 19:40:00+00:00,0,1,0.5416364405060882
2026-07-17 19:45:00+00:00,0,1,0.5491227686475473
2026-07-17 19:50:00+00:00,0,1,0.5577142815973181
2026-07-17 19:55:00+00:00,1,1,0.6629763906543462
2026-07-17 20:00:00+00:00,1,1,0.6384899158183047
2026-07-17 20:10:00+00:00,0,1,0.5046356708316148
2026-07-17 20:15:00+00:00,0,0,0.44253845866394775
2026-07-17 20:20:00+00:00,0,1,0.500506862368171
2026-07-17 20:25:00+00:00,0,1,0.5147984865316209
2026-07-17 20:30:00+00:00,0,1,0.5572113425764552
2026-07-17 20:35:00+00:00,0,1,0.566299109864438
2026-07-17 20:40:00+00:00,0,1,0.5443521911926106
2026-07-17 20:45:00+00:00,0,1,0.5683678420575501
2026-07-17 20:50:00+00:00,0,1,0.5655347349600496
2026-07-17 21:00:00+00:00,0,1,0.5183932243875053
2026-07-17 21:05:00+00:00,1,1,0.6746003032162967
2026-07-17 21:10:00+00:00,1,1,0.6732099438329187
2026-07-17 21:15:00+00:00,1,1,0.6261251652343252
2026-07-17 21:20:00+00:00,1,1,0.6151266953366743
2026-07-17 21:25:00+00:00,1,1,0.6640153725792267
2026-07-17 21:30:00+00:00,1,1,0.6167700203505634
2026-07-17 21:35:00+00:00,1,1,0.5072409481115933
2026-07-17 21:40:00+00:00,1,0,0.42866970088909945
2026-07-17 21:45:00+00:00,1,0,0.4891663136510066
2026-07-17 21:50:00+00:00,1,1,0.5638643075622518
2026-07-17 21:55:00+00:00,0,0,0.47612675858535003
2026-07-17 22:00:00+00:00,0,0,0.4619873580587758
2026-07-17 22:05:00+00:00,0,1,0.5189057084620232
2026-07-17 22:10:00+00:00,0,0,0.45572953790334064
2026-07-17 22:15:00+00:00,0,0,0.3543634713319025
2026-07-17 22:20:00+00:00,0,0,0.44013551020034003
2026-07-17 22:25:00+00:00,0,0,0.35482258186224225
2026-07-17 22:30:00+00:00,0,1,0.5089433738706085
2026-07-17 22:35:00+00:00,0,0,0.3328013982066377
2026-07-17 22:40:00+00:00,0,0,0.4016246524646919
2026-07-17 22:45:00+00:00,0,0,0.3842148315108286
2026-07-17 22:50:00+00:00,0,0,0.42482974207199986
2026-07-17 22:55:00+00:00,1,1,0.7453049472564597
2026-07-17 23:00:00+00:00,1,1,0.6760745516611304
2026-07-17 23:05:00+00:00,1,1,0.6279531568138399
2026-07-17 23:15:00+00:00,0,1,0.5039333845059971
2026-07-17 23:20:00+00:00,0,1,0.5112619266192024
2026-07-17 23:25:00+00:00,0,1,0.510086155313119
2026-07-17 23:30:00+00:00,0,0,0.40510551903384223
2026-07-17 23:35:00+00:00,0,0,0.4407415803507632
2026-07-17 23:40:00+00:00,0,0,0.4744840849128827
2026-07-17 23:55:00+00:00,0,0,0.4884479757576258
2026-07-20 00:00:00+00:00,1,1,0.7885140622479786
2026-07-20 00:05:00+00:00,1,1,0.8113483843237876
2026-07-20 00:10:00+00:00,1,1,0.8077423645243701
2026-07-20 00:15:00+00:00,1,1,0.7971508185474917
2026-07-20 00:20:00+00:00,1,1,0.7612444636125624
2026-07-20 00:25:00+00:00,1,1,0.6873511762905492
2026-07-20 00:30:00+00:00,1,1,0.8042015449191885
2026-07-20 00:35:00+00:00,1,1,0.9019670300431575
2026-07-20 00:40:00+00:00,1,1,0.8850275801786854
2026-07-20 00:45:00+00:00,1,1,0.8034368781908307
2026-07-20 00:50:00+00:00,1,1,0.8072164960708679
2026-07-20 00:55:00+00:00,1,1,0.896798858428845
2026-07-20 01:10:00+00:00,1,0,0.21376620622083686
2026-07-20 01:15:00+00:00,1,0,0.19253499643315286
2026-07-20 01:25:00+00:00,1,0,0.2700416651282437
2026-07-20 01:30:00+00:00,1,0,0.3063388469857636
2026-07-20 01:35:00+00:00,1,0,0.4419268087748757
2026-07-20 01:50:00+00:00,1,0,0.4427020423281599
2026-07-20 01:55:00+00:00,1,0,0.44666350545971595
2026-07-20 02:05:00+00:00,0,0,0.2994492980037305
2026-07-20 02:10:00+00:00,0,0,0.2972324716754442
2026-07-20 02:15:00+00:00,0,0,0.33758864067449396
2026-07-20 02:20:00+00:00,0,0,0.29764839019635986
2026-07-20 02:25:00+00:00,0,0,0.28935568952563673
2026-07-20 02:30:00+00:00,0,0,0.32505881289282595
2026-07-20 02:35:00+00:00,0,0,0.3045567982866771
2026-07-20 02:40:00+00:00,0,0,0.3058405954180013
2026-07-20 02:45:00+00:00,0,0,0.3447514585529413
2026-07-20 02:50:00+00:00,0,0,0.37395113031229904
2026-07-20 02:55:00+00:00,0,0,0.3415469334766692
2026-07-20 03:00:00+00:00,0,0,0.3321649594113852
2026-07-20 03:05:00+00:00,0,0,0.3337646345653
2026-07-20 03:10:00+00:00,0,0,0.3550755642948911
2026-07-20 03:15:00+00:00,0,0,0.360365778482808
2026-07-20 03:20:00+00:00,0,0,0.44081454147502175
2026-07-20 03:25:00+00:00,0,0,0.42595787605876834
2026-07-20 03:30:00+00:00,0,0,0.43041835009811863
2026-07-20 03:35:00+00:00,0,0,0.448392369922221
2026-07-20 03:40:00+00:00,0,0,0.44218767408790427
2026-07-20 03:45:00+00:00,0,0,0.4303118084424977
2026-07-20 03:50:00+00:00,1,0,0.4652855949971309
2026-07-20 03:55:00+00:00,1,0,0.42387495062338937
2026-07-20 04:00:00+00:00,1,0,0.44828881682857286
2026-07-20 04:05:00+00:00,1,0,0.4422792948347068
2026-07-20 04:15:00+00:00,0,0,0.37417655539892153
2026-07-20 04:20:00+00:00,0,0,0.30871342545412933
2026-07-20 04:25:00+00:00,0,0,0.30504868295606175
2026-07-20 04:35:00+00:00,0,0,0.36328369904047636
2026-07-20 04:45:00+00:00,0,0,0.2726044412362291
2026-07-20 04:50:00+00:00,0,0,0.28398921022083157
2026-07-20 05:05:00+00:00,1,0,0.42739833155140855
2026-07-20 05:10:00+00:00,1,0,0.41925637301136015
2026-07-20 05:15:00+00:00,1,0,0.39453177853353044
2026-07-20 05:20:00+00:00,1,0,0.3901617552068635
2026-07-20 05:25:00+00:00,1,0,0.38910502065791136
2026-07-20 05:30:00+00:00,1,0,0.44721104133203
2026-07-20 05:35:00+00:00,1,0,0.46111380862591594
2026-07-20 05:45:00+00:00,1,0,0.4976342621893206
2026-07-20 05:50:00+00:00,1,0,0.4951620658999484
2026-07-20 06:00:00+00:00,1,0,0.44253546838862184
2026-07-20 06:05:00+00:00,1,1,0.5629798378549119
2026-07-20 06:10:00+00:00,1,1,0.579312833951288
2026-07-20 06:15:00+00:00,1,1,0.592095657154546
2026-07-20 06:35:00+00:00,0,1,0.5407111701392862
2026-07-20 06:45:00+00:00,0,1,0.6012111471042201
2026-07-20 06:50:00+00:00,0,1,0.5084304373715608
2026-07-20 06:55:00+00:00,0,0,0.468808894389652
2026-07-20 07:00:00+00:00,0,0,0.4694081655250926
2026-07-20 07:05:00+00:00,0,0,0.36487391886222764
2026-07-20 07:10:00+00:00,0,0,0.4722532766831879
2026-07-20 07:15:00+00:00,0,0,0.4672049099409433
2026-07-20 07:20:00+00:00,0,1,0.5923577531174132
2026-07-20 07:25:00+00:00,0,0,0.49841046145432266
2026-07-20 07:30:00+00:00,0,1,0.5335160805727471
2026-07-20 07:35:00+00:00,0,1,0.6364894892779656
2026-07-20 07:40:00+00:00,0,1,0.5899476498097718
2026-07-20 07:45:00+00:00,1,1,0.6306596880068736
2026-07-20 07:50:00+00:00,1,1,0.522210363968378
2026-07-20 07:55:00+00:00,1,1,0.6837709793727093
2026-07-20 08:00:00+00:00,1,1,0.6515669839302313
2026-07-20 08:05:00+00:00,1,1,0.6381866552661299
2026-07-20 08:10:00+00:00,1,1,0.582694164300532
2026-07-20 08:15:00+00:00,1,1,0.5674049973964801
2026-07-20 08:20:00+00:00,1,1,0.5947529739605251
2026-07-20 08:25:00+00:00,1,1,0.5106257256581058
2026-07-20 08:30:00+00:00,1,1,0.521722410423297
2026-07-20 08:35:00+00:00,1,1,0.5718097266800733
2026-07-20 08:40:00+00:00,1,1,0.6602703193560627
2026-07-20 08:45:00+00:00,1,0,0.486661947713788
2026-07-20 08:50:00+00:00,1,0,0.4202660047029458
2026-07-20 08:55:00+00:00,1,0,0.4531970225849711
2026-07-20 09:00:00+00:00,1,0,0.41346088377004436
2026-07-20 09:05:00+00:00,1,0,0.37963242542538195
2026-07-20 09:10:00+00:00,1,0,0.3107736632340029
2026-07-20 09:15:00+00:00,1,0,0.38859383085945265
2026-07-20 09:20:00+00:00,1,0,0.41101536171384856
2026-07-20 09:25:00+00:00,1,0,0.41285769908983383
2026-07-20 09:30:00+00:00,0,0,0.3919683150882154
2026-07-20 09:35:00+00:00,0,0,0.3612474045914711
2026-07-20 09:40:00+00:00,0,0,0.36003142148144734
2026-07-20 09:45:00+00:00,0,0,0.35929042651690635
2026-07-20 09:50:00+00:00,0,0,0.350040588203419
2026-07-20 09:55:00+00:00,0,0,0.2956624708979674
2026-07-20 10:00:00+00:00,0,0,0.3460240681717177
2026-07-20 10:05:00+00:00,0,0,0.3084890416703945
2026-07-20 10:10:00+00:00,0,0,0.2971328664917623
2026-07-20 10:15:00+00:00,0,0,0.3239032272001639
2026-07-20 10:20:00+00:00,0,0,0.41086111370442424
2026-07-20 10:25:00+00:00,0,0,0.47404577387174407
2026-07-20 10:30:00+00:00,1,1,0.5650587981063471
2026-07-20 10:40:00+00:00,1,1,0.585500116991374
2026-07-20 10:45:00+00:00,0,1,0.5311270715658256
2026-07-20 11:00:00+00:00,1,0,0.4899661577058926
2026-07-20 11:05:00+00:00,1,0,0.49328301408670816
2026-07-20 11:10:00+00:00,1,1,0.5340003875789362
2026-07-20 11:15:00+00:00,1,1,0.5160398870991265
2026-07-20 11:20:00+00:00,1,0,0.4872622029292196
2026-07-20 11:25:00+00:00,1,0,0.4675926721260692
2026-07-20 11:30:00+00:00,1,0,0.4532618350821964
2026-07-20 11:35:00+00:00,1,1,0.514922318191818
2026-07-20 11:40:00+00:00,1,0,0.45811922715309766
2026-07-20 11:45:00+00:00,1,0,0.4964075359116071
2026-07-20 11:50:00+00:00,1,0,0.4737806306109662
2026-07-20 11:55:00+00:00,1,0,0.3785419454058893
2026-07-20 12:00:00+00:00,1,0,0.30891524974677304
2026-07-20 12:05:00+00:00,1,0,0.3690466428767419
2026-07-20 12:10:00+00:00,1,0,0.40167071400868376
2026-07-20 12:20:00+00:00,1,0,0.3825912167928066
2026-07-20 12:30:00+00:00,0,0,0.2794077630779924
2026-07-20 12:35:00+00:00,0,0,0.29376398229449036
2026-07-20 12:40:00+00:00,0,0,0.2706582754144584
2026-07-20 12:45:00+00:00,0,0,0.2868113916235221
2026-07-20 12:50:00+00:00,0,0,0.2853778925247128
2026-07-20 12:55:00+00:00,0,0,0.3264828662414453
2026-07-20 13:00:00+00:00,0,0,0.35991661222427945
2026-07-20 13:05:00+00:00,0,0,0.3850169901397574
2026-07-20 13:10:00+00:00,1,0,0.41381496197227485
2026-07-20 13:15:00+00:00,1,0,0.4043201312641924
2026-07-20 13:20:00+00:00,1,0,0.3518807890648489
2026-07-20 13:30:00+00:00,0,0,0.3430567333675795
2026-07-20 13:35:00+00:00,0,0,0.38862030471437164
2026-07-20 13:40:00+00:00,0,0,0.3798647511443073
2026-07-20 13:45:00+00:00,0,0,0.3079082454334233
2026-07-20 13:50:00+00:00,0,0,0.4118772113667041
2026-07-20 13:55:00+00:00,0,0,0.3717811143659988
2026-07-20 14:00:00+00:00,0,0,0.3597441903536379
2026-07-20 14:05:00+00:00,0,0,0.3556691079943158
2026-07-20 14:10:00+00:00,0,0,0.4145387635675407
2026-07-20 14:15:00+00:00,0,0,0.44900880684978134
2026-07-20 14:30:00+00:00,1,1,0.6474107718037799
2026-07-20 14:35:00+00:00,1,0,0.4769268297230042
2026-07-20 14:40:00+00:00,1,0,0.4869618163055511
2026-07-20 14:45:00+00:00,1,0,0.44897270789259586
2026-07-20 14:50:00+00:00,1,0,0.42909520677267143
2026-07-20 14:55:00+00:00,1,0,0.477486628902567
2026-07-20 15:00:00+00:00,1,0,0.4348975402141797
2026-07-20 15:05:00+00:00,1,0,0.39808392982750557
2026-07-20 15:10:00+00:00,1,0,0.40231036381539115
2026-07-20 15:15:00+00:00,1,0,0.4247630991346321
2026-07-20 15:20:00+00:00,0,0,0.39104095724804233
2026-07-20 15:25:00+00:00,1,0,0.4320506173968998
2026-07-20 15:30:00+00:00,1,0,0.4113511591148856
2026-07-20 15:50:00+00:00,1,0,0.42361010736950766
2026-07-20 15:55:00+00:00,1,0,0.42707082205589014
2026-07-20 16:00:00+00:00,1,0,0.43028352258936275
2026-07-20 16:05:00+00:00,1,0,0.4003319810093493
2026-07-20 16:10:00+00:00,1,0,0.3997145296999744
2026-07-20 16:15:00+00:00,1,0,0.4284970989344058
2026-07-20 16:20:00+00:00,1,0,0.43746848182896847
2026-07-20 16:25:00+00:00,1,0,0.367312296732059
2026-07-20 16:30:00+00:00,1,0,0.3300379367859964
2026-07-20 16:35:00+00:00,1,0,0.3812935817197503
2026-07-20 16:40:00+00:00,1,0,0.41821895437540857
2026-07-20 16:45:00+00:00,1,0,0.42724493442969685
2026-07-20 16:50:00+00:00,1,0,0.41986913058148395
2026-07-20 16:55:00+00:00,1,0,0.347649199279453
2026-07-20 17:00:00+00:00,1,0,0.35409450472153214
2026-07-20 17:10:00+00:00,1,0,0.3415743912659138
2026-07-20 17:15:00+00:00,1,0,0.4086536848924847
2026-07-20 17:25:00+00:00,1,0,0.32963546374337577
2026-07-20 17:30:00+00:00,1,0,0.35125418276507325
2026-07-20 17:35:00+00:00,1,0,0.2923806838030556
2026-07-20 17:45:00+00:00,0,0,0.2750070352443144
2026-07-20 17:50:00+00:00,0,0,0.2738264302243043
2026-07-20 17:55:00+00:00,1,0,0.41802572210256744
2026-07-20 18:10:00+00:00,0,0,0.3626840878625995
2026-07-20 18:15:00+00:00,0,0,0.3796774955134784
2026-07-20 18:30:00+00:00,0,0,0.3431534417698785
2026-07-20 18:35:00+00:00,0,0,0.32500651218981164
2026-07-20 18:40:00+00:00,0,0,0.3404205985677629
2026-07-20 18:50:00+00:00,0,0,0.3427400670887676
2026-07-20 18:55:00+00:00,0,0,0.34688391644874894
2026-07-20 19:00:00+00:00,0,0,0.39106324593604824
2026-07-20 19:05:00+00:00,0,0,0.39227608195210656
2026-07-20 19:10:00+00:00,0,0,0.3691327259291141
2026-07-20 19:15:00+00:00,0,0,0.36724846532571953
2026-07-20 19:20:00+00:00,0,0,0.36969219607262443
2026-07-20 19:25:00+00:00,0,0,0.40465075480072693
2026-07-20 19:30:00+00:00,0,0,0.3860271646667069
2026-07-20 19:35:00+00:00,0,0,0.3822718897158909
2026-07-20 19:40:00+00:00,0,0,0.42786951582685173
2026-07-20 19:45:00+00:00,0,0,0.407409071029891
2026-07-20 19:50:00+00:00,0,0,0.4375419902891695
2026-07-20 19:55:00+00:00,0,0,0.4786631307034713
2026-07-20 20:00:00+00:00,0,1,0.5359905192454624
2026-07-20 20:05:00+00:00,0,1,0.5141279378402065
2026-07-20 20:10:00+00:00,0,0,0.4892282310392549
2026-07-20 20:15:00+00:00,0,0,0.46360851623524013
2026-07-20 20:30:00+00:00,1,0,0.44816345523636836
2026-07-20 20:40:00+00:00,1,0,0.43794289199017256
2026-07-20 20:45:00+00:00,1,0,0.439317891984663
2026-07-20 20:50:00+00:00,1,0,0.4590383177803963
2026-07-20 20:55:00+00:00,1,0,0.4941610031857716
2026-07-20 21:00:00+00:00,1,0,0.47927440158937207
2026-07-20 21:05:00+00:00,1,0,0.4624668870389317
2026-07-20 21:10:00+00:00,1,0,0.46902875832186014
2026-07-20 21:15:00+00:00,1,1,0.5954131330343928
2026-07-20 21:20:00+00:00,1,0,0.40855085619822973
2026-07-20 21:30:00+00:00,0,0,0.35648790893115095
2026-07-20 21:45:00+00:00,0,0,0.3453564177686839
2026-07-20 21:50:00+00:00,0,0,0.3375591748939325
2026-07-20 21:55:00+00:00,1,0,0.23367056159094368
2026-07-20 22:05:00+00:00,1,0,0.2353375600696489
2026-07-20 22:15:00+00:00,1,0,0.2565904741164016
2026-07-20 22:20:00+00:00,1,0,0.27945148339877374
2026-07-20 22:25:00+00:00,1,0,0.3308388671905421
2026-07-20 22:30:00+00:00,1,0,0.31806547861506196
2026-07-20 22:35:00+00:00,1,0,0.3251858398811386
2026-07-20 22:40:00+00:00,1,0,0.2973421865393199
2026-07-20 22:45:00+00:00,1,0,0.3236288441617754
2026-07-20 22:50:00+00:00,1,0,0.3514997765036369
2026-07-20 22:55:00+00:00,0,0,0.221252345426536
2026-07-20 23:00:00+00:00,0,0,0.11575682694883967
2026-07-20 23:05:00+00:00,0,0,0.0787446591360174
2026-07-20 23:10:00+00:00,0,0,0.08209934215824255
2026-07-20 23:15:00+00:00,0,0,0.05540059163440948
2026-07-20 23:20:00+00:00,0,0,0.10070688420211668
2026-07-20 23:25:00+00:00,0,0,0.10148597756462277
2026-07-20 23:30:00+00:00,0,0,0.08972386213947266
2026-07-20 23:35:00+00:00,0,0,0.0922006197191585
2026-07-20 23:40:00+00:00,0,0,0.07147632856950743
2026-07-20 23:45:00+00:00,0,0,0.0658339094390214
2026-07-20 23:50:00+00:00,0,0,0.09947931999901104
2026-07-20 23:55:00+00:00,0,0,0.13659784019404117
2026-07-21 00:00:00+00:00,1,1,0.7456321379597864
2026-07-21 00:10:00+00:00,1,1,0.7567948576535355
2026-07-21 00:15:00+00:00,1,1,0.7771389167620266
2026-07-21 00:20:00+00:00,1,1,0.7641201285270137
2026-07-21 00:30:00+00:00,1,1,0.7511762395458627
2026-07-21 00:35:00+00:00,1,1,0.7484187595721447
2026-07-21 00:40:00+00:00,1,1,0.7549465623423578
2026-07-21 00:45:00+00:00,1,1,0.728487417378642
2026-07-21 00:50:00+00:00,1,1,0.7558820151783923
2026-07-21 00:55:00+00:00,1,1,0.7427501252552907
2026-07-21 01:00:00+00:00,1,1,0.5268291479567624
2026-07-21 01:20:00+00:00,1,1,0.5213500045128128
2026-07-21 01:25:00+00:00,1,1,0.5701892270307333
2026-07-21 01:45:00+00:00,1,1,0.5356886427695826
2026-07-21 01:55:00+00:00,0,1,0.5461862739369208
2026-07-21 02:00:00+00:00,0,0,0.49795680628316624
2026-07-21 02:05:00+00:00,0,1,0.5265855614214838
2026-07-21 02:10:00+00:00,0,0,0.4995828271028347
2026-07-21 02:25:00+00:00,1,1,0.5418797170398632
2026-07-21 02:30:00+00:00,1,1,0.5418797170398632
2026-07-21 02:35:00+00:00,1,1,0.529736723533912
2026-07-21 02:40:00+00:00,1,1,0.5220355765015486
2026-07-21 02:45:00+00:00,1,1,0.5699720384083756
2026-07-21 02:50:00+00:00,1,0,0.49327007888394037
2026-07-21 02:55:00+00:00,1,1,0.5108577975775254
2026-07-21 03:00:00+00:00,1,1,0.618340729842934
2026-07-21 03:05:00+00:00,1,1,0.6432265116157003
2026-07-21 03:10:00+00:00,1,1,0.6029527437360345
2026-07-21 03:15:00+00:00,1,1,0.5778985882864225
2026-07-21 03:20:00+00:00,1,1,0.5057472235559184
2026-07-21 03:25:00+00:00,0,1,0.5704364680678572
2026-07-21 03:30:00+00:00,0,1,0.5397209800226924
2026-07-21 03:35:00+00:00,0,1,0.541856576164507
2026-07-21 03:40:00+00:00,0,1,0.5280213208614114
2026-07-21 03:45:00+00:00,0,1,0.5075695319785025
2026-07-21 03:55:00+00:00,0,0,0.48193351292379344
2026-07-21 04:15:00+00:00,1,1,0.5253704071914126
2026-07-21 04:20:00+00:00,0,1,0.5280213208614114
2026-07-21 04:25:00+00:00,1,1,0.6472288038518044
2026-07-21 04:50:00+00:00,0,1,0.5950324525064713
2026-07-21 04:55:00+00:00,0,1,0.6019113024336334
2026-07-21 05:00:00+00:00,0,1,0.6008910970785645
2026-07-21 05:35:00+00:00,0,1,0.6424832085699159
2026-07-21 05:40:00+00:00,0,1,0.6193582066675979
2026-07-21 05:45:00+00:00,0,1,0.5948977810733558
2026-07-21 05:50:00+00:00,0,1,0.5887227837094947
2026-07-21 06:00:00+00:00,0,1,0.5874482595011604
2026-07-21 06:05:00+00:00,0,1,0.5945362028471729
2026-07-21 06:10:00+00:00,0,1,0.5838074878835597
2026-07-21 06:15:00+00:00,0,1,0.6068836628567005
2026-07-21 06:20:00+00:00,0,1,0.6152555879264325
2026-07-21 06:25:00+00:00,0,1,0.6502905059806957
2026-07-21 06:30:00+00:00,0,1,0.534092756535865
2026-07-21 06:35:00+00:00,1,1,0.5150692349490136
2026-07-21 06:40:00+00:00,1,1,0.6306516665434835
2026-07-21 06:45:00+00:00,1,1,0.6500246862622763
2026-07-21 06:50:00+00:00,1,1,0.5581542175396437
2026-07-21 07:00:00+00:00,1,1,0.5252595128799017
2026-07-21 07:05:00+00:00,1,1,0.5515022268579236
2026-07-21 07:10:00+00:00,1,1,0.5608123587697378
2026-07-21 07:15:00+00:00,1,1,0.6153432738579443
2026-07-21 07:20:00+00:00,1,1,0.5910867700594213
2026-07-21 07:25:00+00:00,1,1,0.6308297216717532
2026-07-21 07:30:00+00:00,1,1,0.5510490925214746
2026-07-21 07:40:00+00:00,0,1,0.5400066488322597
2026-07-21 07:50:00+00:00,1,1,0.505821961067767
2026-07-21 07:55:00+00:00,1,0,0.4906615171754767
2026-07-21 08:00:00+00:00,1,0,0.47686356080496856
2026-07-21 08:05:00+00:00,1,1,0.5686457768886332
2026-07-21 08:10:00+00:00,1,1,0.5210270890587143
2026-07-21 08:15:00+00:00,1,1,0.5299343962863541
2026-07-21 08:20:00+00:00,1,0,0.47171181862746075
2026-07-21 08:25:00+00:00,1,1,0.5708774509882182
2026-07-21 08:30:00+00:00,1,0,0.47818442995605404
2026-07-21 08:35:00+00:00,1,1,0.5639010648435794
2026-07-21 08:40:00+00:00,1,1,0.5736530026300015
2026-07-21 08:45:00+00:00,1,1,0.5325195067272323
2026-07-21 08:50:00+00:00,1,0,0.48792245275143353
2026-07-21 08:55:00+00:00,1,0,0.49709349158221144
2026-07-21 09:00:00+00:00,1,1,0.5116475597615173
2026-07-21 09:05:00+00:00,1,1,0.5045122816357708
2026-07-21 09:10:00+00:00,1,0,0.49431838243033394
2026-07-21 09:15:00+00:00,1,1,0.5060633015324396
2026-07-21 09:20:00+00:00,1,1,0.5075453641163515
2026-07-21 09:25:00+00:00,1,1,0.5104764705269739
2026-07-21 09:30:00+00:00,1,0,0.4526032367651786
2026-07-21 09:35:00+00:00,1,0,0.45697978449501847
2026-07-21 09:40:00+00:00,1,0,0.4481602606454474
2026-07-21 09:45:00+00:00,1,1,0.5421755462107472
2026-07-21 09:50:00+00:00,1,1,0.5261216918695746
2026-07-21 09:55:00+00:00,1,1,0.5694271398820291
2026-07-21 10:00:00+00:00,1,1,0.5004063363198837
2026-07-21 10:05:00+00:00,1,1,0.6028618665586953
2026-07-21 10:10:00+00:00,1,1,0.540701611114268
2026-07-21 10:15:00+00:00,1,1,0.605203481802679
2026-07-21 10:20:00+00:00,1,0,0.43766437832298255
2026-07-21 10:25:00+00:00,1,0,0.4340572585644045
2026-07-21 10:30:00+00:00,1,1,0.5052410524315158
2026-07-21 10:35:00+00:00,1,1,0.5141126071180983
2026-07-21 10:40:00+00:00,1,1,0.5004027576758054
2026-07-21 10:45:00+00:00,1,0,0.45405446449885684
2026-07-21 10:50:00+00:00,1,0,0.3299210948759469
2026-07-21 10:55:00+00:00,1,0,0.3207910257586781
2026-07-21 11:00:00+00:00,1,0,0.2806588636192746
2026-07-21 11:05:00+00:00,1,0,0.28875022121833205
2026-07-21 11:10:00+00:00,1,0,0.27952476702814066
2026-07-21 11:15:00+00:00,1,0,0.2906743224948484
2026-07-21 11:20:00+00:00,1,0,0.28198441332240076
2026-07-21 11:25:00+00:00,1,0,0.38906543489087764
2026-07-21 11:30:00+00:00,0,0,0.3923757947695895
2026-07-21 11:35:00+00:00,0,0,0.2730369009499789
2026-07-21 11:40:00+00:00,0,0,0.2815240100043435
2026-07-21 11:45:00+00:00,0,0,0.2795339587070081
2026-07-21 11:50:00+00:00,0,0,0.2820911865470557
2026-07-21 11:55:00+00:00,0,0,0.29298734528791015
2026-07-21 12:10:00+00:00,0,0,0.2517156080385377
2026-07-21 12:25:00+00:00,0,0,0.3957176102832439
2026-07-21 12:35:00+00:00,1,0,0.4152110962645584
2026-07-21 12:40:00+00:00,1,0,0.4143178648237988
2026-07-21 12:45:00+00:00,1,0,0.2959301743589111
2026-07-21 12:50:00+00:00,1,0,0.297497035660662
2026-07-21 13:00:00+00:00,1,0,0.4690646803101939
2026-07-21 13:05:00+00:00,1,0,0.31347603592323636
2026-07-21 13:10:00+00:00,1,1,0.528666743467749
2026-07-21 13:15:00+00:00,1,1,0.5844036495721942
2026-07-21 13:20:00+00:00,1,1,0.5851609649690538
2026-07-21 13:25:00+00:00,1,0,0.39808016072863384
2026-07-21 13:30:00+00:00,1,0,0.37861663524214867
2026-07-21 13:35:00+00:00,1,0,0.33001725140846655
2026-07-21 13:40:00+00:00,1,0,0.3266546955718836
2026-07-21 13:45:00+00:00,1,0,0.3792502301591349
2026-07-21 13:50:00+00:00,1,0,0.34973872979653464
2026-07-21 13:55:00+00:00,1,0,0.2996312668073523
2026-07-21 14:00:00+00:00,1,0,0.32044014784611125
2026-07-21 14:05:00+00:00,1,1,0.5397264970708291
2026-07-21 14:10:00+00:00,1,0,0.3431883163850216
2026-07-21 14:15:00+00:00,1,0,0.2865482817304924
2026-07-21 14:20:00+00:00,1,0,0.29911734987328115
2026-07-21 14:25:00+00:00,1,0,0.3142864443598697
2026-07-21 14:30:00+00:00,1,0,0.29032123433164575
2026-07-21 14:35:00+00:00,1,0,0.3270263205342961
2026-07-21 14:40:00+00:00,1,0,0.3278885177320426
2026-07-21 14:45:00+00:00,1,0,0.3550744110255798
2026-07-21 14:50:00+00:00,0,0,0.30053223666245005
2026-07-21 14:55:00+00:00,0,0,0.3312575261410528
2026-07-21 15:05:00+00:00,1,0,0.3223338135471904
2026-07-21 15:10:00+00:00,1,0,0.31004675190909503
2026-07-21 15:15:00+00:00,1,0,0.3144429649655049
2026-07-21 15:20:00+00:00,1,0,0.28133387638775365
2026-07-21 15:25:00+00:00,1,0,0.28699626733914585
2026-07-21 15:35:00+00:00,1,0,0.2896773888769347
2026-07-21 15:40:00+00:00,1,0,0.2635477778501328
2026-07-21 15:45:00+00:00,1,0,0.31830432795986424
2026-07-21 15:50:00+00:00,1,1,0.6187452378963689
2026-07-21 15:55:00+00:00,1,1,0.5867514957586257
2026-07-21 16:00:00+00:00,1,1,0.5114966637050065
2026-07-21 16:05:00+00:00,1,1,0.5451430058211109
2026-07-21 16:10:00+00:00,1,1,0.5573639440189405
2026-07-21 16:15:00+00:00,1,1,0.5126775216652958
2026-07-21 16:20:00+00:00,1,1,0.5446561675692826
2026-07-21 16:25:00+00:00,1,1,0.5246784471842373
2026-07-21 16:30:00+00:00,1,1,0.5610799409583905
2026-07-21 16:35:00+00:00,1,1,0.5013596195570598
2026-07-21 16:40:00+00:00,1,1,0.5183176196965869
2026-07-21 16:45:00+00:00,1,0,0.4787486768201813
2026-07-21 16:50:00+00:00,1,0,0.3616357016636897
2026-07-21 16:55:00+00:00,1,0,0.3530256607713912
2026-07-21 17:00:00+00:00,1,0,0.399555340975895
2026-07-21 17:05:00+00:00,1,0,0.4656263680650112
2026-07-21 17:10:00+00:00,1,0,0.44069223836102334
2026-07-21 17:15:00+00:00,1,0,0.3876472775238676
2026-07-21 17:20:00+00:00,1,0,0.455218242425265
2026-07-21 17:25:00+00:00,1,0,0.3689196870991959
2026-07-21 17:40:00+00:00,1,0,0.373490004071413
2026-07-21 17:45:00+00:00,1,0,0.360039405941707
2026-07-21 17:50:00+00:00,1,0,0.35077504803804194
2026-07-21 18:05:00+00:00,1,0,0.38948116267140975
2026-07-21 18:10:00+00:00,1,0,0.3830058584764659
2026-07-21 18:15:00+00:00,1,0,0.3878435795623157
2026-07-21 18:20:00+00:00,1,0,0.41646856259815157
2026-07-21 18:25:00+00:00,1,0,0.4119599767485676
2026-07-21 18:30:00+00:00,1,0,0.40706253468948106
2026-07-21 18:35:00+00:00,1,0,0.42112982476540156
2026-07-21 18:40:00+00:00,0,0,0.3421855996346163
2026-07-21 18:45:00+00:00,0,0,0.3507172375731702
2026-07-21 18:50:00+00:00,0,0,0.3358671135266895
2026-07-21 19:00:00+00:00,0,0,0.45497944290637543
2026-07-21 19:15:00+00:00,0,0,0.2427545652027702
2026-07-21 19:20:00+00:00,0,0,0.2593044314538774
2026-07-21 19:25:00+00:00,0,0,0.3768517905432528
2026-07-21 19:35:00+00:00,1,0,0.3833640393194746
2026-07-21 19:40:00+00:00,1,0,0.48058949023309133
2026-07-21 19:45:00+00:00,1,0,0.40333837914641085
2026-07-21 19:55:00+00:00,1,0,0.4058002002450025
2026-07-21 20:00:00+00:00,1,0,0.41102350148452305
2026-07-21 20:05:00+00:00,1,0,0.4266139238858507
2026-07-21 20:10:00+00:00,1,0,0.4306854007503486
2026-07-21 20:15:00+00:00,1,0,0.41037875084464287
2026-07-21 20:20:00+00:00,1,0,0.40860174352547823
2026-07-21 20:25:00+00:00,1,0,0.44539510038657104
2026-07-21 20:30:00+00:00,1,0,0.45161640907844675
2026-07-21 20:35:00+00:00,1,0,0.4369297173018871
2026-07-21 20:40:00+00:00,1,0,0.28257548119953013
2026-07-21 20:45:00+00:00,1,0,0.2835480997981808
2026-07-21 20:50:00+00:00,1,0,0.2784375361899217
2026-07-21 20:55:00+00:00,1,0,0.30200324039037113
2026-07-21 21:00:00+00:00,1,0,0.36774969991629897
2026-07-21 21:05:00+00:00,1,1,0.5293920658596544
2026-07-21 21:10:00+00:00,1,0,0.41385742315045826
2026-07-21 21:15:00+00:00,1,0,0.4249694737626471
2026-07-21 21:20:00+00:00,1,0,0.3785126919189135
2026-07-21 21:25:00+00:00,1,0,0.39196451314294817
2026-07-21 21:30:00+00:00,0,0,0.3639837319898432
2026-07-21 21:35:00+00:00,1,0,0.22708571743434647
2026-07-21 21:40:00+00:00,0,0,0.24715133554260232
2026-07-21 21:45:00+00:00,0,0,0.25970349387028313
2026-07-21 21:50:00+00:00,0,0,0.18333618287015135
2026-07-21 21:55:00+00:00,1,0,0.17446179282858792
2026-07-21 22:00:00+00:00,1,0,0.1778998683632489
2026-07-21 22:05:00+00:00,1,0,0.1502824371702453
2026-07-21 22:15:00+00:00,1,0,0.1588697688267397
2026-07-21 22:20:00+00:00,1,0,0.18399286352303448
2026-07-21 22:25:00+00:00,1,0,0.18633657942634985
2026-07-21 22:30:00+00:00,1,0,0.18960682247201383
2026-07-21 22:35:00+00:00,1,0,0.1763232968460738
2026-07-21 22:40:00+00:00,1,0,0.1754945726907846
2026-07-21 22:55:00+00:00,0,0,0.31128187783998434
2026-07-21 23:00:00+00:00,0,0,0.03881950289473014
2026-07-21 23:05:00+00:00,0,0,0.03470935032993552
2026-07-21 23:10:00+00:00,0,0,0.03551726907760603
2026-07-21 23:15:00+00:00,0,0,0.03944365116606523
2026-07-21 23:20:00+00:00,0,0,0.0242219633239229
2026-07-21 23:25:00+00:00,0,0,0.02828504734112162
2026-07-21 23:30:00+00:00,0,0,0.026947780323254546
2026-07-21 23:35:00+00:00,0,0,0.03131278780671863
2026-07-21 23:40:00+00:00,0,0,0.03452616504720177
2026-07-21 23:45:00+00:00,0,0,0.04289896608184491
2026-07-21 23:50:00+00:00,0,0,0.035878630849422576
2026-07-21 23:55:00+00:00,0,0,0.11661472887891773
2026-07-22 00:00:00+00:00,1,0,0.4662515338073713
2026-07-22 00:10:00+00:00,1,1,0.670076623470457
2026-07-22 00:15:00+00:00,1,1,0.6414310324861943
2026-07-22 00:20:00+00:00,1,1,0.624365406660984
2026-07-22 00:25:00+00:00,1,0,0.465549068062602
2026-07-22 00:30:00+00:00,1,0,0.46815855477312696
2026-07-22 00:35:00+00:00,1,0,0.4348747768968368
2026-07-22 00:40:00+00:00,1,0,0.44694679262256537
2026-07-22 00:45:00+00:00,1,0,0.48223033396579357
2026-07-22 00:50:00+00:00,1,1,0.5611169581852115
2026-07-22 00:55:00+00:00,1,0,0.4929176096154685
2026-07-22 01:00:00+00:00,1,0,0.36949060925233707
2026-07-22 01:05:00+00:00,1,0,0.42226483101738266
2026-07-22 01:10:00+00:00,1,0,0.3297028056013728
2026-07-22 01:15:00+00:00,1,0,0.38347785363686626
2026-07-22 01:20:00+00:00,1,0,0.3383817081535195
2026-07-22 01:25:00+00:00,1,0,0.3519604106541644
2026-07-22 01:30:00+00:00,1,0,0.44353590983527263
2026-07-22 01:35:00+00:00,1,0,0.42416881044998755
2026-07-22 01:40:00+00:00,1,0,0.42286486669821893
2026-07-22 01:45:00+00:00,1,0,0.43044343567560484
2026-07-22 01:55:00+00:00,0,0,0.4072975603994026
2026-07-22 02:00:00+00:00,0,0,0.39067507095797455
2026-07-22 02:05:00+00:00,0,0,0.4994324520814448
2026-07-22 02:10:00+00:00,0,0,0.4081656720901691
2026-07-22 02:15:00+00:00,0,0,0.43366403376436174
2026-07-22 02:20:00+00:00,0,0,0.43397842495555256
2026-07-22 02:25:00+00:00,0,0,0.3813482282507467
2026-07-22 02:30:00+00:00,0,0,0.44818917662394847
2026-07-22 02:35:00+00:00,0,0,0.4318309032126848
2026-07-22 02:40:00+00:00,0,0,0.424595349044718
2026-07-22 02:45:00+00:00,0,0,0.4153691335711242
2026-07-22 02:50:00+00:00,0,0,0.48893113882687284
2026-07-22 02:55:00+00:00,0,0,0.46530868046990925
2026-07-22 03:00:00+00:00,1,1,0.62315293699386
2026-07-22 03:05:00+00:00,0,1,0.537877519986288
2026-07-22 03:10:00+00:00,1,1,0.6766982735327239
2026-07-22 03:15:00+00:00,1,1,0.6949568643888229
2026-07-22 03:20:00+00:00,1,1,0.6570757280358936
2026-07-22 03:25:00+00:00,1,1,0.701080566642595
2026-07-22 03:30:00+00:00,1,1,0.7165602498759502
2026-07-22 03:35:00+00:00,1,1,0.6521524026268886
2026-07-22 03:40:00+00:00,1,1,0.6524351039200921
2026-07-22 03:45:00+00:00,1,1,0.6076748650837422
2026-07-22 04:05:00+00:00,1,1,0.581319300239667
2026-07-22 04:10:00+00:00,1,1,0.5716967075892679
2026-07-22 04:15:00+00:00,1,1,0.5627938148245183
2026-07-22 04:20:00+00:00,0,1,0.5382010335683418
2026-07-22 04:25:00+00:00,0,1,0.5400146145692883
2026-07-22 04:30:00+00:00,0,1,0.5138320902480112
2026-07-22 04:35:00+00:00,0,1,0.5450839347364327
2026-07-22 04:40:00+00:00,0,1,0.5460872943699349
2026-07-22 04:45:00+00:00,0,1,0.5596710957515187
2026-07-22 04:50:00+00:00,0,1,0.5601185987642348
2026-07-22 04:55:00+00:00,0,1,0.5724554542286429
2026-07-22 05:00:00+00:00,0,1,0.5654755329986834
2026-07-22 05:10:00+00:00,0,1,0.5567380204286134
2026-07-22 05:15:00+00:00,0,1,0.5579757868631617
2026-07-22 05:25:00+00:00,1,1,0.6689990970967487
2026-07-22 05:30:00+00:00,1,1,0.6101365475641868
2026-07-22 05:35:00+00:00,1,1,0.6045516454351748
2026-07-22 05:40:00+00:00,1,1,0.6279164671742532
2026-07-22 05:45:00+00:00,1,1,0.6038507639555725
2026-07-22 05:50:00+00:00,1,1,0.6208460194511727
2026-07-22 05:55:00+00:00,1,1,0.6280105152738935
2026-07-22 06:00:00+00:00,1,1,0.631756439192245
2026-07-22 06:05:00+00:00,1,1,0.5765561813388121
2026-07-22 06:10:00+00:00,1,1,0.5768875642478575
2026-07-22 06:15:00+00:00,1,1,0.5746610860069432
2026-07-22 06:20:00+00:00,1,1,0.5633035300347333
2026-07-22 06:25:00+00:00,1,1,0.5887557636227341
2026-07-22 06:30:00+00:00,1,1,0.5851771299819242
2026-07-22 06:35:00+00:00,1,1,0.5928902246625622
2026-07-22 06:40:00+00:00,1,1,0.571622816287206
2026-07-22 06:45:00+00:00,1,1,0.5432220394667673
2026-07-22 06:55:00+00:00,1,1,0.5552934398256819
2026-07-22 07:00:00+00:00,1,0,0.49041930457642213
2026-07-22 07:10:00+00:00,0,0,0.4601246143312009
2026-07-22 07:15:00+00:00,0,0,0.4627907645275225
2026-07-22 07:20:00+00:00,0,0,0.37962816698570095
2026-07-22 07:30:00+00:00,1,0,0.4263626441631572
2026-07-22 07:45:00+00:00,0,1,0.514612481254114
2026-07-22 07:50:00+00:00,0,1,0.5235327100825794
2026-07-22 07:55:00+00:00,0,1,0.512614916600361
2026-07-22 08:00:00+00:00,0,1,0.5156499805642449
2026-07-22 08:05:00+00:00,0,1,0.503665905186986
2026-07-22 08:10:00+00:00,0,1,0.5313311675026774
2026-07-22 08:15:00+00:00,0,1,0.5471725372208361
2026-07-22 08:20:00+00:00,0,1,0.5398367164154149
2026-07-22 08:25:00+00:00,0,1,0.5337816402700607
2026-07-22 08:30:00+00:00,0,0,0.4928373039723834
2026-07-22 08:35:00+00:00,0,1,0.5121967322910066
2026-07-22 08:40:00+00:00,0,1,0.5675006361741289
2026-07-22 08:45:00+00:00,0,1,0.5683840808994614
2026-07-22 08:50:00+00:00,0,1,0.5217376324503542
2026-07-22 09:00:00+00:00,1,1,0.7503925065262245
2026-07-22 09:05:00+00:00,1,1,0.7107252290224609
2026-07-22 09:20:00+00:00,1,1,0.6895934663443558
2026-07-22 09:25:00+00:00,1,1,0.696307397641589
2026-07-22 09:30:00+00:00,0,1,0.6967097120503604
2026-07-22 09:35:00+00:00,0,1,0.653410268721661
2026-07-22 09:40:00+00:00,0,1,0.6782852958328036
2026-07-22 09:45:00+00:00,0,1,0.6524504035897026
2026-07-22 09:50:00+00:00,0,1,0.6632647406249588
2026-07-22 09:55:00+00:00,0,1,0.6937330789889659
2026-07-22 10:00:00+00:00,0,1,0.7146602896324831
2026-07-22 10:05:00+00:00,0,1,0.7123792483577399
2026-07-22 10:10:00+00:00,0,1,0.7022497384570864
2026-07-22 10:20:00+00:00,0,1,0.6746424255787252
2026-07-22 10:25:00+00:00,0,1,0.6599982487109691
2026-07-22 10:30:00+00:00,1,0,0.3888824454281778
2026-07-22 10:35:00+00:00,1,0,0.35707511818038634
2026-07-22 10:40:00+00:00,1,0,0.3458962489436039
2026-07-22 10:45:00+00:00,1,0,0.3667567398919746
2026-07-22 10:50:00+00:00,1,0,0.36853456545797764
2026-07-22 11:05:00+00:00,0,0,0.36349152729308176
2026-07-22 11:10:00+00:00,0,0,0.34273409296315266
2026-07-22 11:15:00+00:00,0,0,0.3335226353352736
2026-07-22 11:20:00+00:00,0,0,0.36161025822299836
2026-07-22 11:25:00+00:00,0,0,0.32890818492586954
2026-07-22 11:30:00+00:00,0,0,0.4558012598617741
2026-07-22 11:45:00+00:00,0,0,0.45900935252354325
2026-07-22 11:50:00+00:00,1,1,0.5183866034545745
2026-07-22 11:55:00+00:00,1,0,0.4542635864810603
2026-07-22 12:00:00+00:00,1,0,0.4514952617445971
2026-07-22 12:05:00+00:00,1,0,0.46395768081725164
2026-07-22 12:10:00+00:00,1,0,0.4653961041615019
2026-07-22 12:15:00+00:00,1,0,0.4737820437865954
2026-07-22 12:20:00+00:00,1,0,0.4650817696710954
2026-07-22 12:25:00+00:00,1,0,0.4971599335312007
2026-07-22 12:30:00+00:00,1,1,0.5057222153472324
2026-07-22 12:40:00+00:00,1,1,0.5028097634101595
2026-07-22 12:45:00+00:00,1,0,0.495511280605864
2026-07-22 12:50:00+00:00,1,1,0.5016812743343084
2026-07-22 13:00:00+00:00,0,0,0.495846856245228
2026-07-22 13:05:00+00:00,0,0,0.4767999114593185
2026-07-22 13:10:00+00:00,0,0,0.47577398379995123
2026-07-22 13:15:00+00:00,0,0,0.4950034268070302
2026-07-22 13:20:00+00:00,0,0,0.4835406677168861
2026-07-22 13:30:00+00:00,0,0,0.47168162256740004
2026-07-22 13:40:00+00:00,1,1,0.5110480890074214
2026-07-22 13:55:00+00:00,1,0,0.4949145961661691
2026-07-22 14:00:00+00:00,1,0,0.48063284894305763
2026-07-22 14:05:00+00:00,1,1,0.5159390738166286
2026-07-22 14:10:00+00:00,1,1,0.5489980596203801
2026-07-22 14:15:00+00:00,1,1,0.5110860484486635
2026-07-22 14:20:00+00:00,1,0,0.4934038840050356
2026-07-22 14:25:00+00:00,1,0,0.48795225034463985
2026-07-22 14:30:00+00:00,1,1,0.5594149162001623
2026-07-22 14:35:00+00:00,1,1,0.5373730739662506
2026-07-22 14:45:00+00:00,1,0,0.47533973022756976
2026-07-22 14:50:00+00:00,1,0,0.4908253861458167
2026-07-22 14:55:00+00:00,1,0,0.46525129834912926
2026-07-22 15:00:00+00:00,1,1,0.511114369629374
2026-07-22 15:05:00+00:00,1,1,0.5670400540040472
2026-07-22 15:10:00+00:00,1,1,0.551659921760875
2026-07-22 15:15:00+00:00,1,1,0.6376813941706411
2026-07-22 15:30:00+00:00,0,1,0.6445833634591653
2026-07-22 15:35:00+00:00,0,1,0.6426357164486418
2026-07-22 15:40:00+00:00,0,1,0.6833953853137008
2026-07-22 15:45:00+00:00,0,1,0.6423469516094084
2026-07-22 15:50:00+00:00,0,1,0.6388887311359347
2026-07-22 15:55:00+00:00,0,1,0.5610666461350287
2026-07-22 16:00:00+00:00,0,1,0.5470623416684943
2026-07-22 16:05:00+00:00,0,1,0.5142527273049242
2026-07-22 16:10:00+00:00,0,1,0.554228864221839
2026-07-22 16:15:00+00:00,0,1,0.5586520984621743
2026-07-22 16:30:00+00:00,1,1,0.6689085326774733
2026-07-22 16:35:00+00:00,1,1,0.6844580351034819
2026-07-22 16:40:00+00:00,1,1,0.6893209310910187
2026-07-22 16:45:00+00:00,1,1,0.704983603284522
2026-07-22 16:50:00+00:00,1,1,0.687757222072986
2026-07-22 16:55:00+00:00,1,1,0.7041927952877172
2026-07-22 17:00:00+00:00,1,1,0.6080965986993992
2026-07-22 17:05:00+00:00,1,1,0.6051444890046964
2026-07-22 17:10:00+00:00,1,1,0.6169750963505087
2026-07-22 17:15:00+00:00,1,1,0.6051875734419911
2026-07-22 17:20:00+00:00,1,1,0.6006081737221652
2026-07-22 17:25:00+00:00,1,1,0.5978674328689468
2026-07-22 17:30:00+00:00,1,1,0.6140515532064779
2026-07-22 17:35:00+00:00,1,1,0.6326807609947723
2026-07-22 17:40:00+00:00,1,1,0.6366414727659372
2026-07-22 17:45:00+00:00,1,1,0.6366414727659372
2026-07-22 17:50:00+00:00,1,1,0.6309935077387387
2026-07-22 17:55:00+00:00,0,1,0.5959589591389408
2026-07-22 18:00:00+00:00,0,1,0.5923818273450712
2026-07-22 18:25:00+00:00,0,1,0.5607250262200943
2026-07-22 18:30:00+00:00,0,0,0.49265610300311846
2026-07-22 18:35:00+00:00,0,0,0.48840952327242027
2026-07-22 18:45:00+00:00,1,1,0.6276951039167227
2026-07-22 18:55:00+00:00,1,1,0.6289983483085192
2026-07-22 19:00:00+00:00,1,1,0.5929226622516761
2026-07-22 19:05:00+00:00,1,1,0.5677052610961901
2026-07-22 19:10:00+00:00,1,1,0.5168250659778155
2026-07-22 19:15:00+00:00,1,1,0.5235280402166391
2026-07-22 19:20:00+00:00,1,1,0.5655762946376116
2026-07-22 19:25:00+00:00,1,1,0.5577266605214575
2026-07-22 19:30:00+00:00,1,1,0.5666442586596199
2026-07-22 19:35:00+00:00,1,1,0.503868703715817
2026-07-22 19:40:00+00:00,1,0,0.4781238952167622
2026-07-22 19:45:00+00:00,1,1,0.5458208873099151
2026-07-22 19:50:00+00:00,1,1,0.5392067533461626
2026-07-22 19:55:00+00:00,1,1,0.5689989770236343
2026-07-22 20:00:00+00:00,1,1,0.5615060977421498
2026-07-22 20:05:00+00:00,1,1,0.5131784219184068
2026-07-22 20:10:00+00:00,1,1,0.5558870976134349
2026-07-22 20:15:00+00:00,1,1,0.5310241521539628
2026-07-22 20:20:00+00:00,0,1,0.5274814577293226
2026-07-22 20:30:00+00:00,0,1,0.5349661897820767
2026-07-22 20:35:00+00:00,0,0,0.3966482960372904
2026-07-22 20:40:00+00:00,0,0,0.3532152709335924
2026-07-22 20:45:00+00:00,0,0,0.37877253768191926
2026-07-22 20:50:00+00:00,0,0,0.3009639002127845
2026-07-22 20:55:00+00:00,0,0,0.29036325948239394
2026-07-22 21:00:00+00:00,0,0,0.22941858351889283
2026-07-22 21:05:00+00:00,0,0,0.26687897355669504
2026-07-22 21:10:00+00:00,0,0,0.2823860677156418
2026-07-22 21:15:00+00:00,0,0,0.30825525356583444
2026-07-22 21:25:00+00:00,1,0,0.38882813481140016
2026-07-22 21:30:00+00:00,1,0,0.4020629468037511
2026-07-22 21:35:00+00:00,1,1,0.5184152573156606
2026-07-22 21:40:00+00:00,1,1,0.5346266509008807
2026-07-22 21:45:00+00:00,1,1,0.5187684243136597
2026-07-22 21:50:00+00:00,1,0,0.48735795826150774
2026-07-22 21:55:00+00:00,1,0,0.40383949823433796
2026-07-22 22:00:00+00:00,1,1,0.5281947747030283
2026-07-22 22:15:00+00:00,1,0,0.3237506858503287
2026-07-22 22:20:00+00:00,1,0,0.32797871579603094
2026-07-22 22:45:00+00:00,1,0,0.3330383773845535
2026-07-22 22:55:00+00:00,0,0,0.4223447225219046
2026-07-22 23:00:00+00:00,0,0,0.10755298345752753
2026-07-22 23:05:00+00:00,0,0,0.11819543340695216
2026-07-22 23:10:00+00:00,0,0,0.11940882870855608
2026-07-22 23:15:00+00:00,0,0,0.11673452518314001
2026-07-22 23:20:00+00:00,0,0,0.0873826318055074
2026-07-22 23:25:00+00:00,0,0,0.10384680664322508
2026-07-22 23:30:00+00:00,0,0,0.12549417284095887
2026-07-22 23:35:00+00:00,0,0,0.07574901465137682
2026-07-22 23:40:00+00:00,0,0,0.07574901465137682
2026-07-22 23:45:00+00:00,0,0,0.06498270072809706
2026-07-22 23:50:00+00:00,0,0,0.1058223441099268
2026-07-22 23:55:00+00:00,0,0,0.08046471095562571
2026-07-23 00:00:00+00:00,1,1,0.6490075816761691
2026-07-23 00:05:00+00:00,1,1,0.5579985707094218
2026-07-23 00:30:00+00:00,1,1,0.5701834288526206
2026-07-23 00:35:00+00:00,1,1,0.5361622412797936
2026-07-23 00:40:00+00:00,1,1,0.5954805035459902
2026-07-23 00:45:00+00:00,1,1,0.5839326342418887
2026-07-23 00:50:00+00:00,1,1,0.5379884900746643
2026-07-23 00:55:00+00:00,1,1,0.5759918434886391
2026-07-23 01:00:00+00:00,1,1,0.5318152778425095
2026-07-23 01:05:00+00:00,1,1,0.5263384476800691
2026-07-23 01:10:00+00:00,1,1,0.5537248400303673
2026-07-23 01:20:00+00:00,1,1,0.5008805283260322
2026-07-23 01:25:00+00:00,1,0,0.45285995402882295
2026-07-23 01:30:00+00:00,0,0,0.45519749826537376
2026-07-23 01:35:00+00:00,0,0,0.4233943357894793
2026-07-23 01:40:00+00:00,0,0,0.43737855792321956
2026-07-23 01:45:00+00:00,0,0,0.41303260923583435
2026-07-23 01:55:00+00:00,0,0,0.4860669813309491
2026-07-23 02:00:00+00:00,0,0,0.48331253388784406
2026-07-23 02:05:00+00:00,0,0,0.3838334493333614
2026-07-23 02:10:00+00:00,0,0,0.41258765231461725
2026-07-23 02:15:00+00:00,1,0,0.41671953445537774
2026-07-23 02:20:00+00:00,0,0,0.41715597965106804
2026-07-23 02:25:00+00:00,0,0,0.404814735416203
2026-07-23 02:45:00+00:00,1,0,0.42636280289365647
2026-07-23 02:50:00+00:00,0,0,0.41250999452954695
2026-07-23 02:55:00+00:00,0,0,0.4328813563183343
2026-07-23 03:05:00+00:00,0,0,0.4658412197421764
2026-07-23 03:10:00+00:00,0,0,0.4559641427661381
2026-07-23 03:15:00+00:00,0,0,0.43704778776954956
2026-07-23 03:20:00+00:00,0,1,0.6260567917874672
2026-07-23 03:25:00+00:00,0,1,0.5659068045147618
2026-07-23 03:30:00+00:00,0,1,0.5483701477554934
2026-07-23 03:35:00+00:00,0,1,0.5506354439920131
2026-07-23 03:40:00+00:00,0,1,0.618353229148416
2026-07-23 03:45:00+00:00,0,0,0.49875568716213786
2026-07-23 03:50:00+00:00,0,1,0.7378885751145735
2026-07-23 04:00:00+00:00,0,1,0.686196912759219
2026-07-23 04:30:00+00:00,1,1,0.7708897437006805
2026-07-23 04:35:00+00:00,1,1,0.7344520070993348
2026-07-23 04:40:00+00:00,1,1,0.7237887253853671
2026-07-23 04:45:00+00:00,1,1,0.7311093638689906
2026-07-23 04:50:00+00:00,1,1,0.7015891269336811
2026-07-23 05:05:00+00:00,1,1,0.7055331974581914
2026-07-23 05:10:00+00:00,1,1,0.6718588607062996
2026-07-23 05:25:00+00:00,0,1,0.6733071089931211
2026-07-23 05:30:00+00:00,0,1,0.6741544303919307
2026-07-23 05:35:00+00:00,0,1,0.6708603555907531
2026-07-23 05:40:00+00:00,0,1,0.5916674508253741
2026-07-23 05:45:00+00:00,0,1,0.6398504280988518
2026-07-23 05:50:00+00:00,0,1,0.5707249806555647
2026-07-23 05:55:00+00:00,0,1,0.6056181555234368
2026-07-23 06:00:00+00:00,0,1,0.5811160641101496
2026-07-23 06:05:00+00:00,0,1,0.6623770780493802
2026-07-23 06:10:00+00:00,0,1,0.5048334034904288
2026-07-23 06:25:00+00:00,0,1,0.5663671638957066
2026-07-23 06:40:00+00:00,1,1,0.7205765960038053
2026-07-23 06:45:00+00:00,1,1,0.7091943016320468
2026-07-23 06:50:00+00:00,1,1,0.7587671690772649
2026-07-23 06:55:00+00:00,1,1,0.7569128062879619
2026-07-23 07:00:00+00:00,1,1,0.5424802912089358
2026-07-23 07:05:00+00:00,1,1,0.7386645917781726
2026-07-23 07:10:00+00:00,1,1,0.5797831753214506
2026-07-23 07:15:00+00:00,1,1,0.5452638381002555
2026-07-23 07:20:00+00:00,1,1,0.5405335961749463
2026-07-23 07:25:00+00:00,1,1,0.7204786984726822
2026-07-23 07:30:00+00:00,1,1,0.5972531817331054
2026-07-23 07:35:00+00:00,1,1,0.6259147523512131
2026-07-23 07:40:00+00:00,1,1,0.5576035584909595
2026-07-23 07:45:00+00:00,1,0,0.49499793294165084
2026-07-23 07:50:00+00:00,1,1,0.5206378816973583
2026-07-23 07:55:00+00:00,1,1,0.5182134800311871
2026-07-23 08:00:00+00:00,1,1,0.5169651848596488
2026-07-23 08:05:00+00:00,1,0,0.48239550779453794
2026-07-23 08:15:00+00:00,0,1,0.5064099535299758
2026-07-23 08:20:00+00:00,0,1,0.5373178687073185
2026-07-23 08:25:00+00:00,0,1,0.5737640864030561
2026-07-23 08:30:00+00:00,0,1,0.5768168662273323
2026-07-23 08:35:00+00:00,1,1,0.5692361528791708
2026-07-23 09:00:00+00:00,1,0,0.49082832958739475
2026-07-23 09:05:00+00:00,1,1,0.5438749950947178
2026-07-23 09:10:00+00:00,1,1,0.5724907780676132
2026-07-23 09:15:00+00:00,1,1,0.5605404724157643
2026-07-23 09:20:00+00:00,1,1,0.5482304028032472
2026-07-23 09:25:00+00:00,1,1,0.5630285460289984
2026-07-23 09:30:00+00:00,1,1,0.566854991084981
2026-07-23 09:35:00+00:00,1,1,0.5383990935585942
2026-07-23 09:40:00+00:00,1,1,0.5366498390173493
2026-07-23 09:45:00+00:00,1,1,0.5271895891205972
2026-07-23 09:50:00+00:00,1,1,0.5656580351135451
2026-07-23 09:55:00+00:00,1,1,0.5053174831633455
2026-07-23 10:00:00+00:00,1,0,0.34769562828339945
2026-07-23 10:05:00+00:00,1,0,0.4760460966941579
2026-07-23 10:10:00+00:00,1,1,0.5228765080524511
2026-07-23 10:15:00+00:00,1,1,0.5607259823367259
2026-07-23 10:20:00+00:00,1,0,0.49084885114616633
2026-07-23 10:25:00+00:00,1,0,0.4311838384311042
2026-07-23 10:30:00+00:00,1,0,0.4251995993242938
2026-07-23 10:35:00+00:00,1,0,0.39196843979079016
2026-07-23 10:40:00+00:00,1,1,0.5566854348419608
2026-07-23 10:45:00+00:00,1,1,0.5102408531668042
2026-07-23 10:50:00+00:00,0,0,0.44208558365003475
2026-07-23 11:00:00+00:00,0,0,0.43501366017736215
2026-07-23 11:10:00+00:00,0,0,0.3609690488879725
2026-07-23 11:25:00+00:00,0,0,0.4353749458685668
2026-07-23 11:30:00+00:00,0,0,0.43446217073544086
2026-07-23 11:35:00+00:00,0,0,0.4949677034638299
2026-07-23 11:40:00+00:00,0,0,0.3522229696618879
2026-07-23 11:55:00+00:00,1,0,0.42655222776835067
2026-07-23 12:00:00+00:00,1,0,0.41167482524930304
2026-07-23 12:05:00+00:00,1,0,0.4043387237742042
2026-07-23 12:20:00+00:00,0,0,0.4357609472125156
2026-07-23 12:25:00+00:00,0,0,0.4528735442789725
2026-07-23 12:35:00+00:00,1,0,0.4715724454810332
2026-07-23 12:40:00+00:00,1,0,0.46867604126471657
2026-07-23 13:15:00+00:00,1,1,0.538372303882961
2026-07-23 13:20:00+00:00,1,1,0.522740123144902
2026-07-23 13:25:00+00:00,1,1,0.522740123144902
2026-07-23 13:30:00+00:00,1,1,0.5232134757722645
2026-07-23 13:35:00+00:00,1,1,0.5320311264420333
2026-07-23 13:40:00+00:00,1,1,0.5339981963588475
2026-07-23 13:45:00+00:00,1,1,0.5406410650549761
2026-07-23 13:50:00+00:00,1,1,0.532249478416968
2026-07-23 13:55:00+00:00,1,1,0.5337710396301873
2026-07-23 14:00:00+00:00,1,1,0.5387547477868438
2026-07-23 14:05:00+00:00,1,1,0.5390814418237001
2026-07-23 14:10:00+00:00,1,1,0.5627552244324421
2026-07-23 14:15:00+00:00,1,1,0.5479795327901096
2026-07-23 14:20:00+00:00,1,1,0.5291462875606079
2026-07-23 14:25:00+00:00,1,1,0.5516152887558945
2026-07-23 14:30:00+00:00,1,1,0.5877081765129445
2026-07-23 14:35:00+00:00,1,0,0.4965759665146293
2026-07-23 14:40:00+00:00,1,0,0.4477611038764677
2026-07-23 14:45:00+00:00,1,0,0.3831114118644522
2026-07-23 14:50:00+00:00,1,0,0.28391720765234096
2026-07-23 14:55:00+00:00,1,0,0.4654154681477393
2026-07-23 15:00:00+00:00,1,0,0.4744860657841253
2026-07-23 15:05:00+00:00,1,0,0.4755312475086346
2026-07-23 15:10:00+00:00,1,0,0.49780192586862815
2026-07-23 15:15:00+00:00,1,0,0.4653856771192194
2026-07-23 15:20:00+00:00,1,0,0.3754732771543932
2026-07-23 15:25:00+00:00,1,0,0.4003272663168155
2026-07-23 15:30:00+00:00,1,0,0.3929210341009446
2026-07-23 15:35:00+00:00,1,0,0.3027313769429116
2026-07-23 15:40:00+00:00,1,0,0.28459433691826724
2026-07-23 15:45:00+00:00,1,0,0.3511009658250286
2026-07-23 15:50:00+00:00,1,0,0.4025690175129016
2026-07-23 15:55:00+00:00,1,0,0.42815767534357824
2026-07-23 16:00:00+00:00,1,0,0.37819161640773047
2026-07-23 16:05:00+00:00,1,0,0.3165892065852133
2026-07-23 16:10:00+00:00,1,0,0.36616586426679965
2026-07-23 16:15:00+00:00,1,0,0.3076557008327309
2026-07-23 16:20:00+00:00,1,0,0.31260231783456727
2026-07-23 16:25:00+00:00,1,0,0.3323472419602185
2026-07-23 16:30:00+00:00,1,0,0.3414197925447343
2026-07-23 16:35:00+00:00,1,0,0.38185181335640833
2026-07-23 16:40:00+00:00,1,0,0.41416073611018345
2026-07-23 16:45:00+00:00,1,0,0.34720420087916104
2026-07-23 16:50:00+00:00,1,0,0.35858157268614077
2026-07-23 16:55:00+00:00,0,0,0.30270835669639806
2026-07-23 17:00:00+00:00,0,0,0.3397432245519289
2026-07-23 17:05:00+00:00,0,0,0.34457519778782636
2026-07-23 17:10:00+00:00,0,0,0.3999633500818007
2026-07-23 17:15:00+00:00,0,0,0.3825810991098643
2026-07-23 17:20:00+00:00,0,0,0.3865442355530445
2026-07-23 17:25:00+00:00,0,0,0.38633355284509313
2026-07-23 17:30:00+00:00,0,0,0.4094354079809033
2026-07-23 17:35:00+00:00,0,0,0.43918023935921324
2026-07-23 17:40:00+00:00,0,0,0.45895392509492533
2026-07-23 17:45:00+00:00,0,0,0.4340359237956262
2026-07-23 17:50:00+00:00,0,0,0.46383371802429624
2026-07-23 17:55:00+00:00,0,0,0.4691709966370603
2026-07-23 18:00:00+00:00,0,0,0.48245776316930844
2026-07-23 18:05:00+00:00,0,0,0.4777206327905475
2026-07-23 18:10:00+00:00,0,0,0.47124100762867294
2026-07-23 18:15:00+00:00,0,0,0.4530056837315253
2026-07-23 18:20:00+00:00,0,0,0.4959329766421104
2026-07-23 18:25:00+00:00,0,0,0.45496123355591467
2026-07-23 18:30:00+00:00,0,0,0.4659190710882463
2026-07-23 18:35:00+00:00,0,0,0.49881226113064175
2026-07-23 18:40:00+00:00,0,0,0.4999608569140272
2026-07-23 18:45:00+00:00,0,0,0.4374624228061448
2026-07-23 18:50:00+00:00,0,0,0.4702190899826371
2026-07-23 18:55:00+00:00,0,0,0.4947810573363422
2026-07-23 19:00:00+00:00,0,0,0.4632364265750215
2026-07-23 19:05:00+00:00,0,0,0.49109391327146273
2026-07-23 19:15:00+00:00,0,0,0.49660714210155654
2026-07-23 19:20:00+00:00,0,1,0.5808756527292326
2026-07-23 19:25:00+00:00,1,1,0.607171975534787
2026-07-23 19:40:00+00:00,1,1,0.6119507135189387
2026-07-23 19:45:00+00:00,1,1,0.604153556303098
2026-07-23 19:50:00+00:00,1,1,0.591564344569229
2026-07-23 19:55:00+00:00,1,1,0.5855143032996633
2026-07-23 20:00:00+00:00,1,1,0.6435965379427814
2026-07-23 20:05:00+00:00,1,1,0.6113235236315319
2026-07-23 20:10:00+00:00,1,1,0.6036752682558185
2026-07-23 20:15:00+00:00,1,1,0.6539867969035537
2026-07-23 20:20:00+00:00,1,1,0.6424406390292678
2026-07-23 20:35:00+00:00,1,1,0.6143237003735079
2026-07-23 20:45:00+00:00,0,1,0.5508258226195083
2026-07-23 20:55:00+00:00,0,0,0.45266233760923497
2026-07-23 21:00:00+00:00,0,0,0.4759008001359972
2026-07-23 21:05:00+00:00,0,0,0.46829300134554486
2026-07-23 21:10:00+00:00,1,1,0.5211431621746242
2026-07-23 21:15:00+00:00,1,1,0.5276074029580781
2026-07-23 21:20:00+00:00,1,1,0.5022492372170708
2026-07-23 21:25:00+00:00,1,1,0.6177130303170022
2026-07-23 21:30:00+00:00,1,1,0.6066635274967846
2026-07-23 21:35:00+00:00,1,0,0.49670532087307834
2026-07-23 21:40:00+00:00,1,1,0.6237515903371562
2026-07-23 21:45:00+00:00,1,0,0.473393668438709
2026-07-23 21:50:00+00:00,1,0,0.4785060040266217
2026-07-23 21:55:00+00:00,1,0,0.4946531043414592
2026-07-23 22:00:00+00:00,1,1,0.5555687226100249
2026-07-23 22:15:00+00:00,0,0,0.3203142946145177
2026-07-23 22:25:00+00:00,1,1,0.5015089253335213
2026-07-23 22:30:00+00:00,1,0,0.4649074570853712
2026-07-23 22:35:00+00:00,1,0,0.4705116413616658
2026-07-23 22:40:00+00:00,1,0,0.41599449001058114
2026-07-23 22:45:00+00:00,1,0,0.40787505722212863
2026-07-23 22:50:00+00:00,1,0,0.4294075902410135
2026-07-23 23:10:00+00:00,0,0,0.07081640998897841
2026-07-23 23:15:00+00:00,1,0,0.06818792770345308
2026-07-23 23:20:00+00:00,1,0,0.037966786765227606
2026-07-23 23:25:00+00:00,1,0,0.07181995631372551
2026-07-23 23:30:00+00:00,0,0,0.0439377782740183
2026-07-23 23:35:00+00:00,0,0,0.03774978325935252
2026-07-23 23:40:00+00:00,0,0,0.03689422523522945
2026-07-23 23:45:00+00:00,0,0,0.045886800243579086
2026-07-23 23:50:00+00:00,0,0,0.04872180564753479
2026-07-23 23:55:00+00:00,0,0,0.09231838183156678
2026-07-24 00:05:00+00:00,1,1,0.527229301422711
2026-07-24 00:10:00+00:00,1,0,0.4933243843974737
2026-07-24 00:15:00+00:00,0,0,0.48485530866843235
2026-07-24 00:20:00+00:00,0,0,0.4778723392750106
2026-07-24 00:30:00+00:00,1,1,0.5014312469605581
2026-07-24 00:35:00+00:00,1,0,0.4457152949836483
2026-07-24 00:40:00+00:00,1,1,0.6489086116739292
2026-07-24 00:45:00+00:00,1,1,0.6783575800837321
2026-07-24 00:50:00+00:00,1,1,0.6983464814333978
2026-07-24 00:55:00+00:00,1,1,0.6096916535661059
2026-07-24 01:00:00+00:00,1,0,0.4886463507036052
2026-07-24 01:05:00+00:00,1,0,0.48546838011317317
2026-07-24 01:25:00+00:00,0,1,0.5066580330453195
2026-07-24 01:30:00+00:00,0,0,0.3654539697083901
2026-07-24 01:50:00+00:00,1,0,0.3687987089524237
2026-07-24 02:00:00+00:00,1,0,0.3977973681317039
2026-07-24 02:05:00+00:00,1,0,0.4079499746399663
2026-07-24 02:10:00+00:00,1,0,0.41144621139905696
2026-07-24 02:15:00+00:00,1,0,0.4208968575917922
2026-07-24 02:20:00+00:00,1,0,0.4240542452593446
2026-07-24 02:25:00+00:00,1,1,0.5041549678367376
2026-07-24 02:30:00+00:00,1,1,0.5050663399298545
2026-07-24 02:35:00+00:00,1,0,0.3780909325059264
2026-07-24 02:40:00+00:00,1,0,0.36023480991942275
2026-07-24 02:45:00+00:00,1,0,0.34120059133783687
2026-07-24 02:50:00+00:00,1,0,0.3099046734965739
2026-07-24 02:55:00+00:00,0,0,0.4204331572070178
2026-07-24 03:05:00+00:00,0,1,0.5919416009991242
2026-07-24 03:15:00+00:00,0,1,0.5717294143991342
2026-07-24 03:20:00+00:00,0,1,0.5832467632569512
2026-07-24 03:25:00+00:00,0,1,0.5484960745550116
2026-07-24 03:30:00+00:00,0,1,0.5325177551496824
2026-07-24 03:35:00+00:00,0,1,0.5463122380425274
2026-07-24 03:40:00+00:00,0,0,0.4855700010647673
2026-07-24 03:45:00+00:00,0,1,0.5767802734283912
2026-07-24 03:50:00+00:00,0,0,0.4428797911149657
2026-07-24 03:55:00+00:00,0,1,0.6842085719672306
2026-07-24 04:00:00+00:00,0,1,0.6447706841681442
2026-07-24 04:05:00+00:00,0,1,0.6725548156007287
2026-07-24 04:10:00+00:00,0,1,0.7057213913035938
2026-07-24 04:15:00+00:00,0,1,0.648184929720735
2026-07-24 04:20:00+00:00,0,1,0.677992470645958
2026-07-24 04:25:00+00:00,0,1,0.6204861844171249
2026-07-24 04:30:00+00:00,0,1,0.6299370411061593
2026-07-24 04:40:00+00:00,1,1,0.5112556940142019
2026-07-24 04:50:00+00:00,1,1,0.6813593746500385
2026-07-24 05:00:00+00:00,1,1,0.6308980167806602
2026-07-24 05:10:00+00:00,1,1,0.6301282671410413
2026-07-24 05:15:00+00:00,1,1,0.6030416222599984
2026-07-24 05:20:00+00:00,1,1,0.5998033803332135
2026-07-24 05:25:00+00:00,1,1,0.5877676527674505
2026-07-24 05:30:00+00:00,1,1,0.6017442446798854
2026-07-24 05:35:00+00:00,1,1,0.6021653265306769
2026-07-24 05:40:00+00:00,1,1,0.5788953440091535
2026-07-24 05:45:00+00:00,1,1,0.5964154598818168
2026-07-24 05:50:00+00:00,1,1,0.5664549541326498
2026-07-24 05:55:00+00:00,1,1,0.6102358593444153
2026-07-24 06:00:00+00:00,1,1,0.5987810172230909
2026-07-24 06:10:00+00:00,0,1,0.6212464947217597
2026-07-24 06:20:00+00:00,0,1,0.5795277640769559
2026-07-24 06:25:00+00:00,0,1,0.5527721373353118
2026-07-24 06:35:00+00:00,0,1,0.5670351875707507
2026-07-24 06:40:00+00:00,1,1,0.5727447269345818
2026-07-24 06:45:00+00:00,1,1,0.5706358602243791
2026-07-24 06:50:00+00:00,1,1,0.5902183183808634
2026-07-24 06:55:00+00:00,1,1,0.6156661080460465
2026-07-24 07:00:00+00:00,1,1,0.6009783237376747
2026-07-24 07:05:00+00:00,1,1,0.5975090488891708
2026-07-24 07:20:00+00:00,0,1,0.55853609235836
2026-07-24 07:25:00+00:00,0,1,0.5606554529421002
2026-07-24 07:40:00+00:00,0,0,0.41021686286098996
2026-07-24 07:45:00+00:00,0,0,0.384660187960227
2026-07-24 07:55:00+00:00,1,0,0.4298986010466941
2026-07-24 08:00:00+00:00,0,0,0.4467546160910213
2026-07-24 08:05:00+00:00,0,0,0.49408593815317
2026-07-24 08:10:00+00:00,0,0,0.452894115169928
2026-07-24 08:15:00+00:00,0,0,0.4937954942572106
2026-07-24 08:20:00+00:00,0,0,0.49395884075149316
2026-07-24 08:25:00+00:00,0,0,0.499584079337438
2026-07-24 08:30:00+00:00,0,0,0.4681228813890622
2026-07-24 08:35:00+00:00,0,0,0.484697999382671
2026-07-24 08:40:00+00:00,0,0,0.4066539105513655
2026-07-24 08:45:00+00:00,0,1,0.5077583974008651
2026-07-24 08:50:00+00:00,0,0,0.40367274781336865
2026-07-24 08:55:00+00:00,0,0,0.421285275491535
2026-07-24 09:00:00+00:00,0,0,0.44030600173518714
2026-07-24 09:05:00+00:00,0,0,0.4552398374500418
2026-07-24 09:10:00+00:00,0,0,0.49850560819639317
2026-07-24 09:15:00+00:00,0,0,0.4760396445463331
2026-07-24 09:20:00+00:00,0,1,0.5438378153474037
2026-07-24 09:25:00+00:00,0,1,0.5483666039689415
2026-07-24 09:30:00+00:00,0,1,0.5409318982731665
2026-07-24 09:35:00+00:00,0,1,0.5440341945485004
2026-07-24 09:40:00+00:00,0,1,0.5504981632824513
2026-07-24 09:50:00+00:00,0,1,0.5727809380756287
2026-07-24 10:00:00+00:00,1,1,0.7653544522964377
2026-07-24 10:05:00+00:00,1,1,0.7532271455666595
2026-07-24 10:10:00+00:00,1,1,0.7668318368043922
2026-07-24 10:15:00+00:00,1,1,0.6708203812650844
2026-07-24 10:20:00+00:00,1,1,0.6817212688012714
2026-07-24 10:25:00+00:00,1,1,0.6945697821271453
2026-07-24 10:30:00+00:00,1,1,0.6618262157255045
2026-07-24 10:50:00+00:00,1,1,0.6019643055084858
2026-07-24 10:55:00+00:00,0,1,0.5944664341600435
2026-07-24 11:00:00+00:00,0,1,0.6087106626276662
2026-07-24 11:05:00+00:00,0,1,0.6480102436357269
2026-07-24 11:10:00+00:00,0,1,0.6543707306374994
2026-07-24 11:15:00+00:00,0,1,0.6681213198376793
2026-07-24 11:20:00+00:00,0,1,0.6676567703319357
2026-07-24 11:40:00+00:00,0,1,0.637234960117464
2026-07-24 11:45:00+00:00,0,1,0.6417011270177052
2026-07-24 11:50:00+00:00,0,1,0.6542803583060901
2026-07-24 11:55:00+00:00,0,1,0.6273650063612527
2026-07-24 12:00:00+00:00,0,1,0.6041459318474276
2026-07-24 12:15:00+00:00,0,1,0.6000505447599038
2026-07-24 12:20:00+00:00,0,1,0.6070387670461199
2026-07-24 12:25:00+00:00,0,1,0.6155650350584564
2026-07-24 12:40:00+00:00,1,1,0.6371294268058757
2026-07-24 12:45:00+00:00,1,1,0.6306473032250682
2026-07-24 12:50:00+00:00,1,1,0.6516661957108331
2026-07-24 12:55:00+00:00,1,1,0.6560730437948844
2026-07-24 13:00:00+00:00,1,1,0.6397584164325114
2026-07-24 13:05:00+00:00,1,1,0.6237303335829211
2026-07-24 13:10:00+00:00,1,1,0.5737567758377259
2026-07-24 13:15:00+00:00,1,1,0.6509947777722879
2026-07-24 13:20:00+00:00,1,1,0.6168997143965836
2026-07-24 13:25:00+00:00,1,1,0.6168997143965836
2026-07-24 13:30:00+00:00,1,1,0.6027889020039547
2026-07-24 13:35:00+00:00,1,1,0.5750013696122048
2026-07-24 13:40:00+00:00,1,1,0.5624449515759334
2026-07-24 13:45:00+00:00,1,1,0.5457734343772734
2026-07-24 13:50:00+00:00,1,1,0.5236590160905211
2026-07-24 13:55:00+00:00,1,0,0.4817540778375427
2026-07-24 14:00:00+00:00,1,1,0.6173833970666266
2026-07-24 14:05:00+00:00,1,1,0.6126152987995658
2026-07-24 14:10:00+00:00,1,1,0.6025866955263899
2026-07-24 14:15:00+00:00,1,1,0.5997287310402484
2026-07-24 14:20:00+00:00,1,1,0.6063483941375509
2026-07-24 14:25:00+00:00,1,1,0.5769487007299416
2026-07-24 14:30:00+00:00,1,1,0.6403396110733969
2026-07-24 14:35:00+00:00,1,1,0.6158616361418429
2026-07-24 14:40:00+00:00,1,0,0.43030040222141835
2026-07-24 14:45:00+00:00,1,0,0.43740637175045094
2026-07-24 14:50:00+00:00,1,0,0.43423065075529804
2026-07-24 14:55:00+00:00,1,1,0.5583988029912426
2026-07-24 15:00:00+00:00,1,1,0.5571144112738056
2026-07-24 15:05:00+00:00,1,1,0.5350629924291143
2026-07-24 15:10:00+00:00,1,1,0.517128035675498
2026-07-24 15:15:00+00:00,1,1,0.5128751203183679
2026-07-24 15:20:00+00:00,1,1,0.5136018306451093
2026-07-24 15:25:00+00:00,1,1,0.5010294888137702
2026-07-24 15:30:00+00:00,1,0,0.49790442642427346
2026-07-24 15:35:00+00:00,1,1,0.5060422947126101
2026-07-24 15:40:00+00:00,1,1,0.5127085884481164
2026-07-24 15:55:00+00:00,0,0,0.44202321088826946
2026-07-24 16:00:00+00:00,0,0,0.41723827320785783
2026-07-24 16:05:00+00:00,0,0,0.36032655034952416
2026-07-24 16:10:00+00:00,0,1,0.5686475665425402
2026-07-24 16:15:00+00:00,0,0,0.4378152277365895
2026-07-24 16:20:00+00:00,0,0,0.4476614872678783
2026-07-24 16:25:00+00:00,0,0,0.44490530455567107
2026-07-24 16:30:00+00:00,0,0,0.46289807206957545
2026-07-24 16:35:00+00:00,0,0,0.4313933299656469
2026-07-24 16:40:00+00:00,0,0,0.4435170423382711
2026-07-24 16:45:00+00:00,0,0,0.4105970773130067
2026-07-24 16:50:00+00:00,0,0,0.43591387563232065
2026-07-24 16:55:00+00:00,0,1,0.7263097485845669
2026-07-24 17:00:00+00:00,0,1,0.7051757340476694
2026-07-24 17:05:00+00:00,0,1,0.6587313018820219
2026-07-24 17:10:00+00:00,0,1,0.6318667577339383
2026-07-24 17:15:00+00:00,0,1,0.6710603601759616
2026-07-24 17:20:00+00:00,0,1,0.6974915687809515
2026-07-24 17:25:00+00:00,0,1,0.6887204313427342
2026-07-24 17:30:00+00:00,0,1,0.7137422231864412
2026-07-24 17:35:00+00:00,0,1,0.6887776308574166
2026-07-24 17:40:00+00:00,0,1,0.7043662198440777
2026-07-24 17:45:00+00:00,1,1,0.7728451553073382
2026-07-24 17:55:00+00:00,0,1,0.6879133535145616
2026-07-24 18:00:00+00:00,0,1,0.689412798777698
2026-07-24 18:05:00+00:00,0,1,0.7219372905690705
2026-07-24 18:10:00+00:00,1,1,0.6533279284481439
2026-07-24 18:15:00+00:00,1,1,0.6299563960854923
2026-07-24 18:20:00+00:00,1,1,0.6369716078391099
2026-07-24 18:25:00+00:00,1,1,0.620462205034685
2026-07-24 18:35:00+00:00,1,1,0.6453171492769115
2026-07-24 18:40:00+00:00,1,1,0.6499581592104157
2026-07-24 18:45:00+00:00,1,1,0.5923133352116016
2026-07-24 18:50:00+00:00,1,1,0.5867351466372003
2026-07-24 18:55:00+00:00,1,1,0.631104550979055
2026-07-24 19:00:00+00:00,1,1,0.6764471720278644
2026-07-24 19:05:00+00:00,1,1,0.6699929670739544
2026-07-24 19:10:00+00:00,1,1,0.6846864616693652
2026-07-24 19:15:00+00:00,1,1,0.7061382602894394
2026-07-24 19:20:00+00:00,1,1,0.6984839484815918
2026-07-24 19:25:00+00:00,1,1,0.6332052497890686
2026-07-24 19:30:00+00:00,1,1,0.7041596490599293
2026-07-24 19:35:00+00:00,1,1,0.6826395497996315
2026-07-24 19:40:00+00:00,1,1,0.6633637089365105
2026-07-24 19:45:00+00:00,1,1,0.6506024507695924
2026-07-24 19:50:00+00:00,1,1,0.6163501680580346
2026-07-24 19:55:00+00:00,1,1,0.6962926947262489
2026-07-24 20:00:00+00:00,1,1,0.6705364999353658
2026-07-24 20:05:00+00:00,1,1,0.6010299970601467
2026-07-24 20:15:00+00:00,0,0,0.4881107574927445
2026-07-24 20:25:00+00:00,1,1,0.5804229895012678
2026-07-24 20:30:00+00:00,1,0,0.44528810474689895
2026-07-24 20:35:00+00:00,1,0,0.4155307542427241
2026-07-24 20:40:00+00:00,1,0,0.49807894270842634
2026-07-24 20:45:00+00:00,1,0,0.4350618234083584
2026-07-24 20:50:00+00:00,1,0,0.49598797778048015
2026-07-24 20:55:00+00:00,1,0,0.4995385440887402
2026-07-24 21:00:00+00:00,1,1,0.5041459269948431
2026-07-24 21:05:00+00:00,1,0,0.49834084781036664
2026-07-24 21:10:00+00:00,1,0,0.43913690722086274
2026-07-24 21:15:00+00:00,1,1,0.5175721794492767
2026-07-24 21:20:00+00:00,1,0,0.39718077290648696
2026-07-24 21:25:00+00:00,1,0,0.3910694104755828
2026-07-24 21:35:00+00:00,0,0,0.3688189808395491
2026-07-24 21:40:00+00:00,0,0,0.46531677935632887
2026-07-24 21:45:00+00:00,0,0,0.38115754797753615
2026-07-24 21:55:00+00:00,1,0,0.41058574499627604
2026-07-24 22:00:00+00:00,1,0,0.4554099188415427
2026-07-24 22:05:00+00:00,1,0,0.45401029716930463
2026-07-24 22:10:00+00:00,1,0,0.44740116366646837
2026-07-24 22:15:00+00:00,1,0,0.3687964589511759
2026-07-24 22:20:00+00:00,1,0,0.36130318481060536
2026-07-24 22:25:00+00:00,1,0,0.3632900198809036
2026-07-24 22:30:00+00:00,1,0,0.37315365125580374
2026-07-24 22:35:00+00:00,1,0,0.3870234298318614
2026-07-24 22:40:00+00:00,1,0,0.4188258350948398
2026-07-24 22:45:00+00:00,1,0,0.3993196593666422
2026-07-24 22:50:00+00:00,1,0,0.3810408639069339
2026-07-24 23:00:00+00:00,0,1,0.506547581186432
2026-07-24 23:05:00+00:00,0,1,0.50573760270229
2026-07-24 23:10:00+00:00,0,1,0.521702914541562
2026-07-24 23:15:00+00:00,0,0,0.4864894358700917
2026-07-24 23:20:00+00:00,0,1,0.521702914541562
2026-07-24 23:25:00+00:00,0,0,0.49273966576475603
2026-07-24 23:30:00+00:00,0,0,0.4541028980889723
2026-07-24 23:35:00+00:00,0,0,0.4800704148643196
2026-07-24 23:40:00+00:00,0,1,0.5373332176248184
2026-07-24 23:45:00+00:00,0,1,0.5566395766757772
2026-07-24 23:50:00+00:00,0,0,0.4562020060665232
2026-07-24 23:55:00+00:00,0,1,0.5689268489264806
2026-07-27 00:00:00+00:00,1,1,0.9172520636652173
2026-07-27 00:05:00+00:00,1,1,0.9201282584180851
2026-07-27 00:10:00+00:00,1,1,0.8940085637653165
2026-07-27 00:15:00+00:00,1,1,0.6557233198911889
2026-07-27 00:20:00+00:00,1,0,0.42588992090031685
2026-07-27 00:30:00+00:00,1,1,0.7178831730393205
2026-07-27 00:35:00+00:00,1,1,0.6091029640238648
2026-07-27 00:40:00+00:00,1,1,0.5373973240582687
2026-07-27 00:45:00+00:00,1,0,0.3303831687269183
2026-07-27 00:50:00+00:00,1,1,0.5962371597466204
2026-07-27 00:55:00+00:00,1,1,0.5562040894812129
2026-07-27 01:00:00+00:00,1,0,0.16945139522502264
2026-07-27 01:05:00+00:00,1,0,0.19322225795100856
2026-07-27 01:10:00+00:00,1,0,0.1434771073711092
2026-07-27 01:15:00+00:00,1,0,0.10894603185470299
2026-07-27 01:35:00+00:00,0,0,0.261556868788963
2026-07-27 01:40:00+00:00,0,0,0.2521883761972812
2026-07-27 01:45:00+00:00,0,0,0.2490605762926623
2026-07-27 01:50:00+00:00,0,0,0.22998949064388235
2026-07-27 01:55:00+00:00,0,0,0.24630802634546817
2026-07-27 02:00:00+00:00,0,0,0.2114271122557522
2026-07-27 02:05:00+00:00,0,0,0.20134616455382917
2026-07-27 02:10:00+00:00,0,0,0.22068447849020675
2026-07-27 02:15:00+00:00,0,0,0.19408767966827764
2026-07-27 02:20:00+00:00,0,0,0.251078299383213
2026-07-27 02:25:00+00:00,0,0,0.2377490516576363
2026-07-27 02:30:00+00:00,0,0,0.2866864637892966
2026-07-27 02:35:00+00:00,0,0,0.33991875284154316
2026-07-27 02:40:00+00:00,0,0,0.3965652984707374
2026-07-27 02:45:00+00:00,0,0,0.35665823931291474
2026-07-27 02:50:00+00:00,0,0,0.3530924041759225
2026-07-27 02:55:00+00:00,1,0,0.3841952160926377
2026-07-27 03:00:00+00:00,1,0,0.3460020552351586
2026-07-27 03:10:00+00:00,1,0,0.2842225820593721
2026-07-27 03:15:00+00:00,1,0,0.2732111878959691
2026-07-27 03:25:00+00:00,1,0,0.29877129975732064
2026-07-27 03:30:00+00:00,1,0,0.27280360372004103
2026-07-27 03:40:00+00:00,0,0,0.2743581052173441
2026-07-27 03:45:00+00:00,0,0,0.25125682488495976
2026-07-27 03:50:00+00:00,0,0,0.2394419486232895
2026-07-27 03:55:00+00:00,0,0,0.223469414564221
2026-07-27 04:00:00+00:00,0,0,0.2526492815098961
2026-07-27 04:05:00+00:00,0,0,0.279226850434564
2026-07-27 04:10:00+00:00,0,0,0.2924447344580092
2026-07-27 04:15:00+00:00,0,0,0.3065288095209762
2026-07-27 04:20:00+00:00,0,0,0.28915775791894266
2026-07-27 04:25:00+00:00,0,0,0.2519841945864034
2026-07-27 04:30:00+00:00,0,0,0.32039428957275723
2026-07-27 04:35:00+00:00,0,0,0.3175955276701429
2026-07-27 04:40:00+00:00,0,0,0.27908615047025137
2026-07-27 04:55:00+00:00,1,0,0.3984541236033379
2026-07-27 05:00:00+00:00,1,0,0.3138008980798935
2026-07-27 05:05:00+00:00,1,0,0.29286941322253485
2026-07-27 05:10:00+00:00,1,0,0.32220546653924437
2026-07-27 05:15:00+00:00,1,0,0.3516721802929882
2026-07-27 05:20:00+00:00,1,0,0.38638962050422854
2026-07-27 05:25:00+00:00,1,0,0.3720408251705839
2026-07-27 05:30:00+00:00,1,0,0.3430339638612868
2026-07-27 05:35:00+00:00,1,0,0.3408641476935968
2026-07-27 05:40:00+00:00,1,0,0.3361510678975428
2026-07-27 05:45:00+00:00,1,0,0.30049353605274653
2026-07-27 05:50:00+00:00,1,0,0.33881235993045267
2026-07-27 06:10:00+00:00,0,0,0.4160124303099593
2026-07-27 06:15:00+00:00,0,0,0.3895141723737462
2026-07-27 06:20:00+00:00,0,0,0.3589416274579071
2026-07-27 06:25:00+00:00,0,0,0.36531719412164637
2026-07-27 06:30:00+00:00,0,0,0.36729386653441715
2026-07-27 06:40:00+00:00,0,0,0.46717864857260355
2026-07-27 06:50:00+00:00,1,0,0.39875789314853166
2026-07-27 07:00:00+00:00,1,0,0.3830260657192322
2026-07-27 07:05:00+00:00,1,0,0.4048331076941362
2026-07-27 07:15:00+00:00,1,1,0.527989431089087
2026-07-27 07:20:00+00:00,1,1,0.5437523894440776
2026-07-27 07:25:00+00:00,0,0,0.4450054065537573
2026-07-27 07:30:00+00:00,0,0,0.47648136856451434
2026-07-27 07:35:00+00:00,0,0,0.3643502808679579
2026-07-27 07:45:00+00:00,1,0,0.3904136943918926
2026-07-27 07:55:00+00:00,1,1,0.5238456031834627
2026-07-27 08:00:00+00:00,0,0,0.385650314089434
2026-07-27 08:05:00+00:00,0,0,0.460561116540514
2026-07-27 08:10:00+00:00,0,1,0.5834690380832366
2026-07-27 08:15:00+00:00,0,0,0.45299980169228365
2026-07-27 08:20:00+00:00,0,0,0.4600920280409023
2026-07-27 08:30:00+00:00,1,1,0.5306019130514298
2026-07-27 08:35:00+00:00,0,1,0.5510258030496004
2026-07-27 08:40:00+00:00,0,0,0.38784587253851077
2026-07-27 08:45:00+00:00,0,0,0.3779055975116999
2026-07-27 08:50:00+00:00,0,0,0.3193540779749704
2026-07-27 08:55:00+00:00,0,0,0.35972033356522476
2026-07-27 09:00:00+00:00,0,1,0.506115369678656
2026-07-27 09:05:00+00:00,0,1,0.5345655456283039
2026-07-27 09:10:00+00:00,0,1,0.5664033664161365
2026-07-27 09:15:00+00:00,0,0,0.46088583141283523
2026-07-27 09:20:00+00:00,0,0,0.4234619499225436
2026-07-27 09:25:00+00:00,0,0,0.4612780719323753
2026-07-27 09:30:00+00:00,0,0,0.44786199053858916
2026-07-27 09:35:00+00:00,0,1,0.5146750693174974
2026-07-27 09:40:00+00:00,0,1,0.5392666479744712
2026-07-27 09:45:00+00:00,0,1,0.5300904615939139
2026-07-27 09:50:00+00:00,0,1,0.5358387308486022
2026-07-27 10:10:00+00:00,1,1,0.6185212507404823
2026-07-27 10:15:00+00:00,1,1,0.5793940190556421
2026-07-27 10:20:00+00:00,1,0,0.41600741171969213
2026-07-27 10:25:00+00:00,1,0,0.3052314039791344
2026-07-27 10:30:00+00:00,1,0,0.28660590898907423
2026-07-27 10:35:00+00:00,1,0,0.2724102093066051
2026-07-27 10:40:00+00:00,1,0,0.28778842949426736
2026-07-27 10:45:00+00:00,1,0,0.27318087651230094
2026-07-27 10:50:00+00:00,1,0,0.36744552127198166
2026-07-27 11:00:00+00:00,0,0,0.36808662273962
2026-07-27 11:10:00+00:00,1,0,0.44693250087343595
2026-07-27 11:15:00+00:00,1,1,0.5032654164136091
2026-07-27 11:20:00+00:00,1,0,0.379838801472508
2026-07-27 11:25:00+00:00,1,0,0.34698305748510583
2026-07-27 11:30:00+00:00,1,0,0.3208908742048072
2026-07-27 11:35:00+00:00,1,0,0.34211333625089574
2026-07-27 11:40:00+00:00,1,0,0.31217037257205876
2026-07-27 11:50:00+00:00,1,0,0.3416961538037225
2026-07-27 11:55:00+00:00,1,0,0.34258895510612847
2026-07-27 12:00:00+00:00,1,0,0.3569878659249916
2026-07-27 12:05:00+00:00,1,0,0.38293548132468086
2026-07-27 12:15:00+00:00,0,0,0.24842930009184752
2026-07-27 12:20:00+00:00,0,0,0.21807952790490526
2026-07-27 12:25:00+00:00,0,0,0.2147396488071758
2026-07-27 12:30:00+00:00,0,0,0.21801769023510564
2026-07-27 12:45:00+00:00,1,0,0.2752481623789696
2026-07-27 12:50:00+00:00,1,0,0.2893621754984382
2026-07-27 12:55:00+00:00,1,0,0.2630850503970393
2026-07-27 13:00:00+00:00,1,0,0.30424201873972695
2026-07-27 13:05:00+00:00,1,0,0.2882881854794006
2026-07-27 13:10:00+00:00,1,0,0.30459643727195757
2026-07-27 13:15:00+00:00,1,0,0.31838005100631495
2026-07-27 13:20:00+00:00,1,0,0.32273993602648676
2026-07-27 13:25:00+00:00,1,0,0.3160949948008113
2026-07-27 13:30:00+00:00,1,0,0.32108593953613285
2026-07-27 13:35:00+00:00,1,0,0.30444244150800215
2026-07-27 13:40:00+00:00,1,0,0.33352934292575653
2026-07-27 13:45:00+00:00,1,0,0.33215195337538267
2026-07-27 13:50:00+00:00,1,0,0.30603848706471026
2026-07-27 13:55:00+00:00,1,0,0.3176506348749437
2026-07-27 14:00:00+00:00,1,0,0.32586762566042915
2026-07-27 14:10:00+00:00,1,0,0.30541816762701807
2026-07-27 14:15:00+00:00,1,0,0.38829787361004575
2026-07-27 14:20:00+00:00,1,0,0.35387766352052313
2026-07-27 14:25:00+00:00,1,0,0.3037069064904266
2026-07-27 14:30:00+00:00,1,0,0.40640144090299357
2026-07-27 14:35:00+00:00,1,0,0.3867841599978764
2026-07-27 14:40:00+00:00,1,0,0.3880260864295678
2026-07-27 14:45:00+00:00,1,0,0.35354855708782706
2026-07-27 14:50:00+00:00,1,0,0.33636577688677793
2026-07-27 14:55:00+00:00,1,0,0.3100837891689909
2026-07-27 15:00:00+00:00,1,0,0.3203261568086293
2026-07-27 15:05:00+00:00,1,0,0.3608208960879649
2026-07-27 15:10:00+00:00,0,0,0.32770450227143477
2026-07-27 15:15:00+00:00,1,0,0.32033378882680735
2026-07-27 15:20:00+00:00,1,0,0.32033378882680735
2026-07-27 15:25:00+00:00,1,0,0.3175688344265379
2026-07-27 15:30:00+00:00,1,0,0.326193064397982
2026-07-27 15:35:00+00:00,1,0,0.26659521485331933
2026-07-27 15:40:00+00:00,1,0,0.3130634639145171
2026-07-27 15:50:00+00:00,1,0,0.324944706639889
2026-07-27 15:55:00+00:00,1,0,0.30929206870480475
2026-07-27 16:00:00+00:00,1,0,0.3119199539213784
2026-07-27 16:05:00+00:00,1,0,0.41337013441872433
2026-07-27 16:10:00+00:00,1,0,0.40528004862980754
2026-07-27 16:15:00+00:00,1,0,0.39804413940740957
2026-07-27 16:20:00+00:00,1,0,0.3947282962166933
2026-07-27 16:25:00+00:00,1,0,0.3069357624247254
2026-07-27 16:30:00+00:00,1,0,0.3523030497478618
2026-07-27 16:35:00+00:00,1,0,0.3396131983320282
2026-07-27 16:40:00+00:00,1,0,0.31769693003917776
2026-07-27 16:45:00+00:00,1,0,0.3195639488940638
2026-07-27 16:50:00+00:00,1,0,0.3205729578886921
2026-07-27 16:55:00+00:00,0,0,0.3467823484178021
2026-07-27 17:00:00+00:00,0,0,0.2820164702906548
2026-07-27 17:05:00+00:00,0,0,0.24853599578890273
2026-07-27 17:10:00+00:00,0,0,0.3394067397301817
2026-07-27 17:15:00+00:00,0,0,0.26331115425196655
2026-07-27 17:20:00+00:00,0,0,0.26635962830938703
2026-07-27 17:25:00+00:00,0,0,0.2254215301994668
2026-07-27 17:30:00+00:00,0,0,0.25626927899723007
2026-07-27 17:35:00+00:00,0,0,0.35995336739696954
2026-07-27 17:40:00+00:00,0,0,0.2714376315943316
2026-07-27 17:45:00+00:00,0,0,0.3568679712199424
2026-07-27 17:50:00+00:00,0,0,0.2787821793289931
2026-07-27 18:10:00+00:00,0,0,0.4501190822148078
2026-07-27 18:15:00+00:00,0,1,0.529240795434509
2026-07-27 18:25:00+00:00,0,1,0.553489545650798
2026-07-27 18:30:00+00:00,0,1,0.5123481153315274
2026-07-27 18:35:00+00:00,0,1,0.5156123527779902
2026-07-27 18:40:00+00:00,0,1,0.5127199236140145
2026-07-27 18:45:00+00:00,0,1,0.5404775651029654
2026-07-27 18:50:00+00:00,0,1,0.5404775651029654
2026-07-27 18:55:00+00:00,0,0,0.4162262767478163
2026-07-27 19:00:00+00:00,0,0,0.4728329888000863
2026-07-27 19:05:00+00:00,0,0,0.4712581734237488
2026-07-27 19:15:00+00:00,1,1,0.5677472138715327
2026-07-27 19:20:00+00:00,1,1,0.5352830961541737
2026-07-27 19:25:00+00:00,1,1,0.632619986296345
2026-07-27 19:30:00+00:00,1,1,0.6650319851184373
2026-07-27 19:35:00+00:00,1,1,0.6354760227725118
2026-07-27 19:40:00+00:00,1,1,0.5617764792347301
2026-07-27 19:45:00+00:00,1,1,0.5048202436044855
2026-07-27 19:50:00+00:00,1,1,0.5300559859596143
2026-07-27 19:55:00+00:00,1,1,0.5576484887188152
2026-07-27 20:00:00+00:00,1,0,0.4301197617320111
2026-07-27 20:05:00+00:00,1,0,0.4230640654403241
2026-07-27 20:10:00+00:00,1,0,0.419156037614338
2026-07-27 20:20:00+00:00,1,0,0.3886430172982504
2026-07-27 20:25:00+00:00,1,0,0.4208538273566346
2026-07-27 20:30:00+00:00,1,0,0.44927740101089236
2026-07-27 20:35:00+00:00,1,0,0.26436024170563305
2026-07-27 20:40:00+00:00,1,0,0.23496234347300982
2026-07-27 20:45:00+00:00,1,0,0.25584649165853207
2026-07-27 20:50:00+00:00,1,0,0.2680555821438401
2026-07-27 20:55:00+00:00,1,0,0.2338105366303272
2026-07-27 21:00:00+00:00,1,0,0.4606404519595083
2026-07-27 21:05:00+00:00,1,0,0.4616042496439645
2026-07-27 21:10:00+00:00,1,0,0.4556832984710344
2026-07-27 21:15:00+00:00,1,0,0.4498062249642047
2026-07-27 21:20:00+00:00,1,0,0.29599632592208386
2026-07-27 21:30:00+00:00,0,0,0.31637778807816597
2026-07-27 21:35:00+00:00,0,0,0.3453050584031961
2026-07-27 21:40:00+00:00,0,0,0.3315168947277842
2026-07-27 21:45:00+00:00,0,0,0.3083081205739377
2026-07-27 21:50:00+00:00,0,0,0.2736630507594241
2026-07-27 21:55:00+00:00,0,0,0.32928334303652995
2026-07-27 22:00:00+00:00,0,0,0.23912564809031686
2026-07-27 22:05:00+00:00,0,0,0.27112374091067754
2026-07-27 22:10:00+00:00,0,0,0.2752079255103605
2026-07-27 22:15:00+00:00,0,0,0.3089667102986252
2026-07-27 22:20:00+00:00,0,0,0.20572209460502108
2026-07-27 22:25:00+00:00,1,0,0.36870842396869175
2026-07-27 22:30:00+00:00,1,0,0.30730150168766357
2026-07-27 22:35:00+00:00,1,0,0.31491914787737757
2026-07-27 22:40:00+00:00,1,0,0.30426550627518434
2026-07-27 22:45:00+00:00,1,0,0.2632678482409968
2026-07-27 22:50:00+00:00,1,0,0.23599578063451235
2026-07-27 22:55:00+00:00,0,0,0.2796323892228042
2026-07-27 23:00:00+00:00,0,0,0.09954640270488281
2026-07-27 23:05:00+00:00,0,0,0.07277271167227106
2026-07-27 23:10:00+00:00,0,0,0.07735993771572167
2026-07-27 23:15:00+00:00,0,0,0.09090122875125031
2026-07-27 23:20:00+00:00,0,0,0.09394155211989126
2026-07-27 23:25:00+00:00,0,0,0.09827841658069461
2026-07-27 23:30:00+00:00,0,0,0.05731475566704977
2026-07-27 23:35:00+00:00,0,0,0.07170870711380123
2026-07-27 23:40:00+00:00,0,0,0.07486246397157902
2026-07-27 23:45:00+00:00,0,0,0.05555656109323763
2026-07-27 23:50:00+00:00,0,0,0.08377651140303094
2026-07-27 23:55:00+00:00,0,0,0.11031137305778876
2026-07-28 00:00:00+00:00,1,1,0.6692216497356419
2026-07-28 00:05:00+00:00,1,1,0.7866805725693166
2026-07-28 00:10:00+00:00,1,1,0.8420890999174676
2026-07-28 00:15:00+00:00,1,1,0.761208010131186
2026-07-28 00:20:00+00:00,1,1,0.769640290688892
2026-07-28 00:25:00+00:00,1,1,0.7847861350429548
2026-07-28 00:30:00+00:00,1,1,0.7979008945115206
2026-07-28 00:35:00+00:00,1,1,0.8493550391213364
2026-07-28 00:40:00+00:00,1,1,0.8132981468509803
2026-07-28 00:45:00+00:00,1,1,0.806591713971655
2026-07-28 00:50:00+00:00,1,1,0.8563509756183931
2026-07-28 00:55:00+00:00,1,1,0.7738435343430096
2026-07-28 01:10:00+00:00,0,0,0.4757979077816945
2026-07-28 01:15:00+00:00,0,0,0.4672341672333736
2026-07-28 01:20:00+00:00,0,0,0.4644552775891811
2026-07-28 01:25:00+00:00,0,0,0.4489887142418039
2026-07-28 01:30:00+00:00,1,1,0.5114468806256223
2026-07-28 01:45:00+00:00,1,1,0.501905143507305
2026-07-28 01:50:00+00:00,1,0,0.4764067239529815
2026-07-28 01:55:00+00:00,1,0,0.49890285393562694
2026-07-28 02:00:00+00:00,1,0,0.4664805726317177
2026-07-28 02:05:00+00:00,1,0,0.4587365742143644
2026-07-28 02:10:00+00:00,1,0,0.4822175215391009
2026-07-28 02:15:00+00:00,1,0,0.4861744817750325
2026-07-28 02:20:00+00:00,1,0,0.4412994042323814
2026-07-28 02:25:00+00:00,1,0,0.4997808177642191
2026-07-28 02:30:00+00:00,1,0,0.4879160939055118
2026-07-28 02:35:00+00:00,1,0,0.46076248383116875
2026-07-28 02:40:00+00:00,1,0,0.477509292734907
2026-07-28 02:45:00+00:00,1,0,0.4016495561719448
2026-07-28 02:50:00+00:00,0,0,0.3572476675463365
2026-07-28 02:55:00+00:00,0,0,0.48013498242490427
2026-07-28 03:00:00+00:00,0,0,0.36195203250269326
2026-07-28 03:05:00+00:00,0,0,0.419564899189048
2026-07-28 03:10:00+00:00,0,0,0.3457867235901156
2026-07-28 03:15:00+00:00,0,0,0.4290978136790231
2026-07-28 03:20:00+00:00,0,0,0.41699544032525143
2026-07-28 03:25:00+00:00,0,0,0.41647561055504473
2026-07-28 03:30:00+00:00,0,0,0.43453682858552434
2026-07-28 03:35:00+00:00,0,0,0.44569728670102177
2026-07-28 03:55:00+00:00,1,1,0.5943496482292896
2026-07-28 04:00:00+00:00,1,1,0.6035859662730296
2026-07-28 04:05:00+00:00,1,1,0.6151002973387041
2026-07-28 04:10:00+00:00,1,1,0.5987627162701386
2026-07-28 04:15:00+00:00,1,1,0.6382772875295595
2026-07-28 04:40:00+00:00,0,1,0.5769007021274356
2026-07-28 04:45:00+00:00,0,1,0.5630356357215094
2026-07-28 04:50:00+00:00,0,1,0.5517575817005561
2026-07-28 04:55:00+00:00,0,1,0.5630356357215094
2026-07-28 05:00:00+00:00,0,1,0.6145390155628645
2026-07-28 05:05:00+00:00,0,1,0.5586371080604505
2026-07-28 05:10:00+00:00,0,0,0.4547044239329546
2026-07-28 05:15:00+00:00,0,1,0.5319424740920662
2026-07-28 05:20:00+00:00,0,1,0.5350672398339326
2026-07-28 05:25:00+00:00,0,1,0.5528818964542142
2026-07-28 05:30:00+00:00,0,0,0.4791398489751287
2026-07-28 05:35:00+00:00,0,0,0.482784036280648
2026-07-28 05:40:00+00:00,1,1,0.5529291409894441
2026-07-28 05:45:00+00:00,1,1,0.5738961789222987
2026-07-28 05:50:00+00:00,1,1,0.7006352289819457
2026-07-28 05:55:00+00:00,1,1,0.6123815256710722
2026-07-28 06:00:00+00:00,1,1,0.6148298061920809
2026-07-28 06:05:00+00:00,1,1,0.6226311106855149
2026-07-28 06:10:00+00:00,1,1,0.592300819760685
2026-07-28 06:15:00+00:00,1,1,0.5978148029228971
2026-07-28 06:20:00+00:00,1,0,0.4928045792830346
2026-07-28 06:25:00+00:00,1,1,0.5992889927737418
2026-07-28 06:30:00+00:00,1,1,0.6042320399552223
2026-07-28 06:35:00+00:00,1,1,0.5222842874495568
2026-07-28 06:45:00+00:00,0,0,0.4782223033433353
2026-07-28 06:55:00+00:00,0,0,0.4833103078623161
2026-07-28 07:00:00+00:00,0,1,0.5172992843305613
2026-07-28 07:05:00+00:00,0,0,0.49872178949529267
2026-07-28 07:20:00+00:00,0,0,0.4996258527014322
2026-07-28 07:25:00+00:00,0,1,0.5321414448645517
2026-07-28 07:30:00+00:00,0,1,0.5920478134411172
2026-07-28 07:35:00+00:00,0,1,0.5107209169403587
2026-07-28 07:40:00+00:00,0,1,0.506316416955478
2026-07-28 07:50:00+00:00,0,1,0.5394113323433062
2026-07-28 07:55:00+00:00,0,1,0.598715879255215
2026-07-28 08:00:00+00:00,0,1,0.6011775596766624
2026-07-28 08:05:00+00:00,0,0,0.49446674445551403
2026-07-28 08:10:00+00:00,0,1,0.5833099436336625
2026-07-28 08:15:00+00:00,0,0,0.4959954500178246
2026-07-28 08:20:00+00:00,0,1,0.5096771123826593
2026-07-28 08:25:00+00:00,0,1,0.5993570886425077
2026-07-28 08:30:00+00:00,0,1,0.5547505027669246
2026-07-28 08:35:00+00:00,0,1,0.5647085998407738
2026-07-28 08:40:00+00:00,0,1,0.5346325805620944
2026-07-28 08:45:00+00:00,0,0,0.4943373359752758
2026-07-28 08:50:00+00:00,0,1,0.6105781328510528
2026-07-28 08:55:00+00:00,0,1,0.6035271593929722
2026-07-28 09:10:00+00:00,1,1,0.6832211107452826
2026-07-28 09:15:00+00:00,1,1,0.6010655534890831
2026-07-28 09:20:00+00:00,1,1,0.6824388812439156
2026-07-28 09:25:00+00:00,1,1,0.6710867389560147
2026-07-28 09:30:00+00:00,1,1,0.6972869952611557
2026-07-28 09:35:00+00:00,1,1,0.6599067154852657
2026-07-28 09:40:00+00:00,1,1,0.6890454274977464
2026-07-28 09:45:00+00:00,1,1,0.6678746892394519
2026-07-28 09:50:00+00:00,1,1,0.6928138788934476
2026-07-28 09:55:00+00:00,1,1,0.6808668180023094
2026-07-28 10:00:00+00:00,1,1,0.6843448224449065
2026-07-28 10:05:00+00:00,1,1,0.6444111285683982
2026-07-28 10:10:00+00:00,1,1,0.6668579788377207
2026-07-28 10:15:00+00:00,1,1,0.6415552232594127
2026-07-28 10:20:00+00:00,1,1,0.6677970250735541
2026-07-28 10:25:00+00:00,1,1,0.6345730052143
2026-07-28 10:30:00+00:00,1,1,0.6345730052143
2026-07-28 10:35:00+00:00,1,1,0.6292828297928528
2026-07-28 10:40:00+00:00,1,1,0.6174313304323973
2026-07-28 10:45:00+00:00,1,1,0.5872607951967519
2026-07-28 10:50:00+00:00,1,1,0.5946671585073648
2026-07-28 10:55:00+00:00,1,1,0.5912367117754967
2026-07-28 11:00:00+00:00,1,1,0.5134858913811573
2026-07-28 11:05:00+00:00,1,0,0.47798749460995166
2026-07-28 11:10:00+00:00,1,0,0.43660495885379697
2026-07-28 11:25:00+00:00,0,0,0.4119505898361812
2026-07-28 11:30:00+00:00,1,0,0.47773475135024507
2026-07-28 11:45:00+00:00,1,0,0.48319090143220433
2026-07-28 11:50:00+00:00,1,0,0.45637010377885406
2026-07-28 11:55:00+00:00,1,0,0.4309411452639322
2026-07-28 12:00:00+00:00,1,0,0.3780282870776432
2026-07-28 12:05:00+00:00,1,0,0.37315716737239446
2026-07-28 12:10:00+00:00,1,0,0.3780282870776432
2026-07-28 12:15:00+00:00,1,0,0.3647003564621348
2026-07-28 12:20:00+00:00,1,0,0.3182976777460188
2026-07-28 12:25:00+00:00,1,0,0.31249339493938566
2026-07-28 12:30:00+00:00,1,0,0.3094295387528543
2026-07-28 12:35:00+00:00,1,0,0.31297658502521347
2026-07-28 12:40:00+00:00,1,0,0.31092388520649566
2026-07-28 12:45:00+00:00,1,0,0.31351214733527805
2026-07-28 12:50:00+00:00,1,0,0.3031993895914987
2026-07-28 12:55:00+00:00,1,0,0.3113589525529048
2026-07-28 13:00:00+00:00,1,0,0.30399607225180303
2026-07-28 13:05:00+00:00,1,0,0.3111051651059062
2026-07-28 13:10:00+00:00,1,0,0.31193232082190114
2026-07-28 13:20:00+00:00,0,0,0.30399607225180303
2026-07-28 13:30:00+00:00,1,0,0.28122322479570494
2026-07-28 13:35:00+00:00,0,0,0.27988540658927946
2026-07-28 13:40:00+00:00,0,0,0.2787313804225004
2026-07-28 13:45:00+00:00,0,0,0.3018671403103707
2026-07-28 14:05:00+00:00,0,0,0.26610945936495317
2026-07-28 14:10:00+00:00,0,0,0.2929717272934945
2026-07-28 14:20:00+00:00,0,0,0.3045707567813128
2026-07-28 14:25:00+00:00,0,0,0.3194385106619301
2026-07-28 14:30:00+00:00,0,0,0.2973894723357429
2026-07-28 14:35:00+00:00,0,0,0.2878154227743152
2026-07-28 14:40:00+00:00,0,0,0.3001653790383432
2026-07-28 14:45:00+00:00,0,0,0.3033271015639694
2026-07-28 14:50:00+00:00,0,0,0.333592356559982
2026-07-28 14:55:00+00:00,0,0,0.3423948619127471
2026-07-28 15:00:00+00:00,0,0,0.30909545617965206
2026-07-28 15:05:00+00:00,0,0,0.3438827733556447
2026-07-28 15:10:00+00:00,0,0,0.3863367766713607
2026-07-28 15:15:00+00:00,0,0,0.39226940632887514
2026-07-28 15:20:00+00:00,0,0,0.39534098604673246
2026-07-28 15:25:00+00:00,0,0,0.4121275722446508
2026-07-28 15:30:00+00:00,0,0,0.4615671127698628
2026-07-28 15:35:00+00:00,0,0,0.47528316647677404
2026-07-28 15:40:00+00:00,0,1,0.5650930812895476
2026-07-28 15:45:00+00:00,0,1,0.5677690517678673
2026-07-28 15:50:00+00:00,0,1,0.5117914515925213
2026-07-28 15:55:00+00:00,0,1,0.527321108509002
2026-07-28 16:00:00+00:00,0,1,0.5562905312682737
2026-07-28 16:05:00+00:00,0,1,0.5170290535401542
2026-07-28 16:10:00+00:00,0,1,0.5202871931396837
2026-07-28 16:15:00+00:00,0,1,0.522277745112817
2026-07-28 16:20:00+00:00,0,1,0.5147962912734245
2026-07-28 16:25:00+00:00,0,1,0.5095534114967779
2026-07-28 16:35:00+00:00,0,1,0.5082477910813785
2026-07-28 16:45:00+00:00,1,1,0.51921297688113
2026-07-28 16:50:00+00:00,1,1,0.5207916576513909
2026-07-28 16:55:00+00:00,1,1,0.5235185403204624
2026-07-28 17:00:00+00:00,1,0,0.45182961847181186
2026-07-28 17:05:00+00:00,0,0,0.4398906029356975
2026-07-28 17:10:00+00:00,0,0,0.49189556318055566
2026-07-28 17:15:00+00:00,0,0,0.43309798378986103
2026-07-28 17:20:00+00:00,0,0,0.4408328989937376
2026-07-28 17:25:00+00:00,0,0,0.4491021954354115
2026-07-28 17:30:00+00:00,0,0,0.40567436545777463
2026-07-28 17:35:00+00:00,0,0,0.4373841091015512
2026-07-28 17:40:00+00:00,0,0,0.43609897993591656
2026-07-28 17:45:00+00:00,0,0,0.4493095060222307
2026-07-28 17:50:00+00:00,0,0,0.45170668072496306
2026-07-28 17:55:00+00:00,0,0,0.4594081055554281
2026-07-28 18:00:00+00:00,0,1,0.5941390771843552
2026-07-28 18:05:00+00:00,0,1,0.6216204365283424
2026-07-28 18:10:00+00:00,0,1,0.7689361982483757
2026-07-28 18:15:00+00:00,0,1,0.7468346519637717
2026-07-28 18:20:00+00:00,0,1,0.6387957007942958
2026-07-28 18:25:00+00:00,0,1,0.6789337841577849
2026-07-28 18:35:00+00:00,0,1,0.6407247847393482
2026-07-28 18:40:00+00:00,1,1,0.6519273710057575
2026-07-28 18:45:00+00:00,1,1,0.6315931712998633
2026-07-28 18:50:00+00:00,1,1,0.6319587454940645
2026-07-28 18:55:00+00:00,1,1,0.6532906721712638
2026-07-28 19:00:00+00:00,1,1,0.6663048341474106
2026-07-28 19:05:00+00:00,1,1,0.6373209072218907
2026-07-28 19:10:00+00:00,1,1,0.6626980811485239
2026-07-28 19:15:00+00:00,1,1,0.666043855479156
2026-07-28 19:20:00+00:00,1,1,0.6943495139700239
2026-07-28 19:25:00+00:00,1,1,0.6725405130869238
2026-07-28 19:30:00+00:00,1,1,0.6973024594602579
2026-07-28 19:35:00+00:00,1,1,0.7368436795772195
2026-07-28 19:40:00+00:00,1,1,0.7385418713642092
2026-07-28 19:45:00+00:00,1,1,0.6268580597562621
2026-07-28 19:50:00+00:00,1,1,0.5847645646112066
2026-07-28 19:55:00+00:00,1,1,0.6353704072639522
2026-07-28 20:00:00+00:00,1,1,0.6659053581645972
2026-07-28 20:05:00+00:00,1,1,0.7039855582041251
2026-07-28 20:10:00+00:00,1,1,0.637140794486166
2026-07-28 20:15:00+00:00,1,1,0.6322980677071114
2026-07-28 20:20:00+00:00,1,1,0.5805273538518931
2026-07-28 20:25:00+00:00,1,1,0.5672451942048111
2026-07-28 20:30:00+00:00,1,1,0.5662199905364023
2026-07-28 20:35:00+00:00,1,1,0.5221061058619304
2026-07-28 20:40:00+00:00,1,1,0.5358510875210868
2026-07-28 20:45:00+00:00,1,1,0.5485023686786252
2026-07-28 20:50:00+00:00,1,1,0.5496150782082198
2026-07-28 20:55:00+00:00,1,1,0.5380783135601116
2026-07-28 21:00:00+00:00,1,1,0.5173708266620393
2026-07-28 21:05:00+00:00,1,1,0.5617250385463597
2026-07-28 21:10:00+00:00,1,1,0.5536709659694447
2026-07-28 21:15:00+00:00,1,1,0.5341640661246985
2026-07-28 21:20:00+00:00,1,0,0.38640499636179404
2026-07-28 21:25:00+00:00,1,0,0.3941750310897964
2026-07-28 21:30:00+00:00,1,0,0.4137863010063062
2026-07-28 21:35:00+00:00,1,0,0.47087117564745407
2026-07-28 21:40:00+00:00,1,0,0.3837066327835048
2026-07-28 21:45:00+00:00,0,0,0.4725921986092411
2026-07-28 21:50:00+00:00,0,0,0.43157435907178454
2026-07-28 22:00:00+00:00,1,0,0.4969215300348304
2026-07-28 22:05:00+00:00,1,0,0.47367619032499897
2026-07-28 22:15:00+00:00,1,1,0.5024361554582093
2026-07-28 22:20:00+00:00,1,0,0.49420914772788904
2026-07-28 22:25:00+00:00,1,0,0.348827307524643
2026-07-28 22:30:00+00:00,1,0,0.37618238230251966
2026-07-28 22:35:00+00:00,1,0,0.40067343640197084
2026-07-28 22:40:00+00:00,1,0,0.3796495579278411
2026-07-28 22:45:00+00:00,1,0,0.41757320194825587
2026-07-28 22:50:00+00:00,1,0,0.45996067891542936
2026-07-28 22:55:00+00:00,0,0,0.3576755641187484
2026-07-28 23:00:00+00:00,0,0,0.07545890858811473
2026-07-28 23:05:00+00:00,0,0,0.08450119902166739
2026-07-28 23:10:00+00:00,0,0,0.11621695039682654
2026-07-28 23:15:00+00:00,0,0,0.08901027198916152
2026-07-28 23:20:00+00:00,0,0,0.09921831949086383
2026-07-28 23:25:00+00:00,0,0,0.10085641923879028
2026-07-28 23:30:00+00:00,0,0,0.10777993090920138
2026-07-28 23:35:00+00:00,0,0,0.06475275333183422
2026-07-28 23:40:00+00:00,0,0,0.11051811847841483
2026-07-28 23:45:00+00:00,0,0,0.15305350237444543
2026-07-28 23:50:00+00:00,0,0,0.13507384099240988
2026-07-29 00:00:00+00:00,1,1,0.8183575900054474
2026-07-29 00:05:00+00:00,1,1,0.8296225013810616
2026-07-29 00:15:00+00:00,1,1,0.6864244178725983
2026-07-29 00:20:00+00:00,1,1,0.7129332455214723
2026-07-29 00:25:00+00:00,1,1,0.7798339125827359
2026-07-29 00:30:00+00:00,1,1,0.6999306611633116
2026-07-29 00:35:00+00:00,1,1,0.6849219548507531
2026-07-29 00:40:00+00:00,1,1,0.6528071197606491
2026-07-29 00:45:00+00:00,1,1,0.6473252096388896
2026-07-29 00:50:00+00:00,1,1,0.6010961204199972
2026-07-29 00:55:00+00:00,1,1,0.6282270693123728
2026-07-29 01:00:00+00:00,1,1,0.5882459546279689
2026-07-29 01:05:00+00:00,1,1,0.5677034217222015
2026-07-29 01:10:00+00:00,1,1,0.5537397874096891
2026-07-29 01:15:00+00:00,1,1,0.538258246164256
2026-07-29 01:25:00+00:00,1,1,0.5610354613357571
2026-07-29 01:30:00+00:00,1,1,0.5539418973305938
2026-07-29 01:35:00+00:00,1,1,0.5480421671107626
2026-07-29 01:50:00+00:00,1,1,0.528640641962431
2026-07-29 01:55:00+00:00,1,1,0.5158960805783214
2026-07-29 02:00:00+00:00,1,1,0.5036103582744633
2026-07-29 02:05:00+00:00,1,1,0.5706495445526055
2026-07-29 02:10:00+00:00,1,1,0.5998831308145984
2026-07-29 02:15:00+00:00,0,1,0.5681992260979045
2026-07-29 02:20:00+00:00,0,1,0.5874224189309003
2026-07-29 02:25:00+00:00,0,1,0.5503286317799857
2026-07-29 02:30:00+00:00,0,1,0.5727013110161038
2026-07-29 02:35:00+00:00,0,1,0.543234844041244
2026-07-29 02:40:00+00:00,0,1,0.5757256012731439
2026-07-29 02:45:00+00:00,0,1,0.5755672786207172
2026-07-29 02:50:00+00:00,0,1,0.5805680839480438
2026-07-29 02:55:00+00:00,0,1,0.5924891847780713
2026-07-29 03:00:00+00:00,0,1,0.6642853468621991
2026-07-29 03:05:00+00:00,0,1,0.6292037541884994
2026-07-29 03:10:00+00:00,0,1,0.6558728136094845
2026-07-29 03:15:00+00:00,0,1,0.6741250268212271
2026-07-29 03:20:00+00:00,0,1,0.6574803436415754
2026-07-29 03:25:00+00:00,0,1,0.6040151716730254
2026-07-29 03:30:00+00:00,0,1,0.6270486802612584
2026-07-29 03:35:00+00:00,0,1,0.7172031174953477
2026-07-29 03:45:00+00:00,0,1,0.681197094029555
2026-07-29 03:50:00+00:00,1,1,0.7241787010716739
2026-07-29 03:55:00+00:00,1,1,0.7128461534916363
2026-07-29 04:10:00+00:00,0,1,0.6213735483634594
2026-07-29 04:15:00+00:00,0,1,0.6254710446214052
2026-07-29 04:20:00+00:00,0,1,0.5786004849486392
2026-07-29 04:25:00+00:00,0,1,0.5598262944746972
2026-07-29 04:30:00+00:00,0,1,0.5765525032255958
2026-07-29 04:35:00+00:00,0,1,0.5451244502080296
2026-07-29 04:40:00+00:00,0,1,0.6083061771467224
2026-07-29 04:45:00+00:00,0,1,0.6215090261388805
2026-07-29 05:00:00+00:00,0,1,0.6062052060334465
2026-07-29 05:05:00+00:00,0,1,0.6103151650150541
2026-07-29 05:10:00+00:00,0,1,0.6126193419516135
2026-07-29 05:15:00+00:00,0,1,0.604774481242731
2026-07-29 05:20:00+00:00,0,1,0.6231120903451803
2026-07-29 05:25:00+00:00,0,1,0.5945249360207919
2026-07-29 05:30:00+00:00,0,1,0.6048602133476411
2026-07-29 05:35:00+00:00,0,1,0.6120235641799066
2026-07-29 05:40:00+00:00,0,1,0.6773734063182538
2026-07-29 05:45:00+00:00,0,1,0.591127127809697
2026-07-29 05:50:00+00:00,0,1,0.5093568704475857
2026-07-29 05:55:00+00:00,0,1,0.5528644593054184
2026-07-29 06:00:00+00:00,0,1,0.5282145081932211
2026-07-29 06:05:00+00:00,0,1,0.6126179790543318
2026-07-29 06:10:00+00:00,0,1,0.6444804770253016
2026-07-29 06:15:00+00:00,0,1,0.6486051101897679
2026-07-29 06:20:00+00:00,0,1,0.6257141500729174
2026-07-29 06:25:00+00:00,0,1,0.6238644484006017
2026-07-29 06:30:00+00:00,0,1,0.6447000344798818
2026-07-29 06:35:00+00:00,0,1,0.6044716743816207
2026-07-29 06:40:00+00:00,0,1,0.5576696490750005
2026-07-29 06:45:00+00:00,0,1,0.6226315269179596
2026-07-29 06:50:00+00:00,0,1,0.5375646156868041
2026-07-29 06:55:00+00:00,0,1,0.546432931331801
2026-07-29 07:00:00+00:00,0,1,0.661304494924547
2026-07-29 07:05:00+00:00,0,1,0.6769949948050176
2026-07-29 07:10:00+00:00,0,1,0.7085404958102616
2026-07-29 07:15:00+00:00,0,1,0.7017736855272614
2026-07-29 07:20:00+00:00,0,1,0.7017350789383151
2026-07-29 07:25:00+00:00,0,1,0.7599316005843083
2026-07-29 07:35:00+00:00,1,1,0.6666900861087519
2026-07-29 07:40:00+00:00,1,1,0.5741331533768428
2026-07-29 07:50:00+00:00,0,0,0.42039508388070257
2026-07-29 07:55:00+00:00,1,0,0.41217415806352026
2026-07-29 08:00:00+00:00,1,0,0.43537067541143265
2026-07-29 08:05:00+00:00,1,0,0.43657792113141247
2026-07-29 08:10:00+00:00,1,0,0.43066145493302205
2026-07-29 08:15:00+00:00,1,0,0.4182572032795681
2026-07-29 08:20:00+00:00,1,0,0.41884949906385144
2026-07-29 08:25:00+00:00,1,0,0.4135450471162335
2026-07-29 08:30:00+00:00,1,0,0.37708732702664927
2026-07-29 08:35:00+00:00,1,0,0.4212374652042218
2026-07-29 08:40:00+00:00,1,0,0.4151834451661796
2026-07-29 08:45:00+00:00,1,1,0.5027312983306613
2026-07-29 08:50:00+00:00,1,1,0.5323506247633469
2026-07-29 08:55:00+00:00,1,0,0.40928325188151654
2026-07-29 09:00:00+00:00,1,0,0.4604641158398312
2026-07-29 09:10:00+00:00,1,0,0.337995339596072
2026-07-29 09:15:00+00:00,1,0,0.35640339468535576
2026-07-29 09:20:00+00:00,1,0,0.40255686976786004
2026-07-29 09:25:00+00:00,1,0,0.4140533438112891
2026-07-29 09:30:00+00:00,1,0,0.40736791847591525
2026-07-29 09:40:00+00:00,1,0,0.40930919530196413
2026-07-29 09:45:00+00:00,1,0,0.3473170064156566
2026-07-29 09:50:00+00:00,1,0,0.3407467701452992
2026-07-29 09:55:00+00:00,1,0,0.4094240100176419
2026-07-29 10:00:00+00:00,1,0,0.40150531207268264
2026-07-29 10:05:00+00:00,1,0,0.38373774789785736
2026-07-29 10:10:00+00:00,1,0,0.436967056290166
2026-07-29 10:15:00+00:00,1,0,0.40585141754593734
2026-07-29 10:20:00+00:00,1,0,0.4201352972676496
2026-07-29 10:25:00+00:00,1,0,0.4070195032139641
2026-07-29 10:30:00+00:00,1,0,0.42949210295402934
2026-07-29 10:35:00+00:00,1,0,0.45590028333335675
2026-07-29 10:45:00+00:00,0,0,0.43094399092304375
2026-07-29 10:50:00+00:00,0,0,0.44015848346771996
2026-07-29 10:55:00+00:00,0,0,0.48182984997263717
2026-07-29 11:00:00+00:00,0,0,0.4037223556065333
2026-07-29 11:05:00+00:00,0,0,0.4672569118836377
2026-07-29 11:10:00+00:00,0,0,0.4727810007863369
2026-07-29 11:15:00+00:00,0,0,0.44055036014091287
2026-07-29 11:20:00+00:00,0,0,0.42519635622734797
2026-07-29 11:25:00+00:00,0,0,0.4212900730437782
2026-07-29 11:30:00+00:00,0,0,0.42933882875206203
2026-07-29 11:35:00+00:00,0,0,0.4272525466180121
2026-07-29 11:40:00+00:00,0,0,0.4588573781147503
2026-07-29 11:50:00+00:00,1,0,0.4786711343990482
2026-07-29 11:55:00+00:00,1,0,0.4891797559688612
2026-07-29 12:00:00+00:00,1,0,0.4801265654473684
2026-07-29 12:05:00+00:00,1,1,0.5249613448743605
2026-07-29 12:10:00+00:00,1,1,0.5216530845776262
2026-07-29 12:15:00+00:00,1,1,0.5338329600533162
2026-07-29 12:20:00+00:00,1,1,0.5585111907265282
2026-07-29 12:25:00+00:00,1,1,0.5601122766052032
2026-07-29 12:30:00+00:00,1,1,0.5843623421631351
2026-07-29 12:35:00+00:00,1,1,0.5118143972528835
2026-07-29 12:40:00+00:00,1,0,0.49353302383802183
2026-07-29 12:45:00+00:00,1,0,0.48746901310419744
2026-07-29 12:50:00+00:00,1,0,0.4815079749826955
2026-07-29 12:55:00+00:00,1,0,0.42874885955164926
2026-07-29 13:00:00+00:00,1,0,0.4435018542702389
2026-07-29 13:05:00+00:00,1,0,0.4660196181520192
2026-07-29 13:10:00+00:00,1,0,0.4198181365753359
2026-07-29 13:15:00+00:00,1,0,0.45025263627728296
2026-07-29 13:20:00+00:00,1,0,0.46108977203181495
2026-07-29 13:25:00+00:00,0,0,0.4714074827251408
2026-07-29 13:35:00+00:00,0,0,0.4426595680978279
2026-07-29 13:45:00+00:00,0,0,0.4937540955223551
2026-07-29 13:50:00+00:00,0,0,0.44370888488271243
2026-07-29 13:55:00+00:00,0,1,0.5242426558555932
2026-07-29 14:00:00+00:00,0,1,0.5222245195043016
2026-07-29 14:05:00+00:00,1,1,0.520400428364964
2026-07-29 14:10:00+00:00,1,1,0.514974124827256
2026-07-29 14:15:00+00:00,1,1,0.5278891298341493
2026-07-29 14:20:00+00:00,1,1,0.5331862258769368
2026-07-29 14:25:00+00:00,1,1,0.585592599742405
2026-07-29 14:30:00+00:00,1,1,0.5263519995718556
2026-07-29 14:35:00+00:00,1,1,0.5104308058474271
2026-07-29 14:40:00+00:00,1,1,0.5204830837223203
2026-07-29 14:45:00+00:00,1,1,0.5190010971662693
2026-07-29 14:50:00+00:00,1,1,0.5177534864491747
2026-07-29 14:55:00+00:00,1,1,0.6615142475550414
2026-07-29 15:00:00+00:00,1,1,0.6176477444919675
2026-07-29 15:05:00+00:00,1,1,0.6126341349731337
2026-07-29 15:10:00+00:00,1,1,0.576279584038129
2026-07-29 15:15:00+00:00,1,1,0.5021756178011348
2026-07-29 15:25:00+00:00,0,1,0.5402765476387565
2026-07-29 15:30:00+00:00,1,0,0.4646756600195211
2026-07-29 15:40:00+00:00,0,1,0.5275956421946033
2026-07-29 15:45:00+00:00,0,0,0.48121141164413583
2026-07-29 15:50:00+00:00,0,0,0.4650892720084815
2026-07-29 15:55:00+00:00,0,0,0.4589449319313321
2026-07-29 16:00:00+00:00,0,0,0.45570994980472496
2026-07-29 16:05:00+00:00,0,0,0.4880892289881551
2026-07-29 16:15:00+00:00,1,1,0.5384716159624431
2026-07-29 16:20:00+00:00,1,1,0.5276086392769552
2026-07-29 16:25:00+00:00,1,1,0.5034397731413635
2026-07-29 16:30:00+00:00,1,1,0.5354743797412913
2026-07-29 16:35:00+00:00,1,1,0.541129285969964
2026-07-29 16:40:00+00:00,1,1,0.5856342837166033
2026-07-29 16:45:00+00:00,1,1,0.580427267799276
2026-07-29 16:50:00+00:00,1,1,0.5386108247516164
2026-07-29 16:55:00+00:00,1,1,0.5302283046051915
2026-07-29 17:00:00+00:00,1,1,0.5248706622487135
2026-07-29 17:05:00+00:00,1,1,0.5131057682613951
2026-07-29 17:10:00+00:00,1,1,0.5453013988145914
2026-07-29 17:15:00+00:00,1,1,0.5955129179577535
2026-07-29 17:20:00+00:00,1,1,0.6215567850047912
2026-07-29 17:25:00+00:00,1,1,0.5940819724836333
2026-07-29 17:30:00+00:00,1,1,0.5981903339742778
2026-07-29 17:35:00+00:00,1,1,0.5879489975434307
2026-07-29 17:40:00+00:00,1,1,0.5661913961829504
2026-07-29 17:55:00+00:00,0,1,0.5017716440651799
2026-07-29 18:00:00+00:00,1,1,0.620202643256392
2026-07-29 18:05:00+00:00,1,1,0.5893403433896318
2026-07-29 18:10:00+00:00,1,1,0.5644765071868983
2026-07-29 18:15:00+00:00,1,1,0.5540683891321376
2026-07-29 18:20:00+00:00,1,1,0.5682982494715485
2026-07-29 18:25:00+00:00,1,1,0.5848312738395823
2026-07-29 18:30:00+00:00,1,1,0.5596807922179949
2026-07-29 18:35:00+00:00,1,1,0.57006125709473
2026-07-29 18:40:00+00:00,1,1,0.56332023156403
2026-07-29 18:45:00+00:00,1,1,0.564604892765481
2026-07-29 18:50:00+00:00,1,1,0.5334535758198052
2026-07-29 18:55:00+00:00,1,1,0.5315588983403666
2026-07-29 19:00:00+00:00,1,1,0.55325326706456
2026-07-29 19:05:00+00:00,0,0,0.49308615634900155
2026-07-29 19:10:00+00:00,0,1,0.5029700984298083
2026-07-29 19:15:00+00:00,0,0,0.4097402659574064
2026-07-29 19:20:00+00:00,0,0,0.4658681569129205
2026-07-29 19:25:00+00:00,0,0,0.2923232798143758
2026-07-29 19:30:00+00:00,0,0,0.46423158806669546
2026-07-29 19:35:00+00:00,0,0,0.24503794038495816
2026-07-29 19:40:00+00:00,0,0,0.2714578322867704
2026-07-29 19:45:00+00:00,0,0,0.31952472117906633
2026-07-29 19:50:00+00:00,0,0,0.27247274434474916
2026-07-29 19:55:00+00:00,0,0,0.27954724119994534
2026-07-29 20:00:00+00:00,0,0,0.276719623257833
2026-07-29 20:05:00+00:00,0,0,0.28359046721513875
2026-07-29 20:10:00+00:00,0,0,0.3331448386922797
2026-07-29 20:15:00+00:00,0,0,0.37468137369164056
2026-07-29 20:20:00+00:00,0,0,0.40174365044089955
2026-07-29 20:25:00+00:00,0,0,0.35503628018078115
2026-07-29 20:30:00+00:00,0,0,0.3864778701278227
2026-07-29 20:35:00+00:00,0,0,0.33109624796175324
2026-07-29 20:40:00+00:00,0,1,0.6102248029156385
2026-07-29 20:45:00+00:00,0,1,0.704554402427462
2026-07-29 20:50:00+00:00,0,1,0.729202132026444
2026-07-29 20:55:00+00:00,0,1,0.7383462203162636
2026-07-29 21:00:00+00:00,0,1,0.6084782847312454
2026-07-29 21:05:00+00:00,0,1,0.5530001618791797
2026-07-29 21:10:00+00:00,0,1,0.569345942448049
2026-07-29 21:15:00+00:00,0,1,0.5325811872875095
2026-07-29 21:20:00+00:00,0,1,0.5256735704143463
2026-07-29 21:25:00+00:00,0,1,0.5863440358903278
2026-07-29 21:30:00+00:00,0,0,0.4973940743448898
2026-07-29 21:35:00+00:00,0,1,0.6637453644758696
2026-07-29 21:40:00+00:00,0,1,0.6765387707247504
2026-07-29 21:45:00+00:00,1,1,0.6479426537240491
2026-07-29 21:50:00+00:00,1,1,0.6134164362361094
2026-07-29 21:55:00+00:00,1,1,0.6027336960429486
2026-07-29 22:00:00+00:00,1,1,0.6087290398439303
2026-07-29 22:05:00+00:00,1,1,0.6400061799996644
2026-07-29 22:10:00+00:00,1,1,0.616591949600877
2026-07-29 22:15:00+00:00,1,1,0.6315677428558295
2026-07-29 22:20:00+00:00,1,1,0.5841696697647796
2026-07-29 22:25:00+00:00,1,1,0.5893990013171342
2026-07-29 22:35:00+00:00,1,1,0.5456997003833767
2026-07-29 22:40:00+00:00,1,1,0.573796014851263
2026-07-29 22:45:00+00:00,1,1,0.5954854104257238
2026-07-29 22:55:00+00:00,0,0,0.4722538512534099
2026-07-29 23:00:00+00:00,0,0,0.17815414106461758
2026-07-29 23:05:00+00:00,0,0,0.18681267895743206
2026-07-29 23:10:00+00:00,0,0,0.12390510029244266
2026-07-29 23:15:00+00:00,0,0,0.12204191067899556
2026-07-29 23:20:00+00:00,0,0,0.14804895096559417
2026-07-29 23:25:00+00:00,0,0,0.1296687886711753
2026-07-29 23:30:00+00:00,0,0,0.14240551968948498
2026-07-29 23:35:00+00:00,0,0,0.1700440339299006
2026-07-29 23:40:00+00:00,0,0,0.21703918533011277
2026-07-29 23:45:00+00:00,0,0,0.2082869642943111
2026-07-29 23:50:00+00:00,0,0,0.18243350744714845
2026-07-30 00:05:00+00:00,1,1,0.612948259387523
2026-07-30 00:10:00+00:00,1,0,0.46502051905319874
2026-07-30 00:20:00+00:00,1,0,0.44243378669176603
2026-07-30 00:25:00+00:00,1,0,0.3922820416339805
2026-07-30 00:30:00+00:00,1,0,0.344663455073298
2026-07-30 00:35:00+00:00,1,0,0.2556808168430843
2026-07-30 00:40:00+00:00,1,0,0.3487250055584119
2026-07-30 00:45:00+00:00,1,0,0.26706158411583836
2026-07-30 00:50:00+00:00,1,0,0.339924045875859
2026-07-30 01:00:00+00:00,0,0,0.25042038118197535
2026-07-30 01:05:00+00:00,0,0,0.2064814319459927
2026-07-30 01:10:00+00:00,0,0,0.2512851765625033
2026-07-30 01:15:00+00:00,0,0,0.32912026384432774
2026-07-30 01:20:00+00:00,0,0,0.39568781865445535
2026-07-30 01:25:00+00:00,0,0,0.3844979936416522
2026-07-30 01:30:00+00:00,0,0,0.42486232572929333
2026-07-30 01:35:00+00:00,0,0,0.3770943522915244
2026-07-30 01:40:00+00:00,0,0,0.36468017854810314
2026-07-30 01:45:00+00:00,0,0,0.41895613857545116
2026-07-30 01:50:00+00:00,0,0,0.3894039210205465
2026-07-30 01:55:00+00:00,0,0,0.4009155309106607
2026-07-30 02:00:00+00:00,0,0,0.427171089152847
2026-07-30 02:05:00+00:00,0,0,0.37477023765018486
2026-07-30 02:10:00+00:00,0,0,0.33416116272908203
2026-07-30 02:15:00+00:00,0,0,0.3522390788002759
2026-07-30 02:20:00+00:00,0,0,0.429551471364935
2026-07-30 02:25:00+00:00,1,0,0.46154024075969247
2026-07-30 02:30:00+00:00,1,0,0.4685861013380872
2026-07-30 02:35:00+00:00,1,0,0.47443808099696305
2026-07-30 02:40:00+00:00,1,0,0.41368438154192383
2026-07-30 02:45:00+00:00,1,1,0.5682337435766357
2026-07-30 02:50:00+00:00,1,0,0.45021077216301947
2026-07-30 02:55:00+00:00,1,0,0.43487975709266474
2026-07-30 03:00:00+00:00,1,1,0.5492434954962844
2026-07-30 03:05:00+00:00,1,1,0.5644567463032262
2026-07-30 03:10:00+00:00,1,1,0.5627935068838257
2026-07-30 03:15:00+00:00,1,0,0.4403798123544324
2026-07-30 03:20:00+00:00,1,1,0.5183960770452992
2026-07-30 03:30:00+00:00,0,0,0.26852564004668766
2026-07-30 03:35:00+00:00,0,0,0.24250406374894604
2026-07-30 03:40:00+00:00,1,0,0.25066834857274833
2026-07-30 03:45:00+00:00,1,0,0.29042623617827446
2026-07-30 03:50:00+00:00,1,0,0.28520041889396675
2026-07-30 04:05:00+00:00,1,0,0.2678188806365956
2026-07-30 04:10:00+00:00,1,0,0.24499747972104266
2026-07-30 04:15:00+00:00,1,0,0.2681468136469463
2026-07-30 04:30:00+00:00,1,0,0.3477702375864624
2026-07-30 04:35:00+00:00,1,0,0.37201248509400786
2026-07-30 04:50:00+00:00,0,0,0.40918558868107374
2026-07-30 05:00:00+00:00,1,0,0.3964730339840549
2026-07-30 05:05:00+00:00,1,0,0.4006648859023132
2026-07-30 05:10:00+00:00,1,0,0.4126214277253817
2026-07-30 05:15:00+00:00,1,0,0.40207668606358765
2026-07-30 05:25:00+00:00,1,0,0.42453397994606956
2026-07-30 05:30:00+00:00,1,0,0.45153151092951416
2026-07-30 05:35:00+00:00,1,0,0.43762553919080527
2026-07-30 05:40:00+00:00,1,0,0.42185990271449664
2026-07-30 05:45:00+00:00,1,0,0.41140472024582864
2026-07-30 05:50:00+00:00,1,0,0.42378411393772186
2026-07-30 05:55:00+00:00,1,0,0.4749463718249663
2026-07-30 06:00:00+00:00,1,0,0.46597554157804605
2026-07-30 06:10:00+00:00,0,0,0.4955977005326594
2026-07-30 06:15:00+00:00,0,0,0.47290907252475894
2026-07-30 06:20:00+00:00,0,1,0.5178942034520839
2026-07-30 06:25:00+00:00,0,0,0.48146497664090476
2026-07-30 06:30:00+00:00,0,1,0.5161929834990535
2026-07-30 06:35:00+00:00,0,0,0.4940517768246597
2026-07-30 06:40:00+00:00,0,0,0.4990581518496359
2026-07-30 06:45:00+00:00,0,1,0.5005021338885184
2026-07-30 06:55:00+00:00,0,0,0.4969819114070971
2026-07-30 07:00:00+00:00,0,1,0.5214252594262078
2026-07-30 07:05:00+00:00,0,1,0.504105475842403
2026-07-30 07:10:00+00:00,0,1,0.5413164650934248
2026-07-30 07:25:00+00:00,1,1,0.6265409416438324
2026-07-30 07:30:00+00:00,1,1,0.6073324176337166
2026-07-30 07:35:00+00:00,1,1,0.594867679411679
2026-07-30 07:40:00+00:00,1,1,0.659759384036163
2026-07-30 07:45:00+00:00,1,1,0.5433262590147444
2026-07-30 07:50:00+00:00,1,1,0.6379301119799724
2026-07-30 07:55:00+00:00,1,1,0.6194067825275303
2026-07-30 08:00:00+00:00,1,1,0.6360090236423521
2026-07-30 08:05:00+00:00,1,1,0.6296562660912937
2026-07-30 08:10:00+00:00,1,1,0.6650559866721045
2026-07-30 08:15:00+00:00,1,1,0.6337019149739191
2026-07-30 08:20:00+00:00,1,1,0.629722772196672
2026-07-30 08:25:00+00:00,1,1,0.5331245450058113
2026-07-30 08:30:00+00:00,1,0,0.47142107246223197
2026-07-30 08:35:00+00:00,1,0,0.4458595601075751
2026-07-30 08:40:00+00:00,1,1,0.5096609064190776
2026-07-30 08:45:00+00:00,1,1,0.5685158368971819
2026-07-30 08:50:00+00:00,1,1,0.5656532451005228
2026-07-30 08:55:00+00:00,1,1,0.5962664617879909
2026-07-30 09:00:00+00:00,1,1,0.6319223950025468
2026-07-30 09:05:00+00:00,1,1,0.5073414393630239
2026-07-30 09:20:00+00:00,1,1,0.5897299752430823
2026-07-30 09:25:00+00:00,1,1,0.5268361409772175
2026-07-30 09:30:00+00:00,1,1,0.5860844256455557
2026-07-30 09:35:00+00:00,1,1,0.6059234133988567
2026-07-30 09:40:00+00:00,1,1,0.5462135616016521
2026-07-30 09:45:00+00:00,1,1,0.5677296848168359
2026-07-30 09:50:00+00:00,1,1,0.5401859001333196
2026-07-30 09:55:00+00:00,1,1,0.5446766175227039
2026-07-30 10:00:00+00:00,1,1,0.5305406514861998
2026-07-30 10:05:00+00:00,1,1,0.5342063160293244
2026-07-30 10:10:00+00:00,1,1,0.5442342117298804
2026-07-30 10:15:00+00:00,1,1,0.5256811230202623
2026-07-30 10:20:00+00:00,1,1,0.5681527709846135
2026-07-30 10:25:00+00:00,0,1,0.5292996921341498
2026-07-30 10:30:00+00:00,0,1,0.5244074957081075
2026-07-30 10:35:00+00:00,0,1,0.5296000286688819
2026-07-30 10:40:00+00:00,0,1,0.5059371369659577
2026-07-30 10:45:00+00:00,0,0,0.44810661825106096
2026-07-30 10:50:00+00:00,0,0,0.4405048711469374
2026-07-30 10:55:00+00:00,0,1,0.5137121284022013
2026-07-30 11:00:00+00:00,0,1,0.5166273837401416
2026-07-30 11:05:00+00:00,0,1,0.5373619145331231
2026-07-30 11:10:00+00:00,0,1,0.5525019848422661
2026-07-30 11:15:00+00:00,0,1,0.5340560464755519
2026-07-30 11:20:00+00:00,0,1,0.550414536314654
2026-07-30 11:25:00+00:00,0,1,0.5671651709912343
2026-07-30 11:30:00+00:00,0,1,0.5655111975137154
2026-07-30 11:35:00+00:00,0,1,0.5062363118251538
2026-07-30 11:40:00+00:00,0,1,0.585567593581333
2026-07-30 11:45:00+00:00,0,1,0.5428497404166638
2026-07-30 11:50:00+00:00,0,1,0.5404229272955282
2026-07-30 11:55:00+00:00,0,1,0.5309331541758195
2026-07-30 12:00:00+00:00,0,1,0.5830768671314379
2026-07-30 12:05:00+00:00,0,1,0.563096564005199
2026-07-30 12:10:00+00:00,0,1,0.5129382420695202
2026-07-30 12:15:00+00:00,0,1,0.5615224673855677
2026-07-30 12:20:00+00:00,0,1,0.5205522081811689
2026-07-30 12:25:00+00:00,0,1,0.518720540256931
2026-07-30 12:30:00+00:00,0,1,0.515591798783112
2026-07-30 12:35:00+00:00,0,0,0.4997084291184753
2026-07-30 12:40:00+00:00,0,1,0.540098955924267
2026-07-30 12:45:00+00:00,0,0,0.39059774659080143
2026-07-30 12:50:00+00:00,0,0,0.32604026757698035
2026-07-30 12:55:00+00:00,0,0,0.3516397591796613
2026-07-30 13:00:00+00:00,0,0,0.40538783385944116
2026-07-30 13:05:00+00:00,0,0,0.4030203172297706
2026-07-30 13:10:00+00:00,0,0,0.45083758554564984
2026-07-30 13:20:00+00:00,1,0,0.25646562005710866
2026-07-30 13:25:00+00:00,1,0,0.23545870621498763
2026-07-30 13:30:00+00:00,1,0,0.28544388764887046
2026-07-30 13:35:00+00:00,1,0,0.28605516836464245
2026-07-30 13:40:00+00:00,1,0,0.3247126571122049
2026-07-30 13:45:00+00:00,1,0,0.30825909965126774
2026-07-30 13:50:00+00:00,1,0,0.2926691252396616
2026-07-30 13:55:00+00:00,1,0,0.3007399223878313
2026-07-30 14:00:00+00:00,1,0,0.2403444635661864
2026-07-30 14:05:00+00:00,1,0,0.18710696269260163
2026-07-30 14:10:00+00:00,1,0,0.2286604750586653
2026-07-30 14:15:00+00:00,1,0,0.2038856957208524
2026-07-30 14:25:00+00:00,0,0,0.21347573578299697
2026-07-30 14:30:00+00:00,0,0,0.22551521963621526
2026-07-30 14:35:00+00:00,0,0,0.2274386308460645
2026-07-30 14:40:00+00:00,0,0,0.2348964280105996
2026-07-30 14:45:00+00:00,0,0,0.34158429853290895
2026-07-30 14:55:00+00:00,1,0,0.3481514747048838
2026-07-30 15:05:00+00:00,0,0,0.36328991881735123
2026-07-30 15:15:00+00:00,0,0,0.33821203633989017
2026-07-30 15:20:00+00:00,0,0,0.2893095526769633
2026-07-30 15:25:00+00:00,0,0,0.33929621933302034
2026-07-30 15:30:00+00:00,0,0,0.34954911648320625
2026-07-30 15:35:00+00:00,0,0,0.3088627575624299
2026-07-30 15:40:00+00:00,0,0,0.2844896600034396
2026-07-30 15:45:00+00:00,0,0,0.29044937132699766
2026-07-30 15:50:00+00:00,0,0,0.2792278072350275
2026-07-30 15:55:00+00:00,0,0,0.28640240656643773
2026-07-30 16:00:00+00:00,0,0,0.2484925490588625
2026-07-30 16:05:00+00:00,0,0,0.20137416329187743
2026-07-30 16:10:00+00:00,0,0,0.2139856656639469
2026-07-30 16:15:00+00:00,0,0,0.32064683607461564
2026-07-30 16:20:00+00:00,0,0,0.2970922302300817
2026-07-30 16:25:00+00:00,0,0,0.25665636759033683
2026-07-30 16:30:00+00:00,0,0,0.29077071962875284
2026-07-30 16:35:00+00:00,0,0,0.21517830347908992
2026-07-30 16:40:00+00:00,0,0,0.16015631231285185
2026-07-30 16:45:00+00:00,0,0,0.13514937924569534
2026-07-30 16:50:00+00:00,0,0,0.1916148302927403
2026-07-30 16:55:00+00:00,0,0,0.1943928605269578
2026-07-30 17:00:00+00:00,1,0,0.22892004031513788
2026-07-30 17:10:00+00:00,1,0,0.2250131196129654
2026-07-30 17:15:00+00:00,1,0,0.46703781018836216
2026-07-30 17:20:00+00:00,1,0,0.28216401580064854
2026-07-30 17:25:00+00:00,1,0,0.24883246669007048
2026-07-30 17:45:00+00:00,0,0,0.20911604946008922
2026-07-30 17:55:00+00:00,1,0,0.25793294422103374
2026-07-30 18:35:00+00:00,1,0,0.08819788063255497
2026-07-30 18:40:00+00:00,1,0,0.10229874100269515
2026-07-30 18:45:00+00:00,1,0,0.11298363485282475
2026-07-30 18:50:00+00:00,1,0,0.09101918524555876
2026-07-30 19:00:00+00:00,1,0,0.057515263718782524
2026-07-30 19:05:00+00:00,1,0,0.1256595100700166
2026-07-30 19:10:00+00:00,1,0,0.08894792050358186
2026-07-30 19:15:00+00:00,1,0,0.10490099540109582
2026-07-30 19:20:00+00:00,1,0,0.07624296774862384
2026-07-30 19:25:00+00:00,1,0,0.0886463828700694
2026-07-30 19:30:00+00:00,1,0,0.07655980515085542
2026-07-30 19:35:00+00:00,0,0,0.08647509622564381
2026-07-30 19:40:00+00:00,0,0,0.054281152379547115
2026-07-30 19:45:00+00:00,0,0,0.06391927304087668
2026-07-30 19:50:00+00:00,0,0,0.052893258786762654
2026-07-30 19:55:00+00:00,0,0,0.06916982007150815
2026-07-30 20:00:00+00:00,0,0,0.04969775993107502
2026-07-30 20:05:00+00:00,0,0,0.05795711064991723
2026-07-30 20:10:00+00:00,0,0,0.07981655004117644
2026-07-30 20:15:00+00:00,0,0,0.04905742989532777
2026-07-30 20:20:00+00:00,0,0,0.044790859498064516
2026-07-30 20:25:00+00:00,0,0,0.04964559065260928
2026-07-30 20:30:00+00:00,0,0,0.048749115150361844
2026-07-30 20:35:00+00:00,1,0,0.27172467996248123
2026-07-30 20:40:00+00:00,1,0,0.16986040600582233
2026-07-30 20:50:00+00:00,0,0,0.1142603733740817
2026-07-30 20:55:00+00:00,0,0,0.12695701660290934
2026-07-30 21:00:00+00:00,1,0,0.11476722026421453
2026-07-30 21:05:00+00:00,1,0,0.08604290355112618
2026-07-30 21:10:00+00:00,1,0,0.10732271326109356
2026-07-30 21:15:00+00:00,1,0,0.09244291092873258
2026-07-30 21:20:00+00:00,1,0,0.0570038706749982
2026-07-30 21:25:00+00:00,1,0,0.09132654210744548
2026-07-30 21:30:00+00:00,1,0,0.10137837222322542
2026-07-30 21:35:00+00:00,1,0,0.022737280685064816
2026-07-30 21:40:00+00:00,1,0,0.03586604933793478
2026-07-30 21:45:00+00:00,1,0,0.05328448521077414
2026-07-30 21:50:00+00:00,1,0,0.07572361232740137
2026-07-30 21:55:00+00:00,1,0,0.07385245959974598
2026-07-30 22:00:00+00:00,1,0,0.031673778131901274
2026-07-30 22:05:00+00:00,1,0,0.052300188925154825
2026-07-30 22:10:00+00:00,1,0,0.04580290124638851
2026-07-30 22:15:00+00:00,1,0,0.04959583644864066
2026-07-30 22:20:00+00:00,1,0,0.0399633115036892
2026-07-30 22:25:00+00:00,1,0,0.031224645463203523
2026-07-30 22:30:00+00:00,1,0,0.025859774511559474
2026-07-30 22:35:00+00:00,1,0,0.05588150254469615
2026-07-30 22:40:00+00:00,1,0,0.06699073978254841
2026-07-30 22:45:00+00:00,1,0,0.06948900794914668
2026-07-30 22:50:00+00:00,1,0,0.07964130159116624
2026-07-30 22:55:00+00:00,1,0,0.09997167677781232
2026-07-30 23:00:00+00:00,1,0,0.030228772368446098
2026-07-30 23:05:00+00:00,1,0,0.046419190088478786
2026-07-30 23:10:00+00:00,1,0,0.03718754308416027
2026-07-30 23:30:00+00:00,1,0,0.04764820871589866
2026-07-30 23:35:00+00:00,1,0,0.09365678447487646
2026-07-30 23:40:00+00:00,1,0,0.05782451928764599
2026-07-30 23:55:00+00:00,1,0,0.1396059124808015
2026-07-31 00:00:00+00:00,1,1,0.5191937854463967
2026-07-31 00:05:00+00:00,1,1,0.5817691710192184
2026-07-31 00:10:00+00:00,1,0,0.45974805787411177
2026-07-31 00:15:00+00:00,1,1,0.5113646159408972
2026-07-31 00:20:00+00:00,1,1,0.5100185921078465
2026-07-31 00:25:00+00:00,1,0,0.4259282253343309
2026-07-31 00:30:00+00:00,1,0,0.39753614345274474
2026-07-31 00:35:00+00:00,0,0,0.47275460845294204
2026-07-31 00:45:00+00:00,1,0,0.4638112337074375
2026-07-31 00:50:00+00:00,1,0,0.3426096081661462
2026-07-31 01:00:00+00:00,1,0,0.47238064277587793
2026-07-31 01:05:00+00:00,1,0,0.39670814928000414
2026-07-31 01:10:00+00:00,1,0,0.37733684001754236
2026-07-31 01:15:00+00:00,1,0,0.31736873758728446
2026-07-31 01:20:00+00:00,1,0,0.3457899281438737
2026-07-31 01:25:00+00:00,1,0,0.42658962668907746
2026-07-31 01:30:00+00:00,1,0,0.2957584353459811
2026-07-31 01:35:00+00:00,1,0,0.39419058140052016
2026-07-31 01:40:00+00:00,1,0,0.31826105501383134
2026-07-31 01:45:00+00:00,1,0,0.275931731752078
2026-07-31 01:50:00+00:00,1,0,0.30355467016209
2026-07-31 01:55:00+00:00,1,0,0.24549507965030914
2026-07-31 02:00:00+00:00,1,0,0.38120103232200686
2026-07-31 02:05:00+00:00,1,0,0.33406155007851
2026-07-31 02:10:00+00:00,1,0,0.2406854800137332
2026-07-31 02:15:00+00:00,1,0,0.18580494794591654
2026-07-31 02:20:00+00:00,1,0,0.18561496369674751
2026-07-31 02:25:00+00:00,1,0,0.20236820222134877
2026-07-31 02:30:00+00:00,1,0,0.22264116181014976
2026-07-31 02:35:00+00:00,1,0,0.10150589136341967
2026-07-31 02:40:00+00:00,1,0,0.12062758775985241
2026-07-31 02:45:00+00:00,1,0,0.09897965361022787
2026-07-31 02:50:00+00:00,1,0,0.12021895930495849
2026-07-31 02:55:00+00:00,1,0,0.14990883793779441
2026-07-31 03:00:00+00:00,1,0,0.14324331532289372
2026-07-31 03:05:00+00:00,1,0,0.13853274084812
2026-07-31 03:10:00+00:00,1,0,0.1827238354115771
2026-07-31 03:15:00+00:00,1,0,0.26900416198003274
2026-07-31 03:20:00+00:00,1,0,0.24622621932647068
2026-07-31 03:25:00+00:00,1,0,0.21632450367941494
2026-07-31 03:30:00+00:00,1,0,0.1471025572171933
2026-07-31 03:35:00+00:00,1,0,0.15602167070045858
2026-07-31 03:40:00+00:00,1,0,0.19190436392662127
2026-07-31 03:50:00+00:00,1,0,0.22924163547516282
2026-07-31 03:55:00+00:00,1,0,0.22136569820553276
2026-07-31 04:00:00+00:00,1,0,0.24805936050546798
2026-07-31 04:05:00+00:00,1,0,0.3099508399483872
2026-07-31 04:10:00+00:00,1,0,0.38494500119394437
2026-07-31 04:15:00+00:00,1,0,0.334486791209828
2026-07-31 04:20:00+00:00,1,0,0.3050493777961219
2026-07-31 04:25:00+00:00,1,0,0.2685707004666629
2026-07-31 04:45:00+00:00,0,0,0.15253136664518901
2026-07-31 04:50:00+00:00,0,0,0.159718033969597
2026-07-31 04:55:00+00:00,0,0,0.1760222560694973
2026-07-31 05:10:00+00:00,1,0,0.3138938901349077
2026-07-31 05:15:00+00:00,1,0,0.30956461441943095
2026-07-31 05:20:00+00:00,1,0,0.32248377968846154
2026-07-31 05:25:00+00:00,1,0,0.3188314537977307
2026-07-31 05:30:00+00:00,1,0,0.3117608921317524
2026-07-31 05:35:00+00:00,1,0,0.41885762412486666
2026-07-31 05:40:00+00:00,1,0,0.4016351284639106
2026-07-31 05:45:00+00:00,1,0,0.483086264800067
2026-07-31 05:50:00+00:00,1,0,0.3876479957705132
2026-07-31 05:55:00+00:00,1,0,0.4143919828518013
2026-07-31 06:05:00+00:00,1,0,0.34472763759115843
2026-07-31 06:10:00+00:00,0,0,0.3497336792657144
2026-07-31 06:15:00+00:00,0,0,0.2813151652053647
2026-07-31 06:20:00+00:00,0,0,0.2209134272231122
2026-07-31 06:25:00+00:00,0,0,0.23818210765135173
2026-07-31 06:35:00+00:00,1,0,0.369735598848115
2026-07-31 06:45:00+00:00,1,0,0.39306921612292983
2026-07-31 06:55:00+00:00,1,0,0.4027728665282392
2026-07-31 07:00:00+00:00,1,0,0.3870615816051638
2026-07-31 07:15:00+00:00,0,0,0.37960374877314507
2026-07-31 07:30:00+00:00,0,0,0.4627992285959964
2026-07-31 07:35:00+00:00,0,0,0.42679433772131387
2026-07-31 07:40:00+00:00,0,0,0.4906767848856151
2026-07-31 07:45:00+00:00,0,0,0.45078804973495135
2026-07-31 07:50:00+00:00,0,0,0.4443045760480753
2026-07-31 07:55:00+00:00,0,1,0.5219096769307154
2026-07-31 08:00:00+00:00,0,0,0.49676904675755523
2026-07-31 08:05:00+00:00,0,0,0.44884200601291596
2026-07-31 08:10:00+00:00,0,0,0.4160782105418605
2026-07-31 08:15:00+00:00,0,0,0.43949016673789815
2026-07-31 08:20:00+00:00,0,0,0.3470230394742959
2026-07-31 08:25:00+00:00,0,0,0.33097677510207163
2026-07-31 08:30:00+00:00,0,0,0.37523388401667873
2026-07-31 08:35:00+00:00,0,0,0.40349213375681514
2026-07-31 08:40:00+00:00,0,0,0.4395308966977988
2026-07-31 08:45:00+00:00,0,0,0.4093162306669065
2026-07-31 08:50:00+00:00,0,0,0.4823581847182946
2026-07-31 08:55:00+00:00,0,1,0.5431232293322851
2026-07-31 09:00:00+00:00,0,0,0.4977291464809605
2026-07-31 09:05:00+00:00,1,1,0.5675089321368644
2026-07-31 09:15:00+00:00,0,0,0.4342505327797707
2026-07-31 09:20:00+00:00,1,0,0.47447002923049714
2026-07-31 09:25:00+00:00,1,0,0.4175963621705934
2026-07-31 09:30:00+00:00,1,0,0.32875914270834294
2026-07-31 09:35:00+00:00,1,0,0.34638440741864585
2026-07-31 09:40:00+00:00,1,0,0.30634655522180965
2026-07-31 09:45:00+00:00,1,0,0.22897767063394053
2026-07-31 09:50:00+00:00,1,0,0.2522150731278636
2026-07-31 09:55:00+00:00,0,0,0.2435170425156945
2026-07-31 10:00:00+00:00,0,0,0.2569616174128814
2026-07-31 10:15:00+00:00,0,0,0.24511460153807757
2026-07-31 10:20:00+00:00,0,0,0.18452912277367858
2026-07-31 10:25:00+00:00,0,0,0.23584894143922536
2026-07-31 10:30:00+00:00,0,0,0.22982314722280206
2026-07-31 10:35:00+00:00,0,0,0.23160306180142798
2026-07-31 10:40:00+00:00,0,0,0.18671026187210513
2026-07-31 10:45:00+00:00,0,0,0.2868640103497854
2026-07-31 10:50:00+00:00,0,0,0.2392146092684074
2026-07-31 10:55:00+00:00,0,0,0.26038889822024275
2026-07-31 11:00:00+00:00,0,0,0.2945584939062302
2026-07-31 11:05:00+00:00,0,0,0.26681167265864214
2026-07-31 11:10:00+00:00,0,0,0.26177172136213706
2026-07-31 11:15:00+00:00,0,0,0.2504506825966
2026-07-31 11:20:00+00:00,0,0,0.2692450095122654
2026-07-31 11:25:00+00:00,0,0,0.23630688881745365
2026-07-31 11:30:00+00:00,0,0,0.30155117633375667
2026-07-31 11:35:00+00:00,0,0,0.2151057687599604
2026-07-31 11:40:00+00:00,0,0,0.22948644445972555
2026-07-31 11:45:00+00:00,0,0,0.304488853077818
2026-07-31 11:50:00+00:00,0,0,0.2224477138177416
2026-07-31 11:55:00+00:00,1,0,0.445670274630349
2026-07-31 12:00:00+00:00,1,0,0.26595539547566005
2026-07-31 12:05:00+00:00,1,0,0.259245342870394
2026-07-31 12:10:00+00:00,1,0,0.19587257372367672
2026-07-31 12:15:00+00:00,1,0,0.1813341305131223
2026-07-31 12:20:00+00:00,1,0,0.0863072011845233
2026-07-31 12:25:00+00:00,1,0,0.05322020032666087
2026-07-31 12:30:00+00:00,1,0,0.06537084250538902
2026-07-31 12:40:00+00:00,1,0,0.05878754385178824
2026-07-31 12:45:00+00:00,1,0,0.055249841234730625
2026-07-31 13:05:00+00:00,1,0,0.10168744861446917
2026-07-31 13:25:00+00:00,1,0,0.1237683398143435
2026-07-31 13:30:00+00:00,1,0,0.1637000532207672
2026-07-31 13:35:00+00:00,1,0,0.21740633516026547
2026-07-31 13:40:00+00:00,1,0,0.18786724698101592
2026-07-31 13:45:00+00:00,1,0,0.21609870702813566
2026-07-31 13:50:00+00:00,1,0,0.23397989372967967
2026-07-31 13:55:00+00:00,1,0,0.21994591345865772
2026-07-31 14:00:00+00:00,1,0,0.22822627086182762
2026-07-31 14:05:00+00:00,1,0,0.22692986364096956
2026-07-31 14:10:00+00:00,1,0,0.22267324057250415
2026-07-31 14:15:00+00:00,1,0,0.1585912700828289
2026-07-31 14:20:00+00:00,1,0,0.2813105494406059
2026-07-31 14:25:00+00:00,1,0,0.19553825855088117
2026-07-31 14:30:00+00:00,1,0,0.2813592681953256
2026-07-31 14:35:00+00:00,1,0,0.2009053746281785
2026-07-31 14:40:00+00:00,1,0,0.17860357998232543
2026-07-31 14:45:00+00:00,1,0,0.20047908049762653
2026-07-31 14:50:00+00:00,1,0,0.31869399264505593
2026-07-31 14:55:00+00:00,1,0,0.29894013050516266
2026-07-31 15:00:00+00:00,1,0,0.2423260805023621
2026-07-31 15:05:00+00:00,1,0,0.322631831877107
2026-07-31 15:10:00+00:00,1,0,0.3605347517061052
2026-07-31 15:15:00+00:00,1,0,0.342336095162472
2026-07-31 15:20:00+00:00,0,0,0.30074070534877967
2026-07-31 15:25:00+00:00,0,0,0.31078150231743423
2026-07-31 15:30:00+00:00,0,0,0.4541785435829745
2026-07-31 15:35:00+00:00,0,0,0.4490393164942518
2026-07-31 15:40:00+00:00,0,0,0.3419387860788365
2026-07-31 15:45:00+00:00,0,0,0.3014887069998017
2026-07-31 15:50:00+00:00,0,0,0.33200690861917986
2026-07-31 15:55:00+00:00,0,0,0.39334341832078445
2026-07-31 16:00:00+00:00,0,0,0.4027456367196832
2026-07-31 16:05:00+00:00,0,0,0.3851146708587581
2026-07-31 16:10:00+00:00,0,0,0.41613021862648986
2026-07-31 16:15:00+00:00,0,1,0.5328518738980569
2026-07-31 16:20:00+00:00,0,0,0.3697528753774617
2026-07-31 16:25:00+00:00,0,0,0.3042200830764581
2026-07-31 16:40:00+00:00,0,0,0.2278297470374672
2026-07-31 16:50:00+00:00,0,0,0.20671499300614646
2026-07-31 16:55:00+00:00,0,0,0.19317244285998975
2026-07-31 17:05:00+00:00,0,0,0.25621021935482957
2026-07-31 17:10:00+00:00,0,0,0.14152332488555236
2026-07-31 17:25:00+00:00,1,0,0.13829363672805275
2026-07-31 17:35:00+00:00,0,0,0.1016407702403647
2026-07-31 17:40:00+00:00,0,0,0.09991004513368504
2026-07-31 17:45:00+00:00,0,0,0.11148901552872895
2026-07-31 17:50:00+00:00,0,0,0.1494827975348927
2026-07-31 18:00:00+00:00,0,0,0.12257078011217983
2026-07-31 18:05:00+00:00,1,0,0.10170593906416424
2026-07-31 18:25:00+00:00,0,0,0.08805703321085417
2026-07-31 18:30:00+00:00,0,0,0.12009716565617685
2026-07-31 18:50:00+00:00,1,0,0.17422072329135677
2026-07-31 18:55:00+00:00,1,0,0.2654504576942947
2026-07-31 19:00:00+00:00,1,0,0.1800019031310576
2026-07-31 19:05:00+00:00,1,0,0.22142377881517897
2026-07-31 19:10:00+00:00,1,0,0.18980662370711704
2026-07-31 19:15:00+00:00,1,0,0.23464148565689513
2026-07-31 19:25:00+00:00,0,0,0.21165388217386522
2026-07-31 19:30:00+00:00,0,0,0.21897990952188168
2026-07-31 19:35:00+00:00,0,0,0.20237890471340567
2026-07-31 19:40:00+00:00,0,0,0.17805316170123522
2026-07-31 19:45:00+00:00,0,0,0.183798478474453
2026-07-31 19:50:00+00:00,0,0,0.18560476477011356
2026-07-31 19:55:00+00:00,0,0,0.16067171260258126
2026-07-31 20:00:00+00:00,0,0,0.09782040272164319
2026-07-31 20:05:00+00:00,0,0,0.15910656004043763
2026-07-31 20:10:00+00:00,0,0,0.15753763632184747
2026-07-31 20:15:00+00:00,0,0,0.14118531415708582
2026-07-31 20:20:00+00:00,0,0,0.21037069492644025
2026-07-31 20:25:00+00:00,1,0,0.20734234246757396
2026-07-31 20:30:00+00:00,1,0,0.17963359660910405
2026-07-31 20:35:00+00:00,1,0,0.40108686290641105
2026-07-31 20:40:00+00:00,1,0,0.3454818436018187
2026-07-31 20:45:00+00:00,1,0,0.24893173569084637
2026-07-31 20:50:00+00:00,1,0,0.3726990215625263
2026-07-31 20:55:00+00:00,1,0,0.184840458578868
2026-07-31 21:00:00+00:00,1,0,0.10588383917795013
2026-07-31 21:05:00+00:00,1,0,0.08620910663409424
2026-07-31 21:10:00+00:00,1,0,0.0541540322058075
2026-07-31 21:15:00+00:00,1,0,0.06761574293603383
2026-07-31 21:20:00+00:00,1,0,0.08038723782301098
2026-07-31 21:25:00+00:00,1,0,0.03775396855231404
2026-07-31 21:30:00+00:00,1,0,0.04140290863055301
2026-07-31 21:35:00+00:00,1,0,0.04831194713061859
2026-07-31 21:40:00+00:00,1,0,0.07918174970631582
2026-07-31 21:55:00+00:00,1,0,0.14881965341146922
2026-07-31 22:00:00+00:00,1,0,0.15754431886566608
2026-07-31 22:05:00+00:00,0,0,0.11457110056516093
2026-07-31 22:10:00+00:00,0,0,0.21247945636746093
2026-07-31 22:15:00+00:00,0,0,0.24734898137730982
2026-07-31 22:20:00+00:00,0,0,0.25733830268526203
2026-07-31 22:25:00+00:00,0,0,0.19449321223635194
2026-07-31 22:30:00+00:00,0,0,0.21094340030674688
2026-07-31 22:35:00+00:00,0,0,0.2088370988396503
2026-07-31 22:40:00+00:00,0,0,0.30897288012653884
2026-07-31 22:45:00+00:00,0,0,0.2928689600800351
2026-07-31 22:50:00+00:00,0,0,0.19146591538833224
2026-07-31 22:55:00+00:00,0,0,0.2349658246590264
2026-07-31 23:00:00+00:00,0,0,0.4796802063055477
2026-07-31 23:05:00+00:00,0,0,0.4291399063063678
2026-07-31 23:10:00+00:00,0,0,0.41931898230071646
2026-07-31 23:15:00+00:00,0,1,0.5798822372959502
2026-07-31 23:20:00+00:00,0,1,0.5867296181826555
2026-07-31 23:25:00+00:00,0,1,0.5872820831625812
2026-07-31 23:30:00+00:00,0,1,0.6017789340045363
2026-07-31 23:35:00+00:00,0,1,0.6524987560177083
2026-07-31 23:40:00+00:00,0,0,0.4696881482006863
2026-07-31 23:45:00+00:00,0,0,0.45590943295840425
2026-07-31 23:50:00+00:00,0,0,0.45967978601762005
2026-08-03 00:05:00+00:00,0,1,0.6905585950110407
2026-08-03 00:10:00+00:00,0,1,0.6128763750305601
2026-08-03 00:15:00+00:00,0,1,0.7145329512731988
2026-08-03 00:20:00+00:00,0,1,0.7661983615406555
2026-08-03 00:25:00+00:00,0,1,0.7991299045501941
2026-08-03 00:35:00+00:00,0,1,0.7751286224133531
2026-08-03 00:40:00+00:00,0,1,0.7462718504400059
2026-08-03 00:45:00+00:00,0,1,0.5357455778421265
2026-08-03 00:50:00+00:00,0,0,0.4375979314453274
2026-08-03 00:55:00+00:00,0,1,0.6325234471317299
2026-08-03 01:05:00+00:00,1,1,0.5111186832829157
2026-08-03 01:10:00+00:00,1,0,0.4802028900623617
2026-08-03 01:15:00+00:00,1,0,0.37170195858768207
2026-08-03 01:20:00+00:00,1,0,0.20277160964093469
2026-08-03 01:25:00+00:00,1,0,0.33440187111094666
2026-08-03 01:30:00+00:00,1,0,0.1725209428052178
2026-08-03 01:35:00+00:00,1,0,0.3241060420260938
2026-08-03 01:40:00+00:00,1,0,0.2815532490186513
2026-08-03 01:45:00+00:00,1,0,0.4522343378834231
2026-08-03 01:50:00+00:00,1,0,0.48465774236794334
2026-08-03 01:55:00+00:00,1,0,0.17578451110018242
2026-08-03 02:00:00+00:00,1,0,0.4002460200463075
2026-08-03 02:05:00+00:00,1,0,0.11574306791640215
2026-08-03 02:10:00+00:00,1,0,0.08881699738771393
2026-08-03 02:20:00+00:00,0,0,0.10635354964863868
2026-08-03 02:25:00+00:00,0,0,0.11107130545609883
2026-08-03 02:30:00+00:00,0,0,0.1327973776324813
2026-08-03 02:35:00+00:00,0,0,0.3092885803923622
2026-08-03 02:40:00+00:00,0,0,0.2942642483906495
2026-08-03 02:45:00+00:00,0,0,0.36315671000679206
2026-08-03 02:50:00+00:00,0,0,0.3419199107543756
2026-08-03 02:55:00+00:00,0,0,0.45410993525172877
2026-08-03 03:00:00+00:00,0,1,0.5164515356972676
2026-08-03 03:05:00+00:00,0,1,0.5424806237254992
2026-08-03 03:10:00+00:00,0,1,0.5298556709974555
2026-08-03 03:15:00+00:00,0,0,0.4414265370195415
2026-08-03 03:20:00+00:00,0,1,0.5493920770341314
2026-08-03 03:25:00+00:00,0,1,0.6843906737566996
2026-08-03 03:30:00+00:00,1,1,0.7041318327208261
2026-08-03 03:35:00+00:00,1,1,0.668240261242963
2026-08-03 03:40:00+00:00,1,1,0.7007916749888542
2026-08-03 03:45:00+00:00,1,1,0.6288589216713978
2026-08-03 03:50:00+00:00,1,1,0.626702122845398
2026-08-03 03:55:00+00:00,1,1,0.6702622406572136
2026-08-03 04:00:00+00:00,1,1,0.6127219600558795
2026-08-03 04:05:00+00:00,1,1,0.5624000572998842
2026-08-03 04:10:00+00:00,1,1,0.5866606566710552
2026-08-03 04:15:00+00:00,1,1,0.5420826039240842
2026-08-03 04:20:00+00:00,1,0,0.493093055579883
2026-08-03 04:25:00+00:00,1,1,0.5541716952800341
2026-08-03 04:35:00+00:00,0,0,0.19705500522247846
2026-08-03 04:45:00+00:00,1,0,0.35545030892163926
2026-08-03 04:50:00+00:00,1,0,0.2785201538666189
2026-08-03 04:55:00+00:00,1,0,0.29677637631893505
2026-08-03 05:00:00+00:00,1,0,0.22545687792876662
2026-08-03 05:30:00+00:00,1,0,0.22714393480054726
2026-08-03 05:35:00+00:00,1,0,0.33400733547640565
2026-08-03 05:40:00+00:00,1,0,0.22819251819551717
2026-08-03 05:50:00+00:00,1,0,0.22806577597930136
2026-08-03 06:00:00+00:00,0,0,0.21172856874430288
2026-08-03 06:05:00+00:00,0,0,0.2722548347425081
2026-08-03 06:10:00+00:00,0,1,0.5165444930959232
2026-08-03 06:35:00+00:00,0,1,0.5143147875291318
2026-08-03 06:40:00+00:00,0,0,0.4781727085939523
2026-08-03 06:45:00+00:00,0,1,0.5047074969781218
2026-08-03 06:50:00+00:00,0,1,0.5864461780974266
2026-08-03 06:55:00+00:00,0,1,0.6682356735138988
2026-08-03 07:25:00+00:00,0,1,0.6175841666084525
2026-08-03 07:30:00+00:00,0,1,0.5513872275393134
2026-08-03 07:35:00+00:00,1,1,0.5789420812508183
2026-08-03 07:50:00+00:00,0,1,0.5766136161215727
2026-08-03 07:55:00+00:00,0,1,0.6192492880140298
2026-08-03 08:00:00+00:00,0,1,0.5799820172196599
2026-08-03 08:20:00+00:00,1,1,0.6116777932924112
2026-08-03 08:25:00+00:00,1,1,0.6152737794456524
2026-08-03 08:30:00+00:00,1,1,0.6501392524653666
2026-08-03 08:35:00+00:00,1,1,0.656275134342274
2026-08-03 08:40:00+00:00,1,1,0.6711463130396252
2026-08-03 08:45:00+00:00,1,1,0.6679796898576961
2026-08-03 08:50:00+00:00,1,1,0.63796797324257
2026-08-03 08:55:00+00:00,1,1,0.5810128140669811
2026-08-03 09:00:00+00:00,1,1,0.686233152743261
2026-08-03 09:05:00+00:00,1,1,0.6665674449447021
2026-08-03 09:10:00+00:00,1,1,0.6567479931792813
2026-08-03 09:15:00+00:00,1,1,0.6129308118123579
2026-08-03 09:30:00+00:00,0,1,0.5066346314638401
2026-08-03 09:35:00+00:00,0,0,0.4185768143063069
2026-08-03 09:45:00+00:00,0,1,0.5287425748591085
2026-08-03 09:50:00+00:00,0,1,0.5832896663661983
2026-08-03 10:05:00+00:00,1,1,0.5687370090658993
2026-08-03 10:10:00+00:00,1,0,0.46265429728281005
2026-08-03 10:15:00+00:00,1,1,0.5176569891690932
2026-08-03 10:20:00+00:00,1,1,0.500864904572487
2026-08-03 10:25:00+00:00,1,0,0.47079631538233696
2026-08-03 10:30:00+00:00,1,1,0.5141037530525808
2026-08-03 10:35:00+00:00,1,0,0.45155616168838353
2026-08-03 10:40:00+00:00,1,0,0.4188734876491357
2026-08-03 10:45:00+00:00,1,0,0.38188527384620485
2026-08-03 10:50:00+00:00,1,0,0.43126426270947804
2026-08-03 10:55:00+00:00,1,0,0.3832225447621821
2026-08-03 11:00:00+00:00,1,0,0.35708965205613064
2026-08-03 11:05:00+00:00,1,0,0.40604949274395774
2026-08-03 11:10:00+00:00,1,0,0.4283761067468762
2026-08-03 11:15:00+00:00,1,0,0.48591920237344755
2026-08-03 11:20:00+00:00,1,0,0.4759965398070348
2026-08-03 11:25:00+00:00,1,0,0.42529734291646526
2026-08-03 11:30:00+00:00,1,0,0.4599078677762936
2026-08-03 11:35:00+00:00,1,0,0.4259461182767563
2026-08-03 11:40:00+00:00,1,0,0.29650178087274015
2026-08-03 11:45:00+00:00,1,0,0.28387747508996247
2026-08-03 11:50:00+00:00,1,0,0.36673240316596856
2026-08-03 11:55:00+00:00,1,0,0.3908252029210705
2026-08-03 12:00:00+00:00,1,0,0.3997508988002591
2026-08-03 12:20:00+00:00,1,0,0.4062896139368162
2026-08-03 12:25:00+00:00,0,0,0.4381564544524521
2026-08-03 12:30:00+00:00,0,0,0.48520429878637655
2026-08-03 12:35:00+00:00,0,0,0.49371958508875946
2026-08-03 12:40:00+00:00,0,0,0.4506327134435514
2026-08-03 12:50:00+00:00,0,0,0.39293448707362977
2026-08-03 12:55:00+00:00,0,0,0.3316688263396644
2026-08-03 13:00:00+00:00,0,0,0.32111126293950404
2026-08-03 13:05:00+00:00,0,0,0.31611744232907363
2026-08-03 13:10:00+00:00,0,0,0.3155400909142473
2026-08-03 13:15:00+00:00,0,0,0.38959950926676873
2026-08-03 13:20:00+00:00,0,0,0.4328675387859455
2026-08-03 13:35:00+00:00,1,1,0.5398139691363104
2026-08-03 13:45:00+00:00,0,1,0.5481875988239686
2026-08-03 13:50:00+00:00,0,0,0.4334655137594712
2026-08-03 13:55:00+00:00,0,1,0.536686956732117
2026-08-03 14:00:00+00:00,0,0,0.4652629007586421
2026-08-03 14:05:00+00:00,0,1,0.5508326655265781
2026-08-03 14:10:00+00:00,0,1,0.5722452162636065
2026-08-03 14:15:00+00:00,0,1,0.5452254858897407
2026-08-03 14:20:00+00:00,0,1,0.5206796321976759
2026-08-03 14:25:00+00:00,0,1,0.5425416576340054
2026-08-03 14:30:00+00:00,0,1,0.5481113156018709
2026-08-03 14:35:00+00:00,0,1,0.5426537480741987
2026-08-03 14:40:00+00:00,0,1,0.5635095697132245
2026-08-03 14:45:00+00:00,0,1,0.5562821733715395
2026-08-03 14:55:00+00:00,1,1,0.5872778560392549
2026-08-03 15:00:00+00:00,1,1,0.5743587562036166
2026-08-03 15:05:00+00:00,1,1,0.5220227002072244
2026-08-03 15:10:00+00:00,1,1,0.5684655461388275
2026-08-03 15:15:00+00:00,0,1,0.5580283472102975
2026-08-03 15:20:00+00:00,0,1,0.518109001306597
2026-08-03 15:25:00+00:00,0,1,0.5310384365138835
2026-08-03 15:30:00+00:00,0,1,0.5364670983353008
2026-08-03 15:35:00+00:00,0,0,0.4488400906359908
2026-08-03 15:40:00+00:00,0,0,0.3270118369333375
2026-08-03 15:45:00+00:00,0,0,0.3784034043760818
2026-08-03 15:50:00+00:00,0,0,0.4641035987818335
2026-08-03 15:55:00+00:00,0,0,0.4567899328909627
2026-08-03 16:00:00+00:00,0,1,0.5066061102714712
2026-08-03 16:05:00+00:00,0,1,0.5038026866988387
2026-08-03 16:10:00+00:00,0,1,0.5213098599454078
2026-08-03 16:15:00+00:00,0,0,0.48558538180320227
2026-08-03 16:20:00+00:00,0,0,0.41551517802862664
2026-08-03 16:25:00+00:00,1,0,0.47169744638835925
2026-08-03 16:30:00+00:00,1,1,0.5433451469579531
2026-08-03 16:35:00+00:00,1,0,0.49030520282834955
2026-08-03 16:40:00+00:00,1,1,0.5525013387805692
